annotation_id,query_id,job_id,query_text,job_title,company,system_relevance_grade,annotator_1_grade,annotator_2_grade,adjudicated_grade,guideline
20260607_sbert_final_validation-ann-0001,sbert-v2-profile-04200,sbert-v2-job-e7cd95e2b00ebe551529,"Mahasiswa atau early-career candidate untuk Backend di domain software development. Memiliki minat pada machine_learning backend business_analysis data_analysis, pengalaman proyek digital, dan mencari lowongan yang sesuai skill inti.",Software Engineer - Backend,cardless,3,,,,"grade 0=irrelevant, 1=marginal, 2=relevant, 3=highly relevant"
20260607_sbert_final_validation-ann-0002,sbert-v2-profile-04200,sbert-v2-job-27c0d6cbe2c00289cbdb,"Mahasiswa atau early-career candidate untuk Backend di domain software development. Memiliki minat pada machine_learning backend business_analysis data_analysis, pengalaman proyek digital, dan mencari lowongan yang sesuai skill inti.","Senior Manager, Accounting",applied,0,,,,"grade 0=irrelevant, 1=marginal, 2=relevant, 3=highly relevant"
20260607_sbert_final_validation-ann-0003,sbert-v2-profile-04200,sbert-v2-job-fa01dd2dd64d90480e6c,"Mahasiswa atau early-career candidate untuk Backend di domain software development. Memiliki minat pada machine_learning backend business_analysis data_analysis, pengalaman proyek digital, dan mencari lowongan yang sesuai skill inti.","Senior Manager, B2B Marketing",a-place-for-mom,0,,,,"grade 0=irrelevant, 1=marginal, 2=relevant, 3=highly relevant"
20260607_sbert_final_validation-ann-0004,sbert-v2-profile-04200,sbert-v2-job-60da1689958b2410942e,"Mahasiswa atau early-career candidate untuk Backend di domain software development. Memiliki minat pada machine_learning backend business_analysis data_analysis, pengalaman proyek digital, dan mencari lowongan yang sesuai skill inti.",Media Application Engineer,42dot,0,,,,"grade 0=irrelevant, 1=marginal, 2=relevant, 3=highly relevant"
20260607_sbert_final_validation-ann-0005,sbert-v2-profile-04200,sbert-v2-job-7415a363fe29b708b3c8,"Mahasiswa atau early-career candidate untuk Backend di domain software development. Memiliki minat pada machine_learning backend business_analysis data_analysis, pengalaman proyek digital, dan mencari lowongan yang sesuai skill inti.",Software Engineer – Autonomy Stack,applied,0,,,,"grade 0=irrelevant, 1=marginal, 2=relevant, 3=highly relevant"
20260607_sbert_final_validation-ann-0006,sbert-v2-profile-04200,sbert-v2-job-225f6095d59b2b54815f,"Mahasiswa atau early-career candidate untuk Backend di domain software development. Memiliki minat pada machine_learning backend business_analysis data_analysis, pengalaman proyek digital, dan mencari lowongan yang sesuai skill inti.",Deployment manager / Project manager,Resilience Care,0,,,,"grade 0=irrelevant, 1=marginal, 2=relevant, 3=highly relevant"
20260607_sbert_final_validation-ann-0007,sbert-v2-profile-04200,sbert-v2-job-ff9797a42d8e554729d9,"Mahasiswa atau early-career candidate untuk Backend di domain software development. Memiliki minat pada machine_learning backend business_analysis data_analysis, pengalaman proyek digital, dan mencari lowongan yang sesuai skill inti.","Engineering Manager, Connectivity",anrok,0,,,,"grade 0=irrelevant, 1=marginal, 2=relevant, 3=highly relevant"
20260607_sbert_final_validation-ann-0008,sbert-v2-profile-04200,sbert-v2-job-35085ddccb426c69932d,"Mahasiswa atau early-career candidate untuk Backend di domain software development. Memiliki minat pada machine_learning backend business_analysis data_analysis, pengalaman proyek digital, dan mencari lowongan yang sesuai skill inti.",Senior Data Engineer,clickup,1,,,,"grade 0=irrelevant, 1=marginal, 2=relevant, 3=highly relevant"
20260607_sbert_final_validation-ann-0009,sbert-v2-profile-04200,sbert-v2-job-4e74ee66b0b8b1167183,"Mahasiswa atau early-career candidate untuk Backend di domain software development. Memiliki minat pada machine_learning backend business_analysis data_analysis, pengalaman proyek digital, dan mencari lowongan yang sesuai skill inti.",CRM Manager,bitstack,1,,,,"grade 0=irrelevant, 1=marginal, 2=relevant, 3=highly relevant"
20260607_sbert_final_validation-ann-0010,sbert-v2-profile-04200,sbert-v2-job-f434f3c7cb447ccd1517,"Mahasiswa atau early-career candidate untuk Backend di domain software development. Memiliki minat pada machine_learning backend business_analysis data_analysis, pengalaman proyek digital, dan mencari lowongan yang sesuai skill inti.",Founding Account Executive,august,1,,,,"grade 0=irrelevant, 1=marginal, 2=relevant, 3=highly relevant"
20260607_sbert_final_validation-ann-0011,sbert-v2-profile-04200,sbert-v2-job-3f753b5436588121e99c,"Mahasiswa atau early-career candidate untuk Backend di domain software development. Memiliki minat pada machine_learning backend business_analysis data_analysis, pengalaman proyek digital, dan mencari lowongan yang sesuai skill inti.","Sales Executive - Germany (Remote, Contract - South Africa)",anyvan,1,,,,"grade 0=irrelevant, 1=marginal, 2=relevant, 3=highly relevant"
20260607_sbert_final_validation-ann-0012,sbert-v2-profile-04201,sbert-v2-job-c8303599ec5006a86994,"Mahasiswa atau early-career candidate untuk Ui Ux Product di domain software development. Memiliki minat pada machine_learning business_analysis data_analysis it_support, pengalaman proyek digital, dan mencari lowongan yang sesuai skill inti.",Manufacturing Operations Supervisor,base-power,3,,,,"grade 0=irrelevant, 1=marginal, 2=relevant, 3=highly relevant"
20260607_sbert_final_validation-ann-0013,sbert-v2-profile-04201,sbert-v2-job-daf63a1676fa62e5899d,"Mahasiswa atau early-career candidate untuk Ui Ux Product di domain software development. Memiliki minat pada machine_learning business_analysis data_analysis it_support, pengalaman proyek digital, dan mencari lowongan yang sesuai skill inti.",Account Development Representative - Future Openings Talent Pool,camunda,0,,,,"grade 0=irrelevant, 1=marginal, 2=relevant, 3=highly relevant"
20260607_sbert_final_validation-ann-0014,sbert-v2-profile-04201,sbert-v2-job-33e131526a39fe53e9a0,"Mahasiswa atau early-career candidate untuk Ui Ux Product di domain software development. Memiliki minat pada machine_learning business_analysis data_analysis it_support, pengalaman proyek digital, dan mencari lowongan yang sesuai skill inti.",Account Manager,anima,0,,,,"grade 0=irrelevant, 1=marginal, 2=relevant, 3=highly relevant"
20260607_sbert_final_validation-ann-0015,sbert-v2-profile-04201,sbert-v2-job-412cdb372311dfa5833d,"Mahasiswa atau early-career candidate untuk Ui Ux Product di domain software development. Memiliki minat pada machine_learning business_analysis data_analysis it_support, pengalaman proyek digital, dan mencari lowongan yang sesuai skill inti.",Senior Account Executive (Enterprise),artemis,0,,,,"grade 0=irrelevant, 1=marginal, 2=relevant, 3=highly relevant"
20260607_sbert_final_validation-ann-0016,sbert-v2-profile-04201,sbert-v2-job-98ca64340722a15a183d,"Mahasiswa atau early-career candidate untuk Ui Ux Product di domain software development. Memiliki minat pada machine_learning business_analysis data_analysis it_support, pengalaman proyek digital, dan mencari lowongan yang sesuai skill inti.",Senior Machine Learning Engineer,bjakcareer,0,,,,"grade 0=irrelevant, 1=marginal, 2=relevant, 3=highly relevant"
20260607_sbert_final_validation-ann-0017,sbert-v2-profile-04201,sbert-v2-job-8cece8409cb608af55bc,"Mahasiswa atau early-career candidate untuk Ui Ux Product di domain software development. Memiliki minat pada machine_learning business_analysis data_analysis it_support, pengalaman proyek digital, dan mencari lowongan yang sesuai skill inti.",Business Operations,cardless,0,,,,"grade 0=irrelevant, 1=marginal, 2=relevant, 3=highly relevant"
20260607_sbert_final_validation-ann-0018,sbert-v2-profile-04201,sbert-v2-job-b1bdfa787b70aab81263,"Mahasiswa atau early-career candidate untuk Ui Ux Product di domain software development. Memiliki minat pada machine_learning business_analysis data_analysis it_support, pengalaman proyek digital, dan mencari lowongan yang sesuai skill inti.","Director, Product Marketing (Payment, Platform)",airwallex,0,,,,"grade 0=irrelevant, 1=marginal, 2=relevant, 3=highly relevant"
20260607_sbert_final_validation-ann-0019,sbert-v2-profile-04201,sbert-v2-job-2686cbd4f18cceeb1337,"Mahasiswa atau early-career candidate untuk Ui Ux Product di domain software development. Memiliki minat pada machine_learning business_analysis data_analysis it_support, pengalaman proyek digital, dan mencari lowongan yang sesuai skill inti.","Software Engineer, Infra",amperos,1,,,,"grade 0=irrelevant, 1=marginal, 2=relevant, 3=highly relevant"
20260607_sbert_final_validation-ann-0020,sbert-v2-profile-04201,sbert-v2-job-a49024881273726ff0ea,"Mahasiswa atau early-career candidate untuk Ui Ux Product di domain software development. Memiliki minat pada machine_learning business_analysis data_analysis it_support, pengalaman proyek digital, dan mencari lowongan yang sesuai skill inti.",Senior Account Executive,antithesis,1,,,,"grade 0=irrelevant, 1=marginal, 2=relevant, 3=highly relevant"
20260607_sbert_final_validation-ann-0021,sbert-v2-profile-04201,sbert-v2-job-cb4718073c61a23f7417,"Mahasiswa atau early-career candidate untuk Ui Ux Product di domain software development. Memiliki minat pada machine_learning business_analysis data_analysis it_support, pengalaman proyek digital, dan mencari lowongan yang sesuai skill inti.",Senior Mechanical Engineer,42dot,1,,,,"grade 0=irrelevant, 1=marginal, 2=relevant, 3=highly relevant"
20260607_sbert_final_validation-ann-0022,sbert-v2-profile-04201,sbert-v2-job-220b0c4219dd3671f1c3,"Mahasiswa atau early-career candidate untuk Ui Ux Product di domain software development. Memiliki minat pada machine_learning business_analysis data_analysis it_support, pengalaman proyek digital, dan mencari lowongan yang sesuai skill inti.","Sales Associate (Part-Time), Washington DC",Ridealso,1,,,,"grade 0=irrelevant, 1=marginal, 2=relevant, 3=highly relevant"
20260607_sbert_final_validation-ann-0023,sbert-v2-profile-04202,sbert-v2-job-be2020f020e1c64fce52,"Mahasiswa atau early-career candidate untuk Ui Ux Product di domain data ai. Memiliki minat pada machine_learning business_analysis data_analysis it_support, pengalaman proyek digital, dan mencari lowongan yang sesuai skill inti.",Corporate Paralegal,barnes,3,,,,"grade 0=irrelevant, 1=marginal, 2=relevant, 3=highly relevant"
20260607_sbert_final_validation-ann-0024,sbert-v2-profile-04202,sbert-v2-job-767208cc626dab1de380,"Mahasiswa atau early-career candidate untuk Ui Ux Product di domain data ai. Memiliki minat pada machine_learning business_analysis data_analysis it_support, pengalaman proyek digital, dan mencari lowongan yang sesuai skill inti.",Staff Software Developer,confluent,0,,,,"grade 0=irrelevant, 1=marginal, 2=relevant, 3=highly relevant"
20260607_sbert_final_validation-ann-0025,sbert-v2-profile-04202,sbert-v2-job-9e8e78f6d6c3cfe2c022,"Mahasiswa atau early-career candidate untuk Ui Ux Product di domain data ai. Memiliki minat pada machine_learning business_analysis data_analysis it_support, pengalaman proyek digital, dan mencari lowongan yang sesuai skill inti.",MA - Worcester - RN Case Manager,abby-care,0,,,,"grade 0=irrelevant, 1=marginal, 2=relevant, 3=highly relevant"
20260607_sbert_final_validation-ann-0026,sbert-v2-profile-04202,sbert-v2-job-e662619c4cc3404510e4,"Mahasiswa atau early-career candidate untuk Ui Ux Product di domain data ai. Memiliki minat pada machine_learning business_analysis data_analysis it_support, pengalaman proyek digital, dan mencari lowongan yang sesuai skill inti.",ブランド & マーケティング,citadel-ai,0,,,,"grade 0=irrelevant, 1=marginal, 2=relevant, 3=highly relevant"
20260607_sbert_final_validation-ann-0027,sbert-v2-profile-04202,sbert-v2-job-6c846c14194c68ad954e,"Mahasiswa atau early-career candidate untuk Ui Ux Product di domain data ai. Memiliki minat pada machine_learning business_analysis data_analysis it_support, pengalaman proyek digital, dan mencari lowongan yang sesuai skill inti.",Marketing & Communications Designer,aven,0,,,,"grade 0=irrelevant, 1=marginal, 2=relevant, 3=highly relevant"
20260607_sbert_final_validation-ann-0028,sbert-v2-profile-04202,sbert-v2-job-eb96769248e6c3f30595,"Mahasiswa atau early-career candidate untuk Ui Ux Product di domain data ai. Memiliki minat pada machine_learning business_analysis data_analysis it_support, pengalaman proyek digital, dan mencari lowongan yang sesuai skill inti.",BRAIINS FORGE: Konstruktér 3D,braiins,0,,,,"grade 0=irrelevant, 1=marginal, 2=relevant, 3=highly relevant"
20260607_sbert_final_validation-ann-0029,sbert-v2-profile-04202,sbert-v2-job-83ae0571e108c700132d,"Mahasiswa atau early-career candidate untuk Ui Ux Product di domain data ai. Memiliki minat pada machine_learning business_analysis data_analysis it_support, pengalaman proyek digital, dan mencari lowongan yang sesuai skill inti.",Senior Project Manager (Connected service),42dot,0,,,,"grade 0=irrelevant, 1=marginal, 2=relevant, 3=highly relevant"
20260607_sbert_final_validation-ann-0030,sbert-v2-profile-04202,sbert-v2-job-e65c7747f11300cc6949,"Mahasiswa atau early-career candidate untuk Ui Ux Product di domain data ai. Memiliki minat pada machine_learning business_analysis data_analysis it_support, pengalaman proyek digital, dan mencari lowongan yang sesuai skill inti.",Product & Business Operations Associate,blossom-health,1,,,,"grade 0=irrelevant, 1=marginal, 2=relevant, 3=highly relevant"
20260607_sbert_final_validation-ann-0031,sbert-v2-profile-04202,sbert-v2-job-d063ad6584ed25ca3feb,"Mahasiswa atau early-career candidate untuk Ui Ux Product di domain data ai. Memiliki minat pada machine_learning business_analysis data_analysis it_support, pengalaman proyek digital, dan mencari lowongan yang sesuai skill inti.",Marketing Communications and Production Specialist,billups,1,,,,"grade 0=irrelevant, 1=marginal, 2=relevant, 3=highly relevant"
20260607_sbert_final_validation-ann-0032,sbert-v2-profile-04202,sbert-v2-job-51976a1749ec71667117,"Mahasiswa atau early-career candidate untuk Ui Ux Product di domain data ai. Memiliki minat pada machine_learning business_analysis data_analysis it_support, pengalaman proyek digital, dan mencari lowongan yang sesuai skill inti.",Venture Manager,almedia,1,,,,"grade 0=irrelevant, 1=marginal, 2=relevant, 3=highly relevant"
20260607_sbert_final_validation-ann-0033,sbert-v2-profile-04202,sbert-v2-job-e87483dda4915b1ef6b8,"Mahasiswa atau early-career candidate untuk Ui Ux Product di domain data ai. Memiliki minat pada machine_learning business_analysis data_analysis it_support, pengalaman proyek digital, dan mencari lowongan yang sesuai skill inti.",Receiving Associate (Houston),base-power,1,,,,"grade 0=irrelevant, 1=marginal, 2=relevant, 3=highly relevant"
20260607_sbert_final_validation-ann-0034,sbert-v2-profile-04203,sbert-v2-job-5ee105346995c7775324,"Mahasiswa atau early-career candidate untuk Data Analysis di domain software development. Memiliki minat pada data_analysis machine_learning business_analysis cybersecurity, pengalaman proyek digital, dan mencari lowongan yang sesuai skill inti.",Data Full Stack,alan,3,,,,"grade 0=irrelevant, 1=marginal, 2=relevant, 3=highly relevant"
20260607_sbert_final_validation-ann-0035,sbert-v2-profile-04203,sbert-v2-job-f209daae727b9d3c4710,"Mahasiswa atau early-career candidate untuk Data Analysis di domain software development. Memiliki minat pada data_analysis machine_learning business_analysis cybersecurity, pengalaman proyek digital, dan mencari lowongan yang sesuai skill inti.",Key Account Manager 🇧🇪 (Dutch speaking),alan,0,,,,"grade 0=irrelevant, 1=marginal, 2=relevant, 3=highly relevant"
20260607_sbert_final_validation-ann-0036,sbert-v2-profile-04203,sbert-v2-job-256e043c760a6b142536,"Mahasiswa atau early-career candidate untuk Data Analysis di domain software development. Memiliki minat pada data_analysis machine_learning business_analysis cybersecurity, pengalaman proyek digital, dan mencari lowongan yang sesuai skill inti.","Keyholder, University Village",away,0,,,,"grade 0=irrelevant, 1=marginal, 2=relevant, 3=highly relevant"
20260607_sbert_final_validation-ann-0037,sbert-v2-profile-04203,sbert-v2-job-805ccf29295bd25af899,"Mahasiswa atau early-career candidate untuk Data Analysis di domain software development. Memiliki minat pada data_analysis machine_learning business_analysis cybersecurity, pengalaman proyek digital, dan mencari lowongan yang sesuai skill inti.",Head of Disputes,cardless,0,,,,"grade 0=irrelevant, 1=marginal, 2=relevant, 3=highly relevant"
20260607_sbert_final_validation-ann-0038,sbert-v2-profile-04203,sbert-v2-job-99f25cd776d1c7e8ad3b,"Mahasiswa atau early-career candidate untuk Data Analysis di domain software development. Memiliki minat pada data_analysis machine_learning business_analysis cybersecurity, pengalaman proyek digital, dan mencari lowongan yang sesuai skill inti.",Mechanical Build Engineer,amca,0,,,,"grade 0=irrelevant, 1=marginal, 2=relevant, 3=highly relevant"
20260607_sbert_final_validation-ann-0039,sbert-v2-profile-04203,sbert-v2-job-6167a107d5dadb198013,"Mahasiswa atau early-career candidate untuk Data Analysis di domain software development. Memiliki minat pada data_analysis machine_learning business_analysis cybersecurity, pengalaman proyek digital, dan mencari lowongan yang sesuai skill inti.",Senior Site Reliability Engineer,clickup,0,,,,"grade 0=irrelevant, 1=marginal, 2=relevant, 3=highly relevant"
20260607_sbert_final_validation-ann-0040,sbert-v2-profile-04203,sbert-v2-job-38c916509a138b55a729,"Mahasiswa atau early-career candidate untuk Data Analysis di domain software development. Memiliki minat pada data_analysis machine_learning business_analysis cybersecurity, pengalaman proyek digital, dan mencari lowongan yang sesuai skill inti.","Senior Manager, Enterprise Security",abridge,0,,,,"grade 0=irrelevant, 1=marginal, 2=relevant, 3=highly relevant"
20260607_sbert_final_validation-ann-0041,sbert-v2-profile-04203,sbert-v2-job-77986a28011a452e328c,"Mahasiswa atau early-career candidate untuk Data Analysis di domain software development. Memiliki minat pada data_analysis machine_learning business_analysis cybersecurity, pengalaman proyek digital, dan mencari lowongan yang sesuai skill inti.",Head of Demand Generation,ashby,1,,,,"grade 0=irrelevant, 1=marginal, 2=relevant, 3=highly relevant"
20260607_sbert_final_validation-ann-0042,sbert-v2-profile-04203,sbert-v2-job-f6603d950a89702d245a,"Mahasiswa atau early-career candidate untuk Data Analysis di domain software development. Memiliki minat pada data_analysis machine_learning business_analysis cybersecurity, pengalaman proyek digital, dan mencari lowongan yang sesuai skill inti.","Director, Mid-Market Sales",avoca,1,,,,"grade 0=irrelevant, 1=marginal, 2=relevant, 3=highly relevant"
20260607_sbert_final_validation-ann-0043,sbert-v2-profile-04203,sbert-v2-job-4b3702787a089968b715,"Mahasiswa atau early-career candidate untuk Data Analysis di domain software development. Memiliki minat pada data_analysis machine_learning business_analysis cybersecurity, pengalaman proyek digital, dan mencari lowongan yang sesuai skill inti.",Enterprise Marketing Manager,bobyard,1,,,,"grade 0=irrelevant, 1=marginal, 2=relevant, 3=highly relevant"
20260607_sbert_final_validation-ann-0044,sbert-v2-profile-04203,sbert-v2-job-3d34bffdd43aba5b1aea,"Mahasiswa atau early-career candidate untuk Data Analysis di domain software development. Memiliki minat pada data_analysis machine_learning business_analysis cybersecurity, pengalaman proyek digital, dan mencari lowongan yang sesuai skill inti.",Executive Assistant to the CEO,Foundational Industries,1,,,,"grade 0=irrelevant, 1=marginal, 2=relevant, 3=highly relevant"
20260607_sbert_final_validation-ann-0045,sbert-v2-profile-04204,sbert-v2-job-9ab59c70eccd3533fce6,"Mahasiswa atau early-career candidate untuk Machine Learning di domain software development. Memiliki minat pada machine_learning cloud data_analysis cybersecurity, pengalaman proyek digital, dan mencari lowongan yang sesuai skill inti.",Sr. Machine Learning Engineer — ML/AI Team,a-place-for-mom,3,,,,"grade 0=irrelevant, 1=marginal, 2=relevant, 3=highly relevant"
20260607_sbert_final_validation-ann-0046,sbert-v2-profile-04204,sbert-v2-job-37b327c6709032ad79f0,"Mahasiswa atau early-career candidate untuk Machine Learning di domain software development. Memiliki minat pada machine_learning cloud data_analysis cybersecurity, pengalaman proyek digital, dan mencari lowongan yang sesuai skill inti.",Healthcare Account Executive - Seattle,a-place-for-mom,0,,,,"grade 0=irrelevant, 1=marginal, 2=relevant, 3=highly relevant"
20260607_sbert_final_validation-ann-0047,sbert-v2-profile-04204,sbert-v2-job-e5088c20d182cbd5536f,"Mahasiswa atau early-career candidate untuk Machine Learning di domain software development. Memiliki minat pada machine_learning cloud data_analysis cybersecurity, pengalaman proyek digital, dan mencari lowongan yang sesuai skill inti.",Assistant Accountant,airtasker,0,,,,"grade 0=irrelevant, 1=marginal, 2=relevant, 3=highly relevant"
20260607_sbert_final_validation-ann-0048,sbert-v2-profile-04204,sbert-v2-job-8e6cc39a12a9c5a2709e,"Mahasiswa atau early-career candidate untuk Machine Learning di domain software development. Memiliki minat pada machine_learning cloud data_analysis cybersecurity, pengalaman proyek digital, dan mencari lowongan yang sesuai skill inti.",Attorney,atticus,0,,,,"grade 0=irrelevant, 1=marginal, 2=relevant, 3=highly relevant"
20260607_sbert_final_validation-ann-0049,sbert-v2-profile-04204,sbert-v2-job-cd8aa95ee839a50f46b0,"Mahasiswa atau early-career candidate untuk Machine Learning di domain software development. Memiliki minat pada machine_learning cloud data_analysis cybersecurity, pengalaman proyek digital, dan mencari lowongan yang sesuai skill inti.","Regional Sales Director, Commercial",braintrust,0,,,,"grade 0=irrelevant, 1=marginal, 2=relevant, 3=highly relevant"
20260607_sbert_final_validation-ann-0050,sbert-v2-profile-04204,sbert-v2-job-86ddb4ec2e485bc17bd3,"Mahasiswa atau early-career candidate untuk Machine Learning di domain software development. Memiliki minat pada machine_learning cloud data_analysis cybersecurity, pengalaman proyek digital, dan mencari lowongan yang sesuai skill inti.","AI/ML Engineer, Deployed",brainco,1,,,,"grade 0=irrelevant, 1=marginal, 2=relevant, 3=highly relevant"
20260607_sbert_final_validation-ann-0051,sbert-v2-profile-04204,sbert-v2-job-5399f066c6ca7f20c02b,"Mahasiswa atau early-career candidate untuk Machine Learning di domain software development. Memiliki minat pada machine_learning cloud data_analysis cybersecurity, pengalaman proyek digital, dan mencari lowongan yang sesuai skill inti.",Scientist - Ensemble Structural Informatics,astera,1,,,,"grade 0=irrelevant, 1=marginal, 2=relevant, 3=highly relevant"
20260607_sbert_final_validation-ann-0052,sbert-v2-profile-04204,sbert-v2-job-4d8b601e240b0aa54a11,"Mahasiswa atau early-career candidate untuk Machine Learning di domain software development. Memiliki minat pada machine_learning cloud data_analysis cybersecurity, pengalaman proyek digital, dan mencari lowongan yang sesuai skill inti.",Enterprise Account Executive,cambio,1,,,,"grade 0=irrelevant, 1=marginal, 2=relevant, 3=highly relevant"
20260607_sbert_final_validation-ann-0053,sbert-v2-profile-04204,sbert-v2-job-f1536eeeaefc551bf5c8,"Mahasiswa atau early-career candidate untuk Machine Learning di domain software development. Memiliki minat pada machine_learning cloud data_analysis cybersecurity, pengalaman proyek digital, dan mencari lowongan yang sesuai skill inti.","Vice President, Strategic Finance",atomic,1,,,,"grade 0=irrelevant, 1=marginal, 2=relevant, 3=highly relevant"
20260607_sbert_final_validation-ann-0054,sbert-v2-profile-04205,sbert-v2-job-497525f9deea1b2ce787,"Mahasiswa atau early-career candidate untuk Cloud Devops di domain software development. Memiliki minat pada cloud machine_learning business_analysis it_support, pengalaman proyek digital, dan mencari lowongan yang sesuai skill inti.",Senior Cloud Architect (Technical) (Multiple),cloudscaler,3,,,,"grade 0=irrelevant, 1=marginal, 2=relevant, 3=highly relevant"
20260607_sbert_final_validation-ann-0055,sbert-v2-profile-04205,sbert-v2-job-c10137db647f2d12f080,"Mahasiswa atau early-career candidate untuk Cloud Devops di domain software development. Memiliki minat pada cloud machine_learning business_analysis it_support, pengalaman proyek digital, dan mencari lowongan yang sesuai skill inti.",Central Business Development Manager - Asset Finance,allica-bank,0,,,,"grade 0=irrelevant, 1=marginal, 2=relevant, 3=highly relevant"
20260607_sbert_final_validation-ann-0056,sbert-v2-profile-04205,sbert-v2-job-967e5c2c5d7247805946,"Mahasiswa atau early-career candidate untuk Cloud Devops di domain software development. Memiliki minat pada cloud machine_learning business_analysis it_support, pengalaman proyek digital, dan mencari lowongan yang sesuai skill inti.",Customer Success Manager,artisan,0,,,,"grade 0=irrelevant, 1=marginal, 2=relevant, 3=highly relevant"
20260607_sbert_final_validation-ann-0057,sbert-v2-profile-04205,sbert-v2-job-ecad6f37010068cbafc0,"Mahasiswa atau early-career candidate untuk Cloud Devops di domain software development. Memiliki minat pada cloud machine_learning business_analysis it_support, pengalaman proyek digital, dan mencari lowongan yang sesuai skill inti.",AI Engineer,cytora.com,1,,,,"grade 0=irrelevant, 1=marginal, 2=relevant, 3=highly relevant"
20260607_sbert_final_validation-ann-0058,sbert-v2-profile-04205,sbert-v2-job-db6cb92885e0efc47985,"Mahasiswa atau early-career candidate untuk Cloud Devops di domain software development. Memiliki minat pada cloud machine_learning business_analysis it_support, pengalaman proyek digital, dan mencari lowongan yang sesuai skill inti.",Enterprise Account Executive - East,cloudzero,1,,,,"grade 0=irrelevant, 1=marginal, 2=relevant, 3=highly relevant"
20260607_sbert_final_validation-ann-0059,sbert-v2-profile-04205,sbert-v2-job-324ccb0daa1359a714c0,"Mahasiswa atau early-career candidate untuk Cloud Devops di domain software development. Memiliki minat pada cloud machine_learning business_analysis it_support, pengalaman proyek digital, dan mencari lowongan yang sesuai skill inti.",Initiativbewerbung,buildlinx,1,,,,"grade 0=irrelevant, 1=marginal, 2=relevant, 3=highly relevant"
20260607_sbert_final_validation-ann-0060,sbert-v2-profile-04205,sbert-v2-job-7b0622e113f6966fb309,"Mahasiswa atau early-career candidate untuk Cloud Devops di domain software development. Memiliki minat pada cloud machine_learning business_analysis it_support, pengalaman proyek digital, dan mencari lowongan yang sesuai skill inti.","Mobile Dog Groomer - Charleston, SC",barkbus,1,,,,"grade 0=irrelevant, 1=marginal, 2=relevant, 3=highly relevant"
20260607_sbert_final_validation-ann-0061,sbert-v2-profile-04206,sbert-v2-job-9ab8fb2c4a3ad46a63ba,"Mahasiswa atau early-career candidate untuk Frontend di domain software development. Memiliki minat pada frontend machine_learning javascript data_analysis, pengalaman proyek digital, dan mencari lowongan yang sesuai skill inti.",Apprenticeship - Actuarial Success Manager (ASM),akur8,3,,,,"grade 0=irrelevant, 1=marginal, 2=relevant, 3=highly relevant"
20260607_sbert_final_validation-ann-0062,sbert-v2-profile-04206,sbert-v2-job-55d28d089c8ccaf1b93b,"Mahasiswa atau early-career candidate untuk Frontend di domain software development. Memiliki minat pada frontend machine_learning javascript data_analysis, pengalaman proyek digital, dan mencari lowongan yang sesuai skill inti.",Web Maintenance Project Manager,Blacksmith Agency,0,,,,"grade 0=irrelevant, 1=marginal, 2=relevant, 3=highly relevant"
20260607_sbert_final_validation-ann-0063,sbert-v2-profile-04206,sbert-v2-job-c4365ec1784b800b81a7,"Mahasiswa atau early-career candidate untuk Frontend di domain software development. Memiliki minat pada frontend machine_learning javascript data_analysis, pengalaman proyek digital, dan mencari lowongan yang sesuai skill inti.",Founding Clinician- Endocrinology,3y-health,0,,,,"grade 0=irrelevant, 1=marginal, 2=relevant, 3=highly relevant"
20260607_sbert_final_validation-ann-0064,sbert-v2-profile-04206,sbert-v2-job-ffbbf9375edc64aea1ae,"Mahasiswa atau early-career candidate untuk Frontend di domain software development. Memiliki minat pada frontend machine_learning javascript data_analysis, pengalaman proyek digital, dan mencari lowongan yang sesuai skill inti.",Legal Administrative Assistant,barnes,1,,,,"grade 0=irrelevant, 1=marginal, 2=relevant, 3=highly relevant"
20260607_sbert_final_validation-ann-0065,sbert-v2-profile-04207,sbert-v2-job-de8782fbb073ec70ede0,"Mahasiswa atau early-career candidate untuk Data Analysis di domain data ai. Memiliki minat pada data_analysis machine_learning business_analysis digital_marketing, pengalaman proyek digital, dan mencari lowongan yang sesuai skill inti.",Client Success Executive,centivo,3,,,,"grade 0=irrelevant, 1=marginal, 2=relevant, 3=highly relevant"
20260607_sbert_final_validation-ann-0066,sbert-v2-profile-04207,sbert-v2-job-1d74db9dbb8bce9a5358,"Mahasiswa atau early-career candidate untuk Data Analysis di domain data ai. Memiliki minat pada data_analysis machine_learning business_analysis digital_marketing, pengalaman proyek digital, dan mencari lowongan yang sesuai skill inti.","Software Engineer, GenAI",abridge,0,,,,"grade 0=irrelevant, 1=marginal, 2=relevant, 3=highly relevant"
20260607_sbert_final_validation-ann-0067,sbert-v2-profile-04207,sbert-v2-job-c69e9f032c09f85e5732,"Mahasiswa atau early-career candidate untuk Data Analysis di domain data ai. Memiliki minat pada data_analysis machine_learning business_analysis digital_marketing, pengalaman proyek digital, dan mencari lowongan yang sesuai skill inti.",Legal Analyst,9fin,0,,,,"grade 0=irrelevant, 1=marginal, 2=relevant, 3=highly relevant"
20260607_sbert_final_validation-ann-0068,sbert-v2-profile-04207,sbert-v2-job-8e7bde649cf349bf28f4,"Mahasiswa atau early-career candidate untuk Data Analysis di domain data ai. Memiliki minat pada data_analysis machine_learning business_analysis digital_marketing, pengalaman proyek digital, dan mencari lowongan yang sesuai skill inti.",Head /Lead - Treasury & Trading,aspora,1,,,,"grade 0=irrelevant, 1=marginal, 2=relevant, 3=highly relevant"
20260607_sbert_final_validation-ann-0069,sbert-v2-profile-04208,sbert-v2-job-560d008a4d0878109572,"Mahasiswa atau early-career candidate untuk Qa Testing di domain software development. Memiliki minat pada qa_testing machine_learning business_analysis data_analysis, pengalaman proyek digital, dan mencari lowongan yang sesuai skill inti.","Product Lead, Agentic Implementation",arbiter-ai,3,,,,"grade 0=irrelevant, 1=marginal, 2=relevant, 3=highly relevant"
20260607_sbert_final_validation-ann-0070,sbert-v2-profile-04208,sbert-v2-job-e662619c4cc3404510e4,"Mahasiswa atau early-career candidate untuk Qa Testing di domain software development. Memiliki minat pada qa_testing machine_learning business_analysis data_analysis, pengalaman proyek digital, dan mencari lowongan yang sesuai skill inti.",ブランド & マーケティング,citadel-ai,0,,,,"grade 0=irrelevant, 1=marginal, 2=relevant, 3=highly relevant"
20260607_sbert_final_validation-ann-0071,sbert-v2-profile-04208,sbert-v2-job-4bde9902a1f679397535,"Mahasiswa atau early-career candidate untuk Qa Testing di domain software development. Memiliki minat pada qa_testing machine_learning business_analysis data_analysis, pengalaman proyek digital, dan mencari lowongan yang sesuai skill inti.",Sr. Growth Marketing Associate (Contractor),acorns,0,,,,"grade 0=irrelevant, 1=marginal, 2=relevant, 3=highly relevant"
20260607_sbert_final_validation-ann-0072,sbert-v2-profile-04208,sbert-v2-job-d1598def7216ccc74d7f,"Mahasiswa atau early-career candidate untuk Qa Testing di domain software development. Memiliki minat pada qa_testing machine_learning business_analysis data_analysis, pengalaman proyek digital, dan mencari lowongan yang sesuai skill inti.",Head of Communications,augmodo,1,,,,"grade 0=irrelevant, 1=marginal, 2=relevant, 3=highly relevant"
20260607_sbert_final_validation-ann-0073,sbert-v2-profile-04209,sbert-v2-job-e110e3cee6c84aac5243,"Mahasiswa atau early-career candidate untuk Cloud Devops di domain data ai. Memiliki minat pada cloud machine_learning business_analysis data_analysis, pengalaman proyek digital, dan mencari lowongan yang sesuai skill inti.",Director of Business Development,conetic-group,3,,,,"grade 0=irrelevant, 1=marginal, 2=relevant, 3=highly relevant"
20260607_sbert_final_validation-ann-0074,sbert-v2-profile-04209,sbert-v2-job-4f214f67332dc636ff7d,"Mahasiswa atau early-career candidate untuk Cloud Devops di domain data ai. Memiliki minat pada cloud machine_learning business_analysis data_analysis, pengalaman proyek digital, dan mencari lowongan yang sesuai skill inti.",Senior Site Reliability Engineer (SRE) - Chaos Engineering (Brazil),articul8,1,,,,"grade 0=irrelevant, 1=marginal, 2=relevant, 3=highly relevant"
20260607_sbert_final_validation-ann-0075,sbert-v2-profile-04210,sbert-v2-job-af45055f2d0c42d0b57b,"Mahasiswa atau early-career candidate untuk Machine Learning di domain data ai. Memiliki minat pada machine_learning data_analysis cloud business_analysis, pengalaman proyek digital, dan mencari lowongan yang sesuai skill inti.","Finance Manager, Corporate FP&A",1password,3,,,,"grade 0=irrelevant, 1=marginal, 2=relevant, 3=highly relevant"
20260607_sbert_final_validation-ann-0076,sbert-v2-profile-04210,sbert-v2-job-afb621bc8293579806ad,"Mahasiswa atau early-career candidate untuk Machine Learning di domain data ai. Memiliki minat pada machine_learning data_analysis cloud business_analysis, pengalaman proyek digital, dan mencari lowongan yang sesuai skill inti.",Working Student Android Developer (all genders),avelios-medical,1,,,,"grade 0=irrelevant, 1=marginal, 2=relevant, 3=highly relevant"
20260607_sbert_final_validation-ann-0077,sbert-v2-profile-04211,sbert-v2-job-897e532ed7c729c8505f,"Mahasiswa atau early-career candidate untuk Qa Testing di domain data ai. Memiliki minat pada machine_learning qa_testing business_analysis data_analysis, pengalaman proyek digital, dan mencari lowongan yang sesuai skill inti.",Director of Social Group Services (BCBA certification required),annaautismcare,3,,,,"grade 0=irrelevant, 1=marginal, 2=relevant, 3=highly relevant"
20260607_sbert_final_validation-ann-0078,sbert-v2-profile-04211,sbert-v2-job-490de78e8e1f2715d4a7,"Mahasiswa atau early-career candidate untuk Qa Testing di domain data ai. Memiliki minat pada machine_learning qa_testing business_analysis data_analysis, pengalaman proyek digital, dan mencari lowongan yang sesuai skill inti.",Product Support Specialist,claylabs,1,,,,"grade 0=irrelevant, 1=marginal, 2=relevant, 3=highly relevant"
20260607_sbert_final_validation-ann-0079,sbert-v2-profile-04212,sbert-v2-job-a652f878aea76bdfe257,"Mahasiswa atau early-career candidate untuk Data Ai di domain data ai. Memiliki minat pada machine_learning data_analysis sql digital_marketing, pengalaman proyek digital, dan mencari lowongan yang sesuai skill inti.",Member of Technical Staff - Efficient ML,Moonlake,3,,,,"grade 0=irrelevant, 1=marginal, 2=relevant, 3=highly relevant"
20260607_sbert_final_validation-ann-0080,sbert-v2-profile-04212,sbert-v2-job-eb9be7b535068389a1e0,"Mahasiswa atau early-career candidate untuk Data Ai di domain data ai. Memiliki minat pada machine_learning data_analysis sql digital_marketing, pengalaman proyek digital, dan mencari lowongan yang sesuai skill inti.",Supplier Quality Engineer,apex-technology-inc,1,,,,"grade 0=irrelevant, 1=marginal, 2=relevant, 3=highly relevant"
20260607_sbert_final_validation-ann-0081,sbert-v2-profile-04213,sbert-v2-job-66968dda70e2445076be,"Mahasiswa atau early-career candidate untuk Software Development di domain software development. Memiliki minat pada machine_learning it_support business_analysis data_analysis, pengalaman proyek digital, dan mencari lowongan yang sesuai skill inti.",Public Funding Program Specialist,blacksemiconductor,3,,,,"grade 0=irrelevant, 1=marginal, 2=relevant, 3=highly relevant"
20260607_sbert_final_validation-ann-0082,sbert-v2-profile-04213,sbert-v2-job-df8c5f0d0c7813dc345e,"Mahasiswa atau early-career candidate untuk Software Development di domain software development. Memiliki minat pada machine_learning it_support business_analysis data_analysis, pengalaman proyek digital, dan mencari lowongan yang sesuai skill inti.",Community Lead,chatbase,1,,,,"grade 0=irrelevant, 1=marginal, 2=relevant, 3=highly relevant"
20260607_sbert_final_validation-ann-0083,sbert-v2-profile-04214,sbert-v2-job-9782f9eca038fc8d474c,"Mahasiswa atau early-career candidate untuk Business Analysis di domain software development. Memiliki minat pada business_analysis machine_learning qa_testing data_analysis, pengalaman proyek digital, dan mencari lowongan yang sesuai skill inti.",Senior Program Manager,billups,3,,,,"grade 0=irrelevant, 1=marginal, 2=relevant, 3=highly relevant"
20260607_sbert_final_validation-ann-0084,sbert-v2-profile-04214,sbert-v2-job-1e0fe18a0246aaa30478,"Mahasiswa atau early-career candidate untuk Business Analysis di domain software development. Memiliki minat pada business_analysis machine_learning qa_testing data_analysis, pengalaman proyek digital, dan mencari lowongan yang sesuai skill inti.",Inbound Sales Representative (Remote/Central Time),a-place-for-mom,1,,,,"grade 0=irrelevant, 1=marginal, 2=relevant, 3=highly relevant"
20260607_sbert_final_validation-ann-0085,sbert-v2-profile-04215,sbert-v2-job-435152adfaa887f18f5b,"Mahasiswa atau early-career candidate untuk Backend di domain data ai. Memiliki minat pada machine_learning cybersecurity product_design business_analysis, pengalaman proyek digital, dan mencari lowongan yang sesuai skill inti.",Community Manager,colonist,3,,,,"grade 0=irrelevant, 1=marginal, 2=relevant, 3=highly relevant"
20260607_sbert_final_validation-ann-0086,sbert-v2-profile-04215,sbert-v2-job-801889588b14dfd95d47,"Mahasiswa atau early-career candidate untuk Backend di domain data ai. Memiliki minat pada machine_learning cybersecurity product_design business_analysis, pengalaman proyek digital, dan mencari lowongan yang sesuai skill inti.",Sales Manager,attio,1,,,,"grade 0=irrelevant, 1=marginal, 2=relevant, 3=highly relevant"
20260607_sbert_final_validation-ann-0087,sbert-v2-profile-04216,sbert-v2-job-5ba9f36a9ecfc4ae31af,"Mahasiswa atau early-career candidate untuk Business Analysis di domain data ai. Memiliki minat pada machine_learning business_analysis digital_marketing qa_testing, pengalaman proyek digital, dan mencari lowongan yang sesuai skill inti.",Chief Science Officer,bio,3,,,,"grade 0=irrelevant, 1=marginal, 2=relevant, 3=highly relevant"
20260607_sbert_final_validation-ann-0088,sbert-v2-profile-04216,sbert-v2-job-a7df031cdec89ffcdb72,"Mahasiswa atau early-career candidate untuk Business Analysis di domain data ai. Memiliki minat pada machine_learning business_analysis digital_marketing qa_testing, pengalaman proyek digital, dan mencari lowongan yang sesuai skill inti.","Partnerships Strategy & Ops Associate - New York, NY",blackbird-labs-inc,1,,,,"grade 0=irrelevant, 1=marginal, 2=relevant, 3=highly relevant"
20260607_sbert_final_validation-ann-0089,sbert-v2-profile-04217,sbert-v2-job-9860a86aea15454b8bc4,"Mahasiswa atau early-career candidate untuk Digital Marketing di domain data ai. Memiliki minat pada it_support data_analysis digital_marketing machine_learning, pengalaman proyek digital, dan mencari lowongan yang sesuai skill inti.",Senior Media Buyer,ace-1-media,3,,,,"grade 0=irrelevant, 1=marginal, 2=relevant, 3=highly relevant"
20260607_sbert_final_validation-ann-0090,sbert-v2-profile-04217,sbert-v2-job-ad345360f65827b1ff92,"Mahasiswa atau early-career candidate untuk Digital Marketing di domain data ai. Memiliki minat pada it_support data_analysis digital_marketing machine_learning, pengalaman proyek digital, dan mencari lowongan yang sesuai skill inti.",Account Executive,brm.ai,1,,,,"grade 0=irrelevant, 1=marginal, 2=relevant, 3=highly relevant"
20260607_sbert_final_validation-ann-0091,sbert-v2-profile-04218,sbert-v2-job-a21678d0d612178dd522,"Mahasiswa atau early-career candidate untuk Digital Marketing di domain digital marketing. Memiliki minat pada digital_marketing, pengalaman proyek digital, dan mencari lowongan yang sesuai skill inti.","Marketing Specialist, Japan（リモート）",cambly,3,,,,"grade 0=irrelevant, 1=marginal, 2=relevant, 3=highly relevant"
20260607_sbert_final_validation-ann-0092,sbert-v2-profile-04219,sbert-v2-job-bfc1289aa5e2e8c5088f,"Mahasiswa atau early-career candidate untuk Ui Ux Product di domain ui ux product. Memiliki minat pada product_design qa_testing, pengalaman proyek digital, dan mencari lowongan yang sesuai skill inti.",UX/Product Researcher (6 months Contract),bounce,3,,,,"grade 0=irrelevant, 1=marginal, 2=relevant, 3=highly relevant"
20260607_sbert_final_validation-ann-0093,sbert-v2-profile-04220,sbert-v2-job-c9549c5710eacd626d51,"Mahasiswa atau early-career candidate untuk Cloud Devops di domain digital marketing. Memiliki minat pada cloud cybersecurity digital_marketing, pengalaman proyek digital, dan mencari lowongan yang sesuai skill inti.",Manager Infrastructure & Security (m/w/d),blacksemiconductor,3,,,,"grade 0=irrelevant, 1=marginal, 2=relevant, 3=highly relevant"
20260607_sbert_final_validation-ann-0094,sbert-v2-profile-04221,sbert-v2-job-b6b572c99336402dab73,"Mahasiswa atau early-career candidate untuk Ui Ux Product di domain digital marketing. Memiliki minat pada digital_marketing machine_learning, pengalaman proyek digital, dan mencari lowongan yang sesuai skill inti.",Talent Acquisition Specialist - Teilzeit (m/w/d),buildlinx,3,,,,"grade 0=irrelevant, 1=marginal, 2=relevant, 3=highly relevant"
20260607_sbert_final_validation-ann-0095,sbert-v2-profile-04222,sbert-v2-job-7613438d7b8064a5c492,"Mahasiswa atau early-career candidate untuk Digital Marketing di domain software development. Memiliki minat pada machine_learning, pengalaman proyek digital, dan mencari lowongan yang sesuai skill inti.",Working Student - Customer Support DACH,amboss,3,,,,"grade 0=irrelevant, 1=marginal, 2=relevant, 3=highly relevant"
20260607_sbert_final_validation-ann-0096,sbert-v2-profile-04223,sbert-v2-job-f0b856ff4fbf2ba82876,"Mahasiswa atau early-career candidate untuk Cloud Devops di domain ui ux product. Memiliki minat pada cloud it_support, pengalaman proyek digital, dan mencari lowongan yang sesuai skill inti.",Carrier Sales Representative,cloudtrucks,3,,,,"grade 0=irrelevant, 1=marginal, 2=relevant, 3=highly relevant"
20260607_sbert_final_validation-ann-0097,sbert-v2-profile-04224,sbert-v2-job-c6b6560397ec38c357b1,"Mahasiswa atau early-career candidate untuk Backend di domain software development. Memiliki minat pada machine_learning backend business_analysis data_analysis, pengalaman proyek digital, dan mencari lowongan yang sesuai skill inti.","Regulatory Counsel, APAC",airwallex,3,,,,"grade 0=irrelevant, 1=marginal, 2=relevant, 3=highly relevant"
20260607_sbert_final_validation-ann-0098,sbert-v2-profile-04225,sbert-v2-job-529b4b36c2fd185bf9af,"Mahasiswa atau early-career candidate untuk Ui Ux Product di domain software development. Memiliki minat pada machine_learning business_analysis data_analysis it_support, pengalaman proyek digital, dan mencari lowongan yang sesuai skill inti.",Commercial Account Executive,cursor,3,,,,"grade 0=irrelevant, 1=marginal, 2=relevant, 3=highly relevant"
20260607_sbert_final_validation-ann-0099,sbert-v2-profile-04226,sbert-v2-job-2eeda715fe6a8e4da599,"Mahasiswa atau early-career candidate untuk Ui Ux Product di domain data ai. Memiliki minat pada machine_learning business_analysis data_analysis it_support, pengalaman proyek digital, dan mencari lowongan yang sesuai skill inti.",Inbound Sales Representative (Remote/Pacific Time),a-place-for-mom,3,,,,"grade 0=irrelevant, 1=marginal, 2=relevant, 3=highly relevant"
20260607_sbert_final_validation-ann-0100,sbert-v2-profile-04227,sbert-v2-job-422740deeb7ede6423d0,"Mahasiswa atau early-career candidate untuk Data Analysis di domain software development. Memiliki minat pada data_analysis machine_learning business_analysis cybersecurity, pengalaman proyek digital, dan mencari lowongan yang sesuai skill inti.",Head of Marketing UK,bjakcareer,3,,,,"grade 0=irrelevant, 1=marginal, 2=relevant, 3=highly relevant"
20260607_sbert_final_validation-ann-0101,sbert-v2-profile-04228,sbert-v2-job-8e6c1072b15ff49c9d0d,"Mahasiswa atau early-career candidate untuk Machine Learning di domain software development. Memiliki minat pada machine_learning cloud data_analysis cybersecurity, pengalaman proyek digital, dan mencari lowongan yang sesuai skill inti.",Senior Site Reliability Engineer,alembic,3,,,,"grade 0=irrelevant, 1=marginal, 2=relevant, 3=highly relevant"
20260607_sbert_final_validation-ann-0102,sbert-v2-profile-04229,sbert-v2-job-43b8dc31293c76ae2231,"Mahasiswa atau early-career candidate untuk Cloud Devops di domain software development. Memiliki minat pada cloud machine_learning business_analysis it_support, pengalaman proyek digital, dan mencari lowongan yang sesuai skill inti.","Infrastructure (Rust, Devops)",backpack,3,,,,"grade 0=irrelevant, 1=marginal, 2=relevant, 3=highly relevant"
20260607_sbert_final_validation-ann-0103,sbert-v2-profile-04230,sbert-v2-job-6aa172152a2d146cc950,"Mahasiswa atau early-career candidate untuk Frontend di domain software development. Memiliki minat pada frontend machine_learning javascript data_analysis, pengalaman proyek digital, dan mencari lowongan yang sesuai skill inti.",Engineering Manager,arketa,3,,,,"grade 0=irrelevant, 1=marginal, 2=relevant, 3=highly relevant"
20260607_sbert_final_validation-ann-0104,sbert-v2-profile-04231,sbert-v2-job-ec0fd18cac14856001bb,"Mahasiswa atau early-career candidate untuk Data Analysis di domain data ai. Memiliki minat pada data_analysis machine_learning business_analysis digital_marketing, pengalaman proyek digital, dan mencari lowongan yang sesuai skill inti.",ABM Manager,chainalysis-careers,3,,,,"grade 0=irrelevant, 1=marginal, 2=relevant, 3=highly relevant"
20260607_sbert_final_validation-ann-0105,sbert-v2-profile-04232,sbert-v2-job-eec33b28b2e9a0a81efc,"Mahasiswa atau early-career candidate untuk Qa Testing di domain software development. Memiliki minat pada qa_testing machine_learning business_analysis data_analysis, pengalaman proyek digital, dan mencari lowongan yang sesuai skill inti.",Forward Deployed Engineer,antithesis,3,,,,"grade 0=irrelevant, 1=marginal, 2=relevant, 3=highly relevant"
20260607_sbert_final_validation-ann-0106,sbert-v2-profile-04233,sbert-v2-job-79294af272a1c8caa8c9,"Mahasiswa atau early-career candidate untuk Cloud Devops di domain data ai. Memiliki minat pada cloud machine_learning business_analysis data_analysis, pengalaman proyek digital, dan mencari lowongan yang sesuai skill inti.",Internships - General Interest,anysignal,3,,,,"grade 0=irrelevant, 1=marginal, 2=relevant, 3=highly relevant"
20260607_sbert_final_validation-ann-0107,sbert-v2-profile-04234,sbert-v2-job-31d68e90b928d9098662,"Mahasiswa atau early-career candidate untuk Machine Learning di domain data ai. Memiliki minat pada machine_learning data_analysis cloud business_analysis, pengalaman proyek digital, dan mencari lowongan yang sesuai skill inti.",Member of Technical Staff,asari.ai,3,,,,"grade 0=irrelevant, 1=marginal, 2=relevant, 3=highly relevant"
20260607_sbert_final_validation-ann-0108,sbert-v2-profile-04235,sbert-v2-job-7d1e73f3d11d13c28ad0,"Mahasiswa atau early-career candidate untuk Qa Testing di domain data ai. Memiliki minat pada machine_learning qa_testing business_analysis data_analysis, pengalaman proyek digital, dan mencari lowongan yang sesuai skill inti.",Head of Business Development,boam,3,,,,"grade 0=irrelevant, 1=marginal, 2=relevant, 3=highly relevant"
20260607_sbert_final_validation-ann-0109,sbert-v2-profile-04236,sbert-v2-job-cf494340293a8cf78300,"Mahasiswa atau early-career candidate untuk Data Ai di domain data ai. Memiliki minat pada machine_learning data_analysis sql digital_marketing, pengalaman proyek digital, dan mencari lowongan yang sesuai skill inti.",Expression of Interest,coefficientgiving,3,,,,"grade 0=irrelevant, 1=marginal, 2=relevant, 3=highly relevant"
20260607_sbert_final_validation-ann-0110,sbert-v2-profile-04237,sbert-v2-job-65c031add15d1d4acb89,"Mahasiswa atau early-career candidate untuk Software Development di domain software development. Memiliki minat pada machine_learning it_support business_analysis data_analysis, pengalaman proyek digital, dan mencari lowongan yang sesuai skill inti.",Public Funding Program Specialist (f/m/d),blacksemiconductor,3,,,,"grade 0=irrelevant, 1=marginal, 2=relevant, 3=highly relevant"
20260607_sbert_final_validation-ann-0111,sbert-v2-profile-04238,sbert-v2-job-a54177ca3f0a75c0dddd,"Mahasiswa atau early-career candidate untuk Business Analysis di domain software development. Memiliki minat pada business_analysis machine_learning qa_testing data_analysis, pengalaman proyek digital, dan mencari lowongan yang sesuai skill inti.",Business Analyst,blockstream,3,,,,"grade 0=irrelevant, 1=marginal, 2=relevant, 3=highly relevant"
20260607_sbert_final_validation-ann-0112,sbert-v2-profile-04239,sbert-v2-job-435152adfaa887f18f5b,"Mahasiswa atau early-career candidate untuk Backend di domain data ai. Memiliki minat pada machine_learning cybersecurity product_design business_analysis, pengalaman proyek digital, dan mencari lowongan yang sesuai skill inti.",Community Manager,colonist,3,,,,"grade 0=irrelevant, 1=marginal, 2=relevant, 3=highly relevant"
20260607_sbert_final_validation-ann-0113,sbert-v2-profile-04240,sbert-v2-job-91de57c515c19ab62d28,"Mahasiswa atau early-career candidate untuk Business Analysis di domain data ai. Memiliki minat pada machine_learning business_analysis digital_marketing qa_testing, pengalaman proyek digital, dan mencari lowongan yang sesuai skill inti.",Sales Development Representative (SDR),alexai,3,,,,"grade 0=irrelevant, 1=marginal, 2=relevant, 3=highly relevant"
20260607_sbert_final_validation-ann-0114,sbert-v2-profile-04241,sbert-v2-job-9860a86aea15454b8bc4,"Mahasiswa atau early-career candidate untuk Digital Marketing di domain data ai. Memiliki minat pada it_support data_analysis digital_marketing machine_learning, pengalaman proyek digital, dan mencari lowongan yang sesuai skill inti.",Senior Media Buyer,ace-1-media,3,,,,"grade 0=irrelevant, 1=marginal, 2=relevant, 3=highly relevant"
20260607_sbert_final_validation-ann-0115,sbert-v2-profile-04242,sbert-v2-job-a21678d0d612178dd522,"Mahasiswa atau early-career candidate untuk Digital Marketing di domain digital marketing. Memiliki minat pada digital_marketing, pengalaman proyek digital, dan mencari lowongan yang sesuai skill inti.","Marketing Specialist, Japan（リモート）",cambly,3,,,,"grade 0=irrelevant, 1=marginal, 2=relevant, 3=highly relevant"
20260607_sbert_final_validation-ann-0116,sbert-v2-profile-04243,sbert-v2-job-bfc1289aa5e2e8c5088f,"Mahasiswa atau early-career candidate untuk Ui Ux Product di domain ui ux product. Memiliki minat pada product_design qa_testing, pengalaman proyek digital, dan mencari lowongan yang sesuai skill inti.",UX/Product Researcher (6 months Contract),bounce,3,,,,"grade 0=irrelevant, 1=marginal, 2=relevant, 3=highly relevant"
20260607_sbert_final_validation-ann-0117,sbert-v2-profile-04244,sbert-v2-job-c9549c5710eacd626d51,"Mahasiswa atau early-career candidate untuk Cloud Devops di domain digital marketing. Memiliki minat pada cloud cybersecurity digital_marketing, pengalaman proyek digital, dan mencari lowongan yang sesuai skill inti.",Manager Infrastructure & Security (m/w/d),blacksemiconductor,3,,,,"grade 0=irrelevant, 1=marginal, 2=relevant, 3=highly relevant"
20260607_sbert_final_validation-ann-0118,sbert-v2-profile-04245,sbert-v2-job-b6b572c99336402dab73,"Mahasiswa atau early-career candidate untuk Ui Ux Product di domain digital marketing. Memiliki minat pada digital_marketing machine_learning, pengalaman proyek digital, dan mencari lowongan yang sesuai skill inti.",Talent Acquisition Specialist - Teilzeit (m/w/d),buildlinx,3,,,,"grade 0=irrelevant, 1=marginal, 2=relevant, 3=highly relevant"
20260607_sbert_final_validation-ann-0119,sbert-v2-profile-04246,sbert-v2-job-7613438d7b8064a5c492,"Mahasiswa atau early-career candidate untuk Digital Marketing di domain software development. Memiliki minat pada machine_learning, pengalaman proyek digital, dan mencari lowongan yang sesuai skill inti.",Working Student - Customer Support DACH,amboss,3,,,,"grade 0=irrelevant, 1=marginal, 2=relevant, 3=highly relevant"
20260607_sbert_final_validation-ann-0120,sbert-v2-profile-04247,sbert-v2-job-f0b856ff4fbf2ba82876,"Mahasiswa atau early-career candidate untuk Cloud Devops di domain ui ux product. Memiliki minat pada cloud it_support, pengalaman proyek digital, dan mencari lowongan yang sesuai skill inti.",Carrier Sales Representative,cloudtrucks,3,,,,"grade 0=irrelevant, 1=marginal, 2=relevant, 3=highly relevant"
20260607_sbert_final_validation-ann-0121,sbert-v2-profile-04248,sbert-v2-job-fe48f22c0fee50a669e9,"Mahasiswa atau early-career candidate untuk Backend di domain software development. Memiliki minat pada machine_learning backend business_analysis data_analysis, pengalaman proyek digital, dan mencari lowongan yang sesuai skill inti.",HR Business Partner,cartesia,3,,,,"grade 0=irrelevant, 1=marginal, 2=relevant, 3=highly relevant"
20260607_sbert_final_validation-ann-0122,sbert-v2-profile-04249,sbert-v2-job-acbc95749e99d9653720,"Mahasiswa atau early-career candidate untuk Ui Ux Product di domain software development. Memiliki minat pada machine_learning business_analysis data_analysis it_support, pengalaman proyek digital, dan mencari lowongan yang sesuai skill inti.",Technical Program Manager - Mining,applied,3,,,,"grade 0=irrelevant, 1=marginal, 2=relevant, 3=highly relevant"
20260607_sbert_final_validation-ann-0123,sbert-v2-profile-04250,sbert-v2-job-d6e13c39f4d3fbfcbf7d,"Mahasiswa atau early-career candidate untuk Ui Ux Product di domain data ai. Memiliki minat pada machine_learning business_analysis data_analysis it_support, pengalaman proyek digital, dan mencari lowongan yang sesuai skill inti.",Founding Clinician - Rheumatology,3y-health,3,,,,"grade 0=irrelevant, 1=marginal, 2=relevant, 3=highly relevant"
20260607_sbert_final_validation-ann-0124,sbert-v2-profile-04251,sbert-v2-job-6d1252344c3f68a71dbb,"Mahasiswa atau early-career candidate untuk Data Analysis di domain software development. Memiliki minat pada data_analysis machine_learning business_analysis cybersecurity, pengalaman proyek digital, dan mencari lowongan yang sesuai skill inti.",Senior Product Manager,bestow,3,,,,"grade 0=irrelevant, 1=marginal, 2=relevant, 3=highly relevant"
20260607_sbert_final_validation-ann-0125,sbert-v2-profile-04252,sbert-v2-job-8a3a2aee5a0206f635fa,"Mahasiswa atau early-career candidate untuk Machine Learning di domain software development. Memiliki minat pada machine_learning cloud data_analysis cybersecurity, pengalaman proyek digital, dan mencari lowongan yang sesuai skill inti.","Business Development Representative, Enterprise",1password,3,,,,"grade 0=irrelevant, 1=marginal, 2=relevant, 3=highly relevant"
20260607_sbert_final_validation-ann-0126,sbert-v2-profile-04253,sbert-v2-job-784e5c54ea7aee7375ba,"Mahasiswa atau early-career candidate untuk Cloud Devops di domain software development. Memiliki minat pada cloud machine_learning business_analysis it_support, pengalaman proyek digital, dan mencari lowongan yang sesuai skill inti.",Technical Account Manager - MEA,camunda,3,,,,"grade 0=irrelevant, 1=marginal, 2=relevant, 3=highly relevant"
20260607_sbert_final_validation-ann-0127,sbert-v2-profile-04254,sbert-v2-job-d30a83376401a1f1afc9,"Mahasiswa atau early-career candidate untuk Frontend di domain software development. Memiliki minat pada frontend machine_learning javascript data_analysis, pengalaman proyek digital, dan mencari lowongan yang sesuai skill inti.",Software Engineer- Cloud Traffic,confluent,3,,,,"grade 0=irrelevant, 1=marginal, 2=relevant, 3=highly relevant"
20260607_sbert_final_validation-ann-0128,sbert-v2-profile-04255,sbert-v2-job-5bc893819a528b9d58eb,"Mahasiswa atau early-career candidate untuk Data Analysis di domain data ai. Memiliki minat pada data_analysis machine_learning business_analysis digital_marketing, pengalaman proyek digital, dan mencari lowongan yang sesuai skill inti.",Infrastructure Operations Manager,Ridealso,3,,,,"grade 0=irrelevant, 1=marginal, 2=relevant, 3=highly relevant"
20260607_sbert_final_validation-ann-0129,sbert-v2-profile-04256,sbert-v2-job-888b60166a2d688fe905,"Mahasiswa atau early-career candidate untuk Qa Testing di domain software development. Memiliki minat pada qa_testing machine_learning business_analysis data_analysis, pengalaman proyek digital, dan mencari lowongan yang sesuai skill inti.",Construction Manager - Montenegro,alcazar-energy,3,,,,"grade 0=irrelevant, 1=marginal, 2=relevant, 3=highly relevant"
20260607_sbert_final_validation-ann-0130,sbert-v2-profile-04257,sbert-v2-job-f2fc62a2e6a40323cd14,"Mahasiswa atau early-career candidate untuk Cloud Devops di domain data ai. Memiliki minat pada cloud machine_learning business_analysis data_analysis, pengalaman proyek digital, dan mencari lowongan yang sesuai skill inti.",Sales Development Representative (SDR),cloudzero,3,,,,"grade 0=irrelevant, 1=marginal, 2=relevant, 3=highly relevant"
20260607_sbert_final_validation-ann-0131,sbert-v2-profile-04258,sbert-v2-job-be7b28cf14976bfeea15,"Mahasiswa atau early-career candidate untuk Machine Learning di domain data ai. Memiliki minat pada machine_learning data_analysis cloud business_analysis, pengalaman proyek digital, dan mencari lowongan yang sesuai skill inti.",Senior SEM Manager,1password,3,,,,"grade 0=irrelevant, 1=marginal, 2=relevant, 3=highly relevant"
20260607_sbert_final_validation-ann-0132,sbert-v2-profile-04259,sbert-v2-job-7c73dc6155032275ddf6,"Mahasiswa atau early-career candidate untuk Qa Testing di domain data ai. Memiliki minat pada machine_learning qa_testing business_analysis data_analysis, pengalaman proyek digital, dan mencari lowongan yang sesuai skill inti.",Responsable Partenariats Médicaux / KAM,Resilience Care,3,,,,"grade 0=irrelevant, 1=marginal, 2=relevant, 3=highly relevant"
20260607_sbert_final_validation-ann-0133,sbert-v2-profile-04260,sbert-v2-job-cf494340293a8cf78300,"Mahasiswa atau early-career candidate untuk Data Ai di domain data ai. Memiliki minat pada machine_learning data_analysis sql digital_marketing, pengalaman proyek digital, dan mencari lowongan yang sesuai skill inti.",Expression of Interest,coefficientgiving,3,,,,"grade 0=irrelevant, 1=marginal, 2=relevant, 3=highly relevant"
20260607_sbert_final_validation-ann-0134,sbert-v2-profile-04261,sbert-v2-job-66968dda70e2445076be,"Mahasiswa atau early-career candidate untuk Software Development di domain software development. Memiliki minat pada machine_learning it_support business_analysis data_analysis, pengalaman proyek digital, dan mencari lowongan yang sesuai skill inti.",Public Funding Program Specialist,blacksemiconductor,3,,,,"grade 0=irrelevant, 1=marginal, 2=relevant, 3=highly relevant"
20260607_sbert_final_validation-ann-0135,sbert-v2-profile-04262,sbert-v2-job-a54177ca3f0a75c0dddd,"Mahasiswa atau early-career candidate untuk Business Analysis di domain software development. Memiliki minat pada business_analysis machine_learning qa_testing data_analysis, pengalaman proyek digital, dan mencari lowongan yang sesuai skill inti.",Business Analyst,blockstream,3,,,,"grade 0=irrelevant, 1=marginal, 2=relevant, 3=highly relevant"
20260607_sbert_final_validation-ann-0136,sbert-v2-profile-04263,sbert-v2-job-1d7d2a461521c9e75a88,"Mahasiswa atau early-career candidate untuk Backend di domain data ai. Memiliki minat pada machine_learning cybersecurity product_design business_analysis, pengalaman proyek digital, dan mencari lowongan yang sesuai skill inti.",Science Community Lead,bio,3,,,,"grade 0=irrelevant, 1=marginal, 2=relevant, 3=highly relevant"
20260607_sbert_final_validation-ann-0137,sbert-v2-profile-04264,sbert-v2-job-891941d69e4d572031f0,"Mahasiswa atau early-career candidate untuk Business Analysis di domain data ai. Memiliki minat pada machine_learning business_analysis digital_marketing qa_testing, pengalaman proyek digital, dan mencari lowongan yang sesuai skill inti.","Senior Manager, Cash Management & Accounts Payable",away,3,,,,"grade 0=irrelevant, 1=marginal, 2=relevant, 3=highly relevant"
20260607_sbert_final_validation-ann-0138,sbert-v2-profile-04265,sbert-v2-job-9860a86aea15454b8bc4,"Mahasiswa atau early-career candidate untuk Digital Marketing di domain data ai. Memiliki minat pada it_support data_analysis digital_marketing machine_learning, pengalaman proyek digital, dan mencari lowongan yang sesuai skill inti.",Senior Media Buyer,ace-1-media,3,,,,"grade 0=irrelevant, 1=marginal, 2=relevant, 3=highly relevant"
20260607_sbert_final_validation-ann-0139,sbert-v2-profile-04266,sbert-v2-job-3400e40efc5045502ff9,"Mahasiswa atau early-career candidate untuk Digital Marketing di domain digital marketing. Memiliki minat pada digital_marketing, pengalaman proyek digital, dan mencari lowongan yang sesuai skill inti.","Account Executive, Japan（リモート）",cambly,3,,,,"grade 0=irrelevant, 1=marginal, 2=relevant, 3=highly relevant"
20260607_sbert_final_validation-ann-0140,sbert-v2-profile-04267,sbert-v2-job-bfc1289aa5e2e8c5088f,"Mahasiswa atau early-career candidate untuk Ui Ux Product di domain ui ux product. Memiliki minat pada product_design qa_testing, pengalaman proyek digital, dan mencari lowongan yang sesuai skill inti.",UX/Product Researcher (6 months Contract),bounce,3,,,,"grade 0=irrelevant, 1=marginal, 2=relevant, 3=highly relevant"
20260607_sbert_final_validation-ann-0141,sbert-v2-profile-04268,sbert-v2-job-c9549c5710eacd626d51,"Mahasiswa atau early-career candidate untuk Cloud Devops di domain digital marketing. Memiliki minat pada cloud cybersecurity digital_marketing, pengalaman proyek digital, dan mencari lowongan yang sesuai skill inti.",Manager Infrastructure & Security (m/w/d),blacksemiconductor,3,,,,"grade 0=irrelevant, 1=marginal, 2=relevant, 3=highly relevant"
20260607_sbert_final_validation-ann-0142,sbert-v2-profile-04269,sbert-v2-job-b6b572c99336402dab73,"Mahasiswa atau early-career candidate untuk Ui Ux Product di domain digital marketing. Memiliki minat pada digital_marketing machine_learning, pengalaman proyek digital, dan mencari lowongan yang sesuai skill inti.",Talent Acquisition Specialist - Teilzeit (m/w/d),buildlinx,3,,,,"grade 0=irrelevant, 1=marginal, 2=relevant, 3=highly relevant"
20260607_sbert_final_validation-ann-0143,sbert-v2-profile-04270,sbert-v2-job-7613438d7b8064a5c492,"Mahasiswa atau early-career candidate untuk Digital Marketing di domain software development. Memiliki minat pada machine_learning, pengalaman proyek digital, dan mencari lowongan yang sesuai skill inti.",Working Student - Customer Support DACH,amboss,3,,,,"grade 0=irrelevant, 1=marginal, 2=relevant, 3=highly relevant"
20260607_sbert_final_validation-ann-0144,sbert-v2-profile-04271,sbert-v2-job-f0b856ff4fbf2ba82876,"Mahasiswa atau early-career candidate untuk Cloud Devops di domain ui ux product. Memiliki minat pada cloud it_support, pengalaman proyek digital, dan mencari lowongan yang sesuai skill inti.",Carrier Sales Representative,cloudtrucks,3,,,,"grade 0=irrelevant, 1=marginal, 2=relevant, 3=highly relevant"
20260607_sbert_final_validation-ann-0145,sbert-v2-profile-04272,sbert-v2-job-68dc7160d4d65562edbc,"Mahasiswa atau early-career candidate untuk Backend di domain software development. Memiliki minat pada machine_learning backend business_analysis data_analysis, pengalaman proyek digital, dan mencari lowongan yang sesuai skill inti.","Project Manager, Content Production",airwallex,3,,,,"grade 0=irrelevant, 1=marginal, 2=relevant, 3=highly relevant"
20260607_sbert_final_validation-ann-0146,sbert-v2-profile-04273,sbert-v2-job-52f2c17d94c14261475e,"Mahasiswa atau early-career candidate untuk Ui Ux Product di domain software development. Memiliki minat pada machine_learning business_analysis data_analysis it_support, pengalaman proyek digital, dan mencari lowongan yang sesuai skill inti.",Head of Engineering,bjakcareer,3,,,,"grade 0=irrelevant, 1=marginal, 2=relevant, 3=highly relevant"
20260607_sbert_final_validation-ann-0147,sbert-v2-profile-04274,sbert-v2-job-5ba9f36a9ecfc4ae31af,"Mahasiswa atau early-career candidate untuk Ui Ux Product di domain data ai. Memiliki minat pada machine_learning business_analysis data_analysis it_support, pengalaman proyek digital, dan mencari lowongan yang sesuai skill inti.",Chief Science Officer,bio,3,,,,"grade 0=irrelevant, 1=marginal, 2=relevant, 3=highly relevant"
20260607_sbert_final_validation-ann-0148,sbert-v2-profile-04275,sbert-v2-job-1b15c048ad2477fd3bd2,"Mahasiswa atau early-career candidate untuk Data Analysis di domain software development. Memiliki minat pada data_analysis machine_learning business_analysis cybersecurity, pengalaman proyek digital, dan mencari lowongan yang sesuai skill inti.",HR Business Partner (HRBP),centivo,3,,,,"grade 0=irrelevant, 1=marginal, 2=relevant, 3=highly relevant"
20260607_sbert_final_validation-ann-0149,sbert-v2-profile-04276,sbert-v2-job-f370ce19665dc2bf4fc8,"Mahasiswa atau early-career candidate untuk Machine Learning di domain software development. Memiliki minat pada machine_learning cloud data_analysis cybersecurity, pengalaman proyek digital, dan mencari lowongan yang sesuai skill inti.","Research Scientist, Compilers and Programming Languages",basis-research,3,,,,"grade 0=irrelevant, 1=marginal, 2=relevant, 3=highly relevant"
20260607_sbert_final_validation-ann-0150,sbert-v2-profile-04277,sbert-v2-job-9ef67877eece73b0b101,"Mahasiswa atau early-career candidate untuk Cloud Devops di domain software development. Memiliki minat pada cloud machine_learning business_analysis it_support, pengalaman proyek digital, dan mencari lowongan yang sesuai skill inti.",Product Management System Implementation PM,42dot,3,,,,"grade 0=irrelevant, 1=marginal, 2=relevant, 3=highly relevant"
20260607_sbert_final_validation-ann-0151,sbert-v2-profile-04278,sbert-v2-job-d83cc9bf10afc8c0acd6,"Mahasiswa atau early-career candidate untuk Frontend di domain software development. Memiliki minat pada frontend machine_learning javascript data_analysis, pengalaman proyek digital, dan mencari lowongan yang sesuai skill inti.",Quality Assurance Specialist,Foresight Diagnostics Inc.,3,,,,"grade 0=irrelevant, 1=marginal, 2=relevant, 3=highly relevant"
20260607_sbert_final_validation-ann-0152,sbert-v2-profile-04279,sbert-v2-job-41d4c49ad023a66454cd,"Mahasiswa atau early-career candidate untuk Data Analysis di domain data ai. Memiliki minat pada data_analysis machine_learning business_analysis digital_marketing, pengalaman proyek digital, dan mencari lowongan yang sesuai skill inti.",Senior Performance Marketing Specialist (Korea),cambly,3,,,,"grade 0=irrelevant, 1=marginal, 2=relevant, 3=highly relevant"
20260607_sbert_final_validation-ann-0153,sbert-v2-profile-04280,sbert-v2-job-e80682f7df1d154d83f7,"Mahasiswa atau early-career candidate untuk Qa Testing di domain software development. Memiliki minat pada qa_testing machine_learning business_analysis data_analysis, pengalaman proyek digital, dan mencari lowongan yang sesuai skill inti.",Engineering Manager - Data Intelligence,applied,3,,,,"grade 0=irrelevant, 1=marginal, 2=relevant, 3=highly relevant"
20260607_sbert_final_validation-ann-0154,sbert-v2-profile-04281,sbert-v2-job-56bc9c2801dbf1def682,"Mahasiswa atau early-career candidate untuk Cloud Devops di domain data ai. Memiliki minat pada cloud machine_learning business_analysis data_analysis, pengalaman proyek digital, dan mencari lowongan yang sesuai skill inti.","Privacy, Information Governance & eDiscovery Analyst",chainalysis-careers,3,,,,"grade 0=irrelevant, 1=marginal, 2=relevant, 3=highly relevant"
20260607_sbert_final_validation-ann-0155,sbert-v2-profile-04282,sbert-v2-job-de98f5fd0c36aea66706,"Mahasiswa atau early-career candidate untuk Machine Learning di domain data ai. Memiliki minat pada machine_learning data_analysis cloud business_analysis, pengalaman proyek digital, dan mencari lowongan yang sesuai skill inti.",Computational Scientist (Medicinal Chemistry),axiombio,3,,,,"grade 0=irrelevant, 1=marginal, 2=relevant, 3=highly relevant"
20260607_sbert_final_validation-ann-0156,sbert-v2-profile-04283,sbert-v2-job-b9b690bbe41e2829b52e,"Mahasiswa atau early-career candidate untuk Qa Testing di domain data ai. Memiliki minat pada machine_learning qa_testing business_analysis data_analysis, pengalaman proyek digital, dan mencari lowongan yang sesuai skill inti.","Director, Reagent Operations",Nautilus Biotechnology,3,,,,"grade 0=irrelevant, 1=marginal, 2=relevant, 3=highly relevant"
20260607_sbert_final_validation-ann-0157,sbert-v2-profile-04284,sbert-v2-job-72162a62349d05d3b5a9,"Mahasiswa atau early-career candidate untuk Data Ai di domain data ai. Memiliki minat pada machine_learning data_analysis sql digital_marketing, pengalaman proyek digital, dan mencari lowongan yang sesuai skill inti.","Working Student, People & Culture (f/m/d)",blacksemiconductor,3,,,,"grade 0=irrelevant, 1=marginal, 2=relevant, 3=highly relevant"
20260607_sbert_final_validation-ann-0158,sbert-v2-profile-04285,sbert-v2-job-66968dda70e2445076be,"Mahasiswa atau early-career candidate untuk Software Development di domain software development. Memiliki minat pada machine_learning it_support business_analysis data_analysis, pengalaman proyek digital, dan mencari lowongan yang sesuai skill inti.",Public Funding Program Specialist,blacksemiconductor,3,,,,"grade 0=irrelevant, 1=marginal, 2=relevant, 3=highly relevant"
20260607_sbert_final_validation-ann-0159,sbert-v2-profile-04286,sbert-v2-job-a54177ca3f0a75c0dddd,"Mahasiswa atau early-career candidate untuk Business Analysis di domain software development. Memiliki minat pada business_analysis machine_learning qa_testing data_analysis, pengalaman proyek digital, dan mencari lowongan yang sesuai skill inti.",Business Analyst,blockstream,3,,,,"grade 0=irrelevant, 1=marginal, 2=relevant, 3=highly relevant"
20260607_sbert_final_validation-ann-0160,sbert-v2-profile-04287,sbert-v2-job-435152adfaa887f18f5b,"Mahasiswa atau early-career candidate untuk Backend di domain data ai. Memiliki minat pada machine_learning cybersecurity product_design business_analysis, pengalaman proyek digital, dan mencari lowongan yang sesuai skill inti.",Community Manager,colonist,3,,,,"grade 0=irrelevant, 1=marginal, 2=relevant, 3=highly relevant"
20260607_sbert_final_validation-ann-0161,sbert-v2-profile-04288,sbert-v2-job-7f4913d856bf2e394a4d,"Mahasiswa atau early-career candidate untuk Business Analysis di domain data ai. Memiliki minat pada machine_learning business_analysis digital_marketing qa_testing, pengalaman proyek digital, dan mencari lowongan yang sesuai skill inti.",Branch Talent Pool,BranchInsurance,3,,,,"grade 0=irrelevant, 1=marginal, 2=relevant, 3=highly relevant"
20260607_sbert_final_validation-ann-0162,sbert-v2-profile-04289,sbert-v2-job-9860a86aea15454b8bc4,"Mahasiswa atau early-career candidate untuk Digital Marketing di domain data ai. Memiliki minat pada it_support data_analysis digital_marketing machine_learning, pengalaman proyek digital, dan mencari lowongan yang sesuai skill inti.",Senior Media Buyer,ace-1-media,3,,,,"grade 0=irrelevant, 1=marginal, 2=relevant, 3=highly relevant"
20260607_sbert_final_validation-ann-0163,sbert-v2-profile-04290,sbert-v2-job-a21678d0d612178dd522,"Mahasiswa atau early-career candidate untuk Digital Marketing di domain digital marketing. Memiliki minat pada digital_marketing, pengalaman proyek digital, dan mencari lowongan yang sesuai skill inti.","Marketing Specialist, Japan（リモート）",cambly,3,,,,"grade 0=irrelevant, 1=marginal, 2=relevant, 3=highly relevant"
20260607_sbert_final_validation-ann-0164,sbert-v2-profile-04291,sbert-v2-job-bfc1289aa5e2e8c5088f,"Mahasiswa atau early-career candidate untuk Ui Ux Product di domain ui ux product. Memiliki minat pada product_design qa_testing, pengalaman proyek digital, dan mencari lowongan yang sesuai skill inti.",UX/Product Researcher (6 months Contract),bounce,3,,,,"grade 0=irrelevant, 1=marginal, 2=relevant, 3=highly relevant"
20260607_sbert_final_validation-ann-0165,sbert-v2-profile-04292,sbert-v2-job-c9549c5710eacd626d51,"Mahasiswa atau early-career candidate untuk Cloud Devops di domain digital marketing. Memiliki minat pada cloud cybersecurity digital_marketing, pengalaman proyek digital, dan mencari lowongan yang sesuai skill inti.",Manager Infrastructure & Security (m/w/d),blacksemiconductor,3,,,,"grade 0=irrelevant, 1=marginal, 2=relevant, 3=highly relevant"
20260607_sbert_final_validation-ann-0166,sbert-v2-profile-04293,sbert-v2-job-b6b572c99336402dab73,"Mahasiswa atau early-career candidate untuk Ui Ux Product di domain digital marketing. Memiliki minat pada digital_marketing machine_learning, pengalaman proyek digital, dan mencari lowongan yang sesuai skill inti.",Talent Acquisition Specialist - Teilzeit (m/w/d),buildlinx,3,,,,"grade 0=irrelevant, 1=marginal, 2=relevant, 3=highly relevant"
20260607_sbert_final_validation-ann-0167,sbert-v2-profile-04294,sbert-v2-job-7613438d7b8064a5c492,"Mahasiswa atau early-career candidate untuk Digital Marketing di domain software development. Memiliki minat pada machine_learning, pengalaman proyek digital, dan mencari lowongan yang sesuai skill inti.",Working Student - Customer Support DACH,amboss,3,,,,"grade 0=irrelevant, 1=marginal, 2=relevant, 3=highly relevant"
20260607_sbert_final_validation-ann-0168,sbert-v2-profile-04295,sbert-v2-job-f0b856ff4fbf2ba82876,"Mahasiswa atau early-career candidate untuk Cloud Devops di domain ui ux product. Memiliki minat pada cloud it_support, pengalaman proyek digital, dan mencari lowongan yang sesuai skill inti.",Carrier Sales Representative,cloudtrucks,3,,,,"grade 0=irrelevant, 1=marginal, 2=relevant, 3=highly relevant"
20260607_sbert_final_validation-ann-0169,sbert-v2-profile-04296,sbert-v2-job-db2414f6de60bcec4caa,"Mahasiswa atau early-career candidate untuk Backend di domain software development. Memiliki minat pada machine_learning backend business_analysis data_analysis, pengalaman proyek digital, dan mencari lowongan yang sesuai skill inti.","Data Scientist, Market Ops",Tools for Humanity,3,,,,"grade 0=irrelevant, 1=marginal, 2=relevant, 3=highly relevant"
20260607_sbert_final_validation-ann-0170,sbert-v2-profile-04297,sbert-v2-job-c59802423012e1845bff,"Mahasiswa atau early-career candidate untuk Ui Ux Product di domain software development. Memiliki minat pada machine_learning business_analysis data_analysis it_support, pengalaman proyek digital, dan mencari lowongan yang sesuai skill inti.",CTO Founder Associate - internship,alan,3,,,,"grade 0=irrelevant, 1=marginal, 2=relevant, 3=highly relevant"
20260607_sbert_final_validation-ann-0171,sbert-v2-profile-04298,sbert-v2-job-7d6c3e07833ffa7989ce,"Mahasiswa atau early-career candidate untuk Ui Ux Product di domain data ai. Memiliki minat pada machine_learning business_analysis data_analysis it_support, pengalaman proyek digital, dan mencari lowongan yang sesuai skill inti.",Sales Development Representative,cubesoftware,3,,,,"grade 0=irrelevant, 1=marginal, 2=relevant, 3=highly relevant"
20260607_sbert_final_validation-ann-0172,sbert-v2-profile-04299,sbert-v2-job-815801a29246882a3e01,"Mahasiswa atau early-career candidate untuk Data Analysis di domain software development. Memiliki minat pada data_analysis machine_learning business_analysis cybersecurity, pengalaman proyek digital, dan mencari lowongan yang sesuai skill inti.",Robotics Engineer Intern - Test & Validation,contoro,3,,,,"grade 0=irrelevant, 1=marginal, 2=relevant, 3=highly relevant"
20260607_sbert_final_validation-ann-0173,sbert-v2-profile-04300,sbert-v2-job-f81e06072b7a64af603e,"Mahasiswa atau early-career candidate untuk Machine Learning di domain software development. Memiliki minat pada machine_learning cloud data_analysis cybersecurity, pengalaman proyek digital, dan mencari lowongan yang sesuai skill inti.",Simulation Engineer (Autonomous Driving),42dot,3,,,,"grade 0=irrelevant, 1=marginal, 2=relevant, 3=highly relevant"
20260607_sbert_final_validation-ann-0174,sbert-v2-profile-04301,sbert-v2-job-2b2d695ed1d27ffaa93e,"Mahasiswa atau early-career candidate untuk Cloud Devops di domain software development. Memiliki minat pada cloud machine_learning business_analysis it_support, pengalaman proyek digital, dan mencari lowongan yang sesuai skill inti.",Senior Software Engineer - Data Infrastructure,applied,3,,,,"grade 0=irrelevant, 1=marginal, 2=relevant, 3=highly relevant"
20260607_sbert_final_validation-ann-0175,sbert-v2-profile-04302,sbert-v2-job-3dc79c7193b93ae78a30,"Mahasiswa atau early-career candidate untuk Frontend di domain software development. Memiliki minat pada frontend machine_learning javascript data_analysis, pengalaman proyek digital, dan mencari lowongan yang sesuai skill inti.",Senior Mechanical Engineer - Lithium,Marathon Fusion,3,,,,"grade 0=irrelevant, 1=marginal, 2=relevant, 3=highly relevant"
20260607_sbert_final_validation-ann-0176,sbert-v2-profile-04303,sbert-v2-job-7931a8f573472ace6564,"Mahasiswa atau early-career candidate untuk Data Analysis di domain data ai. Memiliki minat pada data_analysis machine_learning business_analysis digital_marketing, pengalaman proyek digital, dan mencari lowongan yang sesuai skill inti.",Praktikum Commercial Operations & Account Management,carwow,3,,,,"grade 0=irrelevant, 1=marginal, 2=relevant, 3=highly relevant"
20260607_sbert_final_validation-ann-0177,sbert-v2-profile-04304,sbert-v2-job-bf8ec3e2af60b7767fe9,"Mahasiswa atau early-career candidate untuk Qa Testing di domain software development. Memiliki minat pada qa_testing machine_learning business_analysis data_analysis, pengalaman proyek digital, dan mencari lowongan yang sesuai skill inti.","Product Manager Intern, Shipping",backmarket,3,,,,"grade 0=irrelevant, 1=marginal, 2=relevant, 3=highly relevant"
20260607_sbert_final_validation-ann-0178,sbert-v2-profile-04305,sbert-v2-job-60306f1d34e63e5a6f53,"Mahasiswa atau early-career candidate untuk Cloud Devops di domain data ai. Memiliki minat pada cloud machine_learning business_analysis data_analysis, pengalaman proyek digital, dan mencari lowongan yang sesuai skill inti.",Customer Service Advisor,checkatrade,3,,,,"grade 0=irrelevant, 1=marginal, 2=relevant, 3=highly relevant"
20260607_sbert_final_validation-ann-0179,sbert-v2-profile-04306,sbert-v2-job-40f6fdd011533620f619,"Mahasiswa atau early-career candidate untuk Machine Learning di domain data ai. Memiliki minat pada machine_learning data_analysis cloud business_analysis, pengalaman proyek digital, dan mencari lowongan yang sesuai skill inti.","Account Executive, SMB - Austin",1password,3,,,,"grade 0=irrelevant, 1=marginal, 2=relevant, 3=highly relevant"
20260607_sbert_final_validation-ann-0180,sbert-v2-profile-04307,sbert-v2-job-897e532ed7c729c8505f,"Mahasiswa atau early-career candidate untuk Qa Testing di domain data ai. Memiliki minat pada machine_learning qa_testing business_analysis data_analysis, pengalaman proyek digital, dan mencari lowongan yang sesuai skill inti.",Director of Social Group Services (BCBA certification required),annaautismcare,3,,,,"grade 0=irrelevant, 1=marginal, 2=relevant, 3=highly relevant"
20260607_sbert_final_validation-ann-0181,sbert-v2-profile-04308,sbert-v2-job-72162a62349d05d3b5a9,"Mahasiswa atau early-career candidate untuk Data Ai di domain data ai. Memiliki minat pada machine_learning data_analysis sql digital_marketing, pengalaman proyek digital, dan mencari lowongan yang sesuai skill inti.","Working Student, People & Culture (f/m/d)",blacksemiconductor,3,,,,"grade 0=irrelevant, 1=marginal, 2=relevant, 3=highly relevant"
20260607_sbert_final_validation-ann-0182,sbert-v2-profile-04309,sbert-v2-job-66968dda70e2445076be,"Mahasiswa atau early-career candidate untuk Software Development di domain software development. Memiliki minat pada machine_learning it_support business_analysis data_analysis, pengalaman proyek digital, dan mencari lowongan yang sesuai skill inti.",Public Funding Program Specialist,blacksemiconductor,3,,,,"grade 0=irrelevant, 1=marginal, 2=relevant, 3=highly relevant"
20260607_sbert_final_validation-ann-0183,sbert-v2-profile-04800,sbert-v2-job-c74e87e576c514bcd753,"Mahasiswa atau early-career candidate untuk Backend di domain software development. Memiliki minat pada machine_learning backend business_analysis data_analysis, pengalaman proyek digital, dan mencari lowongan yang sesuai skill inti.",Software Engineer - Workbench,applied,3,,,,"grade 0=irrelevant, 1=marginal, 2=relevant, 3=highly relevant"
20260607_sbert_final_validation-ann-0184,sbert-v2-profile-04800,sbert-v2-job-ce2f8f4220f19907bfbb,"Mahasiswa atau early-career candidate untuk Backend di domain software development. Memiliki minat pada machine_learning backend business_analysis data_analysis, pengalaman proyek digital, dan mencari lowongan yang sesuai skill inti.",Commercial Associate Manager,ankar,0,,,,"grade 0=irrelevant, 1=marginal, 2=relevant, 3=highly relevant"
20260607_sbert_final_validation-ann-0185,sbert-v2-profile-04800,sbert-v2-job-99d192af0da5094b1e1d,"Mahasiswa atau early-career candidate untuk Backend di domain software development. Memiliki minat pada machine_learning backend business_analysis data_analysis, pengalaman proyek digital, dan mencari lowongan yang sesuai skill inti.",Client Growth Manager,barnes,0,,,,"grade 0=irrelevant, 1=marginal, 2=relevant, 3=highly relevant"
20260607_sbert_final_validation-ann-0186,sbert-v2-profile-04800,sbert-v2-job-dcc6566f69b7abafaf54,"Mahasiswa atau early-career candidate untuk Backend di domain software development. Memiliki minat pada machine_learning backend business_analysis data_analysis, pengalaman proyek digital, dan mencari lowongan yang sesuai skill inti.",Head of Demand Generation,civilgrid,0,,,,"grade 0=irrelevant, 1=marginal, 2=relevant, 3=highly relevant"
20260607_sbert_final_validation-ann-0187,sbert-v2-profile-04800,sbert-v2-job-d71e13a66d9aed9030a1,"Mahasiswa atau early-career candidate untuk Backend di domain software development. Memiliki minat pada machine_learning backend business_analysis data_analysis, pengalaman proyek digital, dan mencari lowongan yang sesuai skill inti.",Head of Game Production (Casino Originals),block-labs,0,,,,"grade 0=irrelevant, 1=marginal, 2=relevant, 3=highly relevant"
20260607_sbert_final_validation-ann-0188,sbert-v2-profile-04800,sbert-v2-job-4a810e7b437359f45cd8,"Mahasiswa atau early-career candidate untuk Backend di domain software development. Memiliki minat pada machine_learning backend business_analysis data_analysis, pengalaman proyek digital, dan mencari lowongan yang sesuai skill inti.",Principal Product Manager,artsy,0,,,,"grade 0=irrelevant, 1=marginal, 2=relevant, 3=highly relevant"
20260607_sbert_final_validation-ann-0189,sbert-v2-profile-04800,sbert-v2-job-f4db2d1dd7eb7a0f6a32,"Mahasiswa atau early-career candidate untuk Backend di domain software development. Memiliki minat pada machine_learning backend business_analysis data_analysis, pengalaman proyek digital, dan mencari lowongan yang sesuai skill inti.",Performance Marketing Lead,almedia,0,,,,"grade 0=irrelevant, 1=marginal, 2=relevant, 3=highly relevant"
20260607_sbert_final_validation-ann-0190,sbert-v2-profile-04800,sbert-v2-job-f10b974de2642deeb693,"Mahasiswa atau early-career candidate untuk Backend di domain software development. Memiliki minat pada machine_learning backend business_analysis data_analysis, pengalaman proyek digital, dan mencari lowongan yang sesuai skill inti.",Enterprise Engineer,cartesia,1,,,,"grade 0=irrelevant, 1=marginal, 2=relevant, 3=highly relevant"
20260607_sbert_final_validation-ann-0191,sbert-v2-profile-04800,sbert-v2-job-232c8a78719a1b95cae1,"Mahasiswa atau early-career candidate untuk Backend di domain software development. Memiliki minat pada machine_learning backend business_analysis data_analysis, pengalaman proyek digital, dan mencari lowongan yang sesuai skill inti.",Senior Software Engineer - USA,canals,1,,,,"grade 0=irrelevant, 1=marginal, 2=relevant, 3=highly relevant"
20260607_sbert_final_validation-ann-0192,sbert-v2-profile-04800,sbert-v2-job-7450acdac5fafa239c9e,"Mahasiswa atau early-career candidate untuk Backend di domain software development. Memiliki minat pada machine_learning backend business_analysis data_analysis, pengalaman proyek digital, dan mencari lowongan yang sesuai skill inti.",Staff Machine Learning Engineer,bjakcareer,1,,,,"grade 0=irrelevant, 1=marginal, 2=relevant, 3=highly relevant"
20260607_sbert_final_validation-ann-0193,sbert-v2-profile-04800,sbert-v2-job-aff7720d04286d027279,"Mahasiswa atau early-career candidate untuk Backend di domain software development. Memiliki minat pada machine_learning backend business_analysis data_analysis, pengalaman proyek digital, dan mencari lowongan yang sesuai skill inti.",Immigration Paralegal,barnes,1,,,,"grade 0=irrelevant, 1=marginal, 2=relevant, 3=highly relevant"
20260607_sbert_final_validation-ann-0194,sbert-v2-profile-04801,sbert-v2-job-ac0669d3bcc187ae649f,"Mahasiswa atau early-career candidate untuk Ui Ux Product di domain software development. Memiliki minat pada machine_learning business_analysis data_analysis it_support, pengalaman proyek digital, dan mencari lowongan yang sesuai skill inti.",Senior Coach Operations Program Manager,betterup,3,,,,"grade 0=irrelevant, 1=marginal, 2=relevant, 3=highly relevant"
20260607_sbert_final_validation-ann-0195,sbert-v2-profile-04801,sbert-v2-job-871a3a869eb184c95ded,"Mahasiswa atau early-career candidate untuk Ui Ux Product di domain software development. Memiliki minat pada machine_learning business_analysis data_analysis it_support, pengalaman proyek digital, dan mencari lowongan yang sesuai skill inti.",Securities Attorney,barnes,0,,,,"grade 0=irrelevant, 1=marginal, 2=relevant, 3=highly relevant"
20260607_sbert_final_validation-ann-0196,sbert-v2-profile-04801,sbert-v2-job-439e1d3e2ef02407fd1f,"Mahasiswa atau early-career candidate untuk Ui Ux Product di domain software development. Memiliki minat pada machine_learning business_analysis data_analysis it_support, pengalaman proyek digital, dan mencari lowongan yang sesuai skill inti.",People Operations Specialist,anysignal,0,,,,"grade 0=irrelevant, 1=marginal, 2=relevant, 3=highly relevant"
20260607_sbert_final_validation-ann-0197,sbert-v2-profile-04801,sbert-v2-job-5e288ea2be5493991e8d,"Mahasiswa atau early-career candidate untuk Ui Ux Product di domain software development. Memiliki minat pada machine_learning business_analysis data_analysis it_support, pengalaman proyek digital, dan mencari lowongan yang sesuai skill inti.",Senior Account Executive - Broker Channel,arlo,0,,,,"grade 0=irrelevant, 1=marginal, 2=relevant, 3=highly relevant"
20260607_sbert_final_validation-ann-0198,sbert-v2-profile-04801,sbert-v2-job-5de11087c9df91b655d4,"Mahasiswa atau early-career candidate untuk Ui Ux Product di domain software development. Memiliki minat pada machine_learning business_analysis data_analysis it_support, pengalaman proyek digital, dan mencari lowongan yang sesuai skill inti.","Product Manager, AI Agents",assorthealth,0,,,,"grade 0=irrelevant, 1=marginal, 2=relevant, 3=highly relevant"
20260607_sbert_final_validation-ann-0199,sbert-v2-profile-04801,sbert-v2-job-1ccc54f23575a3e13c7e,"Mahasiswa atau early-career candidate untuk Ui Ux Product di domain software development. Memiliki minat pada machine_learning business_analysis data_analysis it_support, pengalaman proyek digital, dan mencari lowongan yang sesuai skill inti.",Account Executive,coram-ai,0,,,,"grade 0=irrelevant, 1=marginal, 2=relevant, 3=highly relevant"
20260607_sbert_final_validation-ann-0200,sbert-v2-profile-04801,sbert-v2-job-4c381873d52bd29ca67e,"Mahasiswa atau early-career candidate untuk Ui Ux Product di domain software development. Memiliki minat pada machine_learning business_analysis data_analysis it_support, pengalaman proyek digital, dan mencari lowongan yang sesuai skill inti.",Senior Technical Support Engineer,conduit,0,,,,"grade 0=irrelevant, 1=marginal, 2=relevant, 3=highly relevant"
20260607_sbert_final_validation-ann-0201,sbert-v2-profile-04801,sbert-v2-job-db80daa3ce9603fe447a,"Mahasiswa atau early-career candidate untuk Ui Ux Product di domain software development. Memiliki minat pada machine_learning business_analysis data_analysis it_support, pengalaman proyek digital, dan mencari lowongan yang sesuai skill inti.",Business Development Representative (French-Speaking),Easygenerator,1,,,,"grade 0=irrelevant, 1=marginal, 2=relevant, 3=highly relevant"
20260607_sbert_final_validation-ann-0202,sbert-v2-profile-04801,sbert-v2-job-2e0b81578f739d94562a,"Mahasiswa atau early-career candidate untuk Ui Ux Product di domain software development. Memiliki minat pada machine_learning business_analysis data_analysis it_support, pengalaman proyek digital, dan mencari lowongan yang sesuai skill inti.",SDR Manager,attio,1,,,,"grade 0=irrelevant, 1=marginal, 2=relevant, 3=highly relevant"
20260607_sbert_final_validation-ann-0203,sbert-v2-profile-04801,sbert-v2-job-88bc098a8732c14c052a,"Mahasiswa atau early-career candidate untuk Ui Ux Product di domain software development. Memiliki minat pada machine_learning business_analysis data_analysis it_support, pengalaman proyek digital, dan mencari lowongan yang sesuai skill inti.",Colorado Day Camp Counselor,avid4,1,,,,"grade 0=irrelevant, 1=marginal, 2=relevant, 3=highly relevant"
20260607_sbert_final_validation-ann-0204,sbert-v2-profile-04801,sbert-v2-job-91d8b46eee9731359c16,"Mahasiswa atau early-career candidate untuk Ui Ux Product di domain software development. Memiliki minat pada machine_learning business_analysis data_analysis it_support, pengalaman proyek digital, dan mencari lowongan yang sesuai skill inti.",Marketing Lead - Spain,anyvan,1,,,,"grade 0=irrelevant, 1=marginal, 2=relevant, 3=highly relevant"
20260607_sbert_final_validation-ann-0205,sbert-v2-profile-04802,sbert-v2-job-a2f5412761476ab98311,"Mahasiswa atau early-career candidate untuk Ui Ux Product di domain data ai. Memiliki minat pada machine_learning business_analysis data_analysis it_support, pengalaman proyek digital, dan mencari lowongan yang sesuai skill inti.",Finance Analyst Intern,LeanTech,3,,,,"grade 0=irrelevant, 1=marginal, 2=relevant, 3=highly relevant"
20260607_sbert_final_validation-ann-0206,sbert-v2-profile-04802,sbert-v2-job-44f82fa94c8da2d349ef,"Mahasiswa atau early-career candidate untuk Ui Ux Product di domain data ai. Memiliki minat pada machine_learning business_analysis data_analysis it_support, pengalaman proyek digital, dan mencari lowongan yang sesuai skill inti.","Inbound Sales Representative, SME & Growth",airwallex,0,,,,"grade 0=irrelevant, 1=marginal, 2=relevant, 3=highly relevant"
20260607_sbert_final_validation-ann-0207,sbert-v2-profile-04802,sbert-v2-job-59ae01da302e90ec503e,"Mahasiswa atau early-career candidate untuk Ui Ux Product di domain data ai. Memiliki minat pada machine_learning business_analysis data_analysis it_support, pengalaman proyek digital, dan mencari lowongan yang sesuai skill inti.",Staff Backend Engineer,Tools for Humanity,0,,,,"grade 0=irrelevant, 1=marginal, 2=relevant, 3=highly relevant"
20260607_sbert_final_validation-ann-0208,sbert-v2-profile-04802,sbert-v2-job-c0eaaf858973c4f0b121,"Mahasiswa atau early-career candidate untuk Ui Ux Product di domain data ai. Memiliki minat pada machine_learning business_analysis data_analysis it_support, pengalaman proyek digital, dan mencari lowongan yang sesuai skill inti.","Sales Manager, Commercial",chainalysis-careers,0,,,,"grade 0=irrelevant, 1=marginal, 2=relevant, 3=highly relevant"
20260607_sbert_final_validation-ann-0209,sbert-v2-profile-04802,sbert-v2-job-75cdbf189e47f0068999,"Mahasiswa atau early-career candidate untuk Ui Ux Product di domain data ai. Memiliki minat pada machine_learning business_analysis data_analysis it_support, pengalaman proyek digital, dan mencari lowongan yang sesuai skill inti.",Learning and Development Lead,cardless,0,,,,"grade 0=irrelevant, 1=marginal, 2=relevant, 3=highly relevant"
20260607_sbert_final_validation-ann-0210,sbert-v2-profile-04802,sbert-v2-job-72162a62349d05d3b5a9,"Mahasiswa atau early-career candidate untuk Ui Ux Product di domain data ai. Memiliki minat pada machine_learning business_analysis data_analysis it_support, pengalaman proyek digital, dan mencari lowongan yang sesuai skill inti.","Working Student, People & Culture (f/m/d)",blacksemiconductor,0,,,,"grade 0=irrelevant, 1=marginal, 2=relevant, 3=highly relevant"
20260607_sbert_final_validation-ann-0211,sbert-v2-profile-04802,sbert-v2-job-3645ccccd37457a54297,"Mahasiswa atau early-career candidate untuk Ui Ux Product di domain data ai. Memiliki minat pada machine_learning business_analysis data_analysis it_support, pengalaman proyek digital, dan mencari lowongan yang sesuai skill inti.",Monitoring and Testing Manager,cardless,0,,,,"grade 0=irrelevant, 1=marginal, 2=relevant, 3=highly relevant"
20260607_sbert_final_validation-ann-0212,sbert-v2-profile-04802,sbert-v2-job-39d632741e002ac69d2b,"Mahasiswa atau early-career candidate untuk Ui Ux Product di domain data ai. Memiliki minat pada machine_learning business_analysis data_analysis it_support, pengalaman proyek digital, dan mencari lowongan yang sesuai skill inti.",Submit your Resume for Future Hiring,credo.ai,1,,,,"grade 0=irrelevant, 1=marginal, 2=relevant, 3=highly relevant"
20260607_sbert_final_validation-ann-0213,sbert-v2-profile-04802,sbert-v2-job-aff46d120a420248759a,"Mahasiswa atau early-career candidate untuk Ui Ux Product di domain data ai. Memiliki minat pada machine_learning business_analysis data_analysis it_support, pengalaman proyek digital, dan mencari lowongan yang sesuai skill inti.",Legal Teaching Assistant,campus,1,,,,"grade 0=irrelevant, 1=marginal, 2=relevant, 3=highly relevant"
20260607_sbert_final_validation-ann-0214,sbert-v2-profile-04802,sbert-v2-job-37d336867a65bd7b35de,"Mahasiswa atau early-career candidate untuk Ui Ux Product di domain data ai. Memiliki minat pada machine_learning business_analysis data_analysis it_support, pengalaman proyek digital, dan mencari lowongan yang sesuai skill inti.",Communications & Family Support Coordinator/ Administrative Support,annaautismcare,1,,,,"grade 0=irrelevant, 1=marginal, 2=relevant, 3=highly relevant"
20260607_sbert_final_validation-ann-0215,sbert-v2-profile-04802,sbert-v2-job-7dc84084914ebe5a766d,"Mahasiswa atau early-career candidate untuk Ui Ux Product di domain data ai. Memiliki minat pada machine_learning business_analysis data_analysis it_support, pengalaman proyek digital, dan mencari lowongan yang sesuai skill inti.",Senior Account Executive - AI Scale Up - Germany,blp-digital,1,,,,"grade 0=irrelevant, 1=marginal, 2=relevant, 3=highly relevant"
20260607_sbert_final_validation-ann-0216,sbert-v2-profile-04803,sbert-v2-job-e1410028fb47eabe6a1e,"Mahasiswa atau early-career candidate untuk Data Analysis di domain software development. Memiliki minat pada data_analysis machine_learning business_analysis cybersecurity, pengalaman proyek digital, dan mencari lowongan yang sesuai skill inti.","Product Manager, Growth",airops,3,,,,"grade 0=irrelevant, 1=marginal, 2=relevant, 3=highly relevant"
20260607_sbert_final_validation-ann-0217,sbert-v2-profile-04803,sbert-v2-job-c35a63b9667d9bf66ca7,"Mahasiswa atau early-career candidate untuk Data Analysis di domain software development. Memiliki minat pada data_analysis machine_learning business_analysis cybersecurity, pengalaman proyek digital, dan mencari lowongan yang sesuai skill inti.","Strategy & Operations Manager, Account Management",betterup,0,,,,"grade 0=irrelevant, 1=marginal, 2=relevant, 3=highly relevant"
20260607_sbert_final_validation-ann-0218,sbert-v2-profile-04803,sbert-v2-job-230c92d3c817d0b42d5e,"Mahasiswa atau early-career candidate untuk Data Analysis di domain software development. Memiliki minat pada data_analysis machine_learning business_analysis cybersecurity, pengalaman proyek digital, dan mencari lowongan yang sesuai skill inti.",Accounting Manager,BranchInsurance,0,,,,"grade 0=irrelevant, 1=marginal, 2=relevant, 3=highly relevant"
20260607_sbert_final_validation-ann-0219,sbert-v2-profile-04803,sbert-v2-job-33065ffee24806515827,"Mahasiswa atau early-career candidate untuk Data Analysis di domain software development. Memiliki minat pada data_analysis machine_learning business_analysis cybersecurity, pengalaman proyek digital, dan mencari lowongan yang sesuai skill inti.",Social Media Specialist,airapps,0,,,,"grade 0=irrelevant, 1=marginal, 2=relevant, 3=highly relevant"
20260607_sbert_final_validation-ann-0220,sbert-v2-profile-04803,sbert-v2-job-ae81a4a5fc0cf98dd3ce,"Mahasiswa atau early-career candidate untuk Data Analysis di domain software development. Memiliki minat pada data_analysis machine_learning business_analysis cybersecurity, pengalaman proyek digital, dan mencari lowongan yang sesuai skill inti.",Senior Full-Stack Engineer,classdojo,0,,,,"grade 0=irrelevant, 1=marginal, 2=relevant, 3=highly relevant"
20260607_sbert_final_validation-ann-0221,sbert-v2-profile-04803,sbert-v2-job-7b34308a312bc23278e9,"Mahasiswa atau early-career candidate untuk Data Analysis di domain software development. Memiliki minat pada data_analysis machine_learning business_analysis cybersecurity, pengalaman proyek digital, dan mencari lowongan yang sesuai skill inti.",Director of Product Design - Payments,airwallex,0,,,,"grade 0=irrelevant, 1=marginal, 2=relevant, 3=highly relevant"
20260607_sbert_final_validation-ann-0222,sbert-v2-profile-04803,sbert-v2-job-61960b0a3c72e1e8a1ec,"Mahasiswa atau early-career candidate untuk Data Analysis di domain software development. Memiliki minat pada data_analysis machine_learning business_analysis cybersecurity, pengalaman proyek digital, dan mencari lowongan yang sesuai skill inti.",Regional Partner Director- NA,camunda,0,,,,"grade 0=irrelevant, 1=marginal, 2=relevant, 3=highly relevant"
20260607_sbert_final_validation-ann-0223,sbert-v2-profile-04803,sbert-v2-job-593c8c1f0c0c15303f44,"Mahasiswa atau early-career candidate untuk Data Analysis di domain software development. Memiliki minat pada data_analysis machine_learning business_analysis cybersecurity, pengalaman proyek digital, dan mencari lowongan yang sesuai skill inti.",Procurement Specialist - Field & Subcontractor Operations,aro.homes,1,,,,"grade 0=irrelevant, 1=marginal, 2=relevant, 3=highly relevant"
20260607_sbert_final_validation-ann-0224,sbert-v2-profile-04803,sbert-v2-job-bbc6d93c688240af247f,"Mahasiswa atau early-career candidate untuk Data Analysis di domain software development. Memiliki minat pada data_analysis machine_learning business_analysis cybersecurity, pengalaman proyek digital, dan mencari lowongan yang sesuai skill inti.",Sales Development Representative,astronomer,1,,,,"grade 0=irrelevant, 1=marginal, 2=relevant, 3=highly relevant"
20260607_sbert_final_validation-ann-0225,sbert-v2-profile-04803,sbert-v2-job-b39a1e3fbd2955b3da14,"Mahasiswa atau early-career candidate untuk Data Analysis di domain software development. Memiliki minat pada data_analysis machine_learning business_analysis cybersecurity, pengalaman proyek digital, dan mencari lowongan yang sesuai skill inti.",Product Designer,amperos,1,,,,"grade 0=irrelevant, 1=marginal, 2=relevant, 3=highly relevant"
20260607_sbert_final_validation-ann-0226,sbert-v2-profile-04803,sbert-v2-job-f5b03dad1b89ec500937,"Mahasiswa atau early-career candidate untuk Data Analysis di domain software development. Memiliki minat pada data_analysis machine_learning business_analysis cybersecurity, pengalaman proyek digital, dan mencari lowongan yang sesuai skill inti.",Surgical Technician- PRN,compass-surgical-partners,1,,,,"grade 0=irrelevant, 1=marginal, 2=relevant, 3=highly relevant"
20260607_sbert_final_validation-ann-0227,sbert-v2-profile-04804,sbert-v2-job-f89271afe56143adff8c,"Mahasiswa atau early-career candidate untuk Machine Learning di domain software development. Memiliki minat pada machine_learning cloud data_analysis cybersecurity, pengalaman proyek digital, dan mencari lowongan yang sesuai skill inti.",QA Engineer Intern,GoVenti,3,,,,"grade 0=irrelevant, 1=marginal, 2=relevant, 3=highly relevant"
20260607_sbert_final_validation-ann-0228,sbert-v2-profile-04804,sbert-v2-job-d65659bfbbd4b20ca220,"Mahasiswa atau early-career candidate untuk Machine Learning di domain software development. Memiliki minat pada machine_learning cloud data_analysis cybersecurity, pengalaman proyek digital, dan mencari lowongan yang sesuai skill inti.",Partner Alliance Analyst,1password,0,,,,"grade 0=irrelevant, 1=marginal, 2=relevant, 3=highly relevant"
20260607_sbert_final_validation-ann-0229,sbert-v2-profile-04804,sbert-v2-job-eae6afbb92b428c1de10,"Mahasiswa atau early-career candidate untuk Machine Learning di domain software development. Memiliki minat pada machine_learning cloud data_analysis cybersecurity, pengalaman proyek digital, dan mencari lowongan yang sesuai skill inti.",Finance & Accounting Senior Associate (f/m/d),bunch,0,,,,"grade 0=irrelevant, 1=marginal, 2=relevant, 3=highly relevant"
20260607_sbert_final_validation-ann-0230,sbert-v2-profile-04804,sbert-v2-job-f19ab0aede3dacf35d3e,"Mahasiswa atau early-career candidate untuk Machine Learning di domain software development. Memiliki minat pada machine_learning cloud data_analysis cybersecurity, pengalaman proyek digital, dan mencari lowongan yang sesuai skill inti.",Security Operations Engineer II,bestow,0,,,,"grade 0=irrelevant, 1=marginal, 2=relevant, 3=highly relevant"
20260607_sbert_final_validation-ann-0231,sbert-v2-profile-04804,sbert-v2-job-8d29b9faabb7995981ff,"Mahasiswa atau early-career candidate untuk Machine Learning di domain software development. Memiliki minat pada machine_learning cloud data_analysis cybersecurity, pengalaman proyek digital, dan mencari lowongan yang sesuai skill inti.",Data Scientist (w/m/d),billie,0,,,,"grade 0=irrelevant, 1=marginal, 2=relevant, 3=highly relevant"
20260607_sbert_final_validation-ann-0232,sbert-v2-profile-04804,sbert-v2-job-ca03f9ca96856e220888,"Mahasiswa atau early-career candidate untuk Machine Learning di domain software development. Memiliki minat pada machine_learning cloud data_analysis cybersecurity, pengalaman proyek digital, dan mencari lowongan yang sesuai skill inti.",Software Engineer — Systems / Real-Time,arago,1,,,,"grade 0=irrelevant, 1=marginal, 2=relevant, 3=highly relevant"
20260607_sbert_final_validation-ann-0233,sbert-v2-profile-04804,sbert-v2-job-2013f9ead08d3e67788f,"Mahasiswa atau early-career candidate untuk Machine Learning di domain software development. Memiliki minat pada machine_learning cloud data_analysis cybersecurity, pengalaman proyek digital, dan mencari lowongan yang sesuai skill inti.","Research Scientist, Program Synthesis & Neuro-symbolic Methods",basis-research,1,,,,"grade 0=irrelevant, 1=marginal, 2=relevant, 3=highly relevant"
20260607_sbert_final_validation-ann-0234,sbert-v2-profile-04804,sbert-v2-job-75e016d82694f166d730,"Mahasiswa atau early-career candidate untuk Machine Learning di domain software development. Memiliki minat pada machine_learning cloud data_analysis cybersecurity, pengalaman proyek digital, dan mencari lowongan yang sesuai skill inti.",Data & ML Pipeline Software Engineer,applied,1,,,,"grade 0=irrelevant, 1=marginal, 2=relevant, 3=highly relevant"
20260607_sbert_final_validation-ann-0235,sbert-v2-profile-04804,sbert-v2-job-4bde9902a1f679397535,"Mahasiswa atau early-career candidate untuk Machine Learning di domain software development. Memiliki minat pada machine_learning cloud data_analysis cybersecurity, pengalaman proyek digital, dan mencari lowongan yang sesuai skill inti.",Sr. Growth Marketing Associate (Contractor),acorns,1,,,,"grade 0=irrelevant, 1=marginal, 2=relevant, 3=highly relevant"
20260607_sbert_final_validation-ann-0236,sbert-v2-profile-04805,sbert-v2-job-514bb65233040c3de771,"Mahasiswa atau early-career candidate untuk Cloud Devops di domain software development. Memiliki minat pada cloud machine_learning business_analysis it_support, pengalaman proyek digital, dan mencari lowongan yang sesuai skill inti.",Senior Site Reliability Engineer,betterup,3,,,,"grade 0=irrelevant, 1=marginal, 2=relevant, 3=highly relevant"
20260607_sbert_final_validation-ann-0237,sbert-v2-profile-04805,sbert-v2-job-f7a91e80c62fdbf29550,"Mahasiswa atau early-career candidate untuk Cloud Devops di domain software development. Memiliki minat pada cloud machine_learning business_analysis it_support, pengalaman proyek digital, dan mencari lowongan yang sesuai skill inti.",Open Application,amboss,0,,,,"grade 0=irrelevant, 1=marginal, 2=relevant, 3=highly relevant"
20260607_sbert_final_validation-ann-0238,sbert-v2-profile-04805,sbert-v2-job-e2400aa56c05de845bb7,"Mahasiswa atau early-career candidate untuk Cloud Devops di domain software development. Memiliki minat pada cloud machine_learning business_analysis it_support, pengalaman proyek digital, dan mencari lowongan yang sesuai skill inti.","Sales Associate, Georgetown (Full-Time)",away,0,,,,"grade 0=irrelevant, 1=marginal, 2=relevant, 3=highly relevant"
20260607_sbert_final_validation-ann-0239,sbert-v2-profile-04805,sbert-v2-job-c33bfced7ec06c48b6e0,"Mahasiswa atau early-career candidate untuk Cloud Devops di domain software development. Memiliki minat pada cloud machine_learning business_analysis it_support, pengalaman proyek digital, dan mencari lowongan yang sesuai skill inti.",Enterprise Account Executive - West,cloudzero,1,,,,"grade 0=irrelevant, 1=marginal, 2=relevant, 3=highly relevant"
20260607_sbert_final_validation-ann-0240,sbert-v2-profile-04805,sbert-v2-job-de8ccb6d5e4b6f6fecbb,"Mahasiswa atau early-career candidate untuk Cloud Devops di domain software development. Memiliki minat pada cloud machine_learning business_analysis it_support, pengalaman proyek digital, dan mencari lowongan yang sesuai skill inti.",Chief People Officer,cloudscaler,1,,,,"grade 0=irrelevant, 1=marginal, 2=relevant, 3=highly relevant"
20260607_sbert_final_validation-ann-0241,sbert-v2-profile-04805,sbert-v2-job-e3e789c4897f282cd1b1,"Mahasiswa atau early-career candidate untuk Cloud Devops di domain software development. Memiliki minat pada cloud machine_learning business_analysis it_support, pengalaman proyek digital, dan mencari lowongan yang sesuai skill inti.","Staff Software Engineer, Product",ambiencehealthcare,1,,,,"grade 0=irrelevant, 1=marginal, 2=relevant, 3=highly relevant"
20260607_sbert_final_validation-ann-0242,sbert-v2-profile-04805,sbert-v2-job-6535c64894544a74d7ef,"Mahasiswa atau early-career candidate untuk Cloud Devops di domain software development. Memiliki minat pada cloud machine_learning business_analysis it_support, pengalaman proyek digital, dan mencari lowongan yang sesuai skill inti.",Technical Product Manager,aim4hire,1,,,,"grade 0=irrelevant, 1=marginal, 2=relevant, 3=highly relevant"
20260607_sbert_final_validation-ann-0243,sbert-v2-profile-04806,sbert-v2-job-c5399fc8069db7cad46f,"Mahasiswa atau early-career candidate untuk Frontend di domain software development. Memiliki minat pada frontend machine_learning javascript data_analysis, pengalaman proyek digital, dan mencari lowongan yang sesuai skill inti.",Software Engineer (Fullstack),clarion,3,,,,"grade 0=irrelevant, 1=marginal, 2=relevant, 3=highly relevant"
20260607_sbert_final_validation-ann-0244,sbert-v2-profile-04806,sbert-v2-job-bbb2a81f949a5a35933c,"Mahasiswa atau early-career candidate untuk Frontend di domain software development. Memiliki minat pada frontend machine_learning javascript data_analysis, pengalaman proyek digital, dan mencari lowongan yang sesuai skill inti.",Office Administrator,candidhealth,0,,,,"grade 0=irrelevant, 1=marginal, 2=relevant, 3=highly relevant"
20260607_sbert_final_validation-ann-0245,sbert-v2-profile-04806,sbert-v2-job-cc262b86615684d417ef,"Mahasiswa atau early-career candidate untuk Frontend di domain software development. Memiliki minat pada frontend machine_learning javascript data_analysis, pengalaman proyek digital, dan mencari lowongan yang sesuai skill inti.",Senior Talent Acquisition Partner - Early Careers,almedia,0,,,,"grade 0=irrelevant, 1=marginal, 2=relevant, 3=highly relevant"
20260607_sbert_final_validation-ann-0246,sbert-v2-profile-04806,sbert-v2-job-50561731c5625ac3db5b,"Mahasiswa atau early-career candidate untuk Frontend di domain software development. Memiliki minat pada frontend machine_learning javascript data_analysis, pengalaman proyek digital, dan mencari lowongan yang sesuai skill inti.","Executive, Office of the CEO (China)",bjakcareer,1,,,,"grade 0=irrelevant, 1=marginal, 2=relevant, 3=highly relevant"
20260607_sbert_final_validation-ann-0247,sbert-v2-profile-04807,sbert-v2-job-59d097f6d26c7a29a3c8,"Mahasiswa atau early-career candidate untuk Data Analysis di domain data ai. Memiliki minat pada data_analysis machine_learning business_analysis digital_marketing, pengalaman proyek digital, dan mencari lowongan yang sesuai skill inti.",Sr. Value Attainment Analyst,ambiencehealthcare,3,,,,"grade 0=irrelevant, 1=marginal, 2=relevant, 3=highly relevant"
20260607_sbert_final_validation-ann-0248,sbert-v2-profile-04807,sbert-v2-job-26d1756b05f32ced94bf,"Mahasiswa atau early-career candidate untuk Data Analysis di domain data ai. Memiliki minat pada data_analysis machine_learning business_analysis digital_marketing, pengalaman proyek digital, dan mencari lowongan yang sesuai skill inti.",Senior Full-Stack Engineer,april,0,,,,"grade 0=irrelevant, 1=marginal, 2=relevant, 3=highly relevant"
20260607_sbert_final_validation-ann-0249,sbert-v2-profile-04807,sbert-v2-job-47ff79b131ecee2a25f3,"Mahasiswa atau early-career candidate untuk Data Analysis di domain data ai. Memiliki minat pada data_analysis machine_learning business_analysis digital_marketing, pengalaman proyek digital, dan mencari lowongan yang sesuai skill inti.",Senior DevOps Engineer - EMEA,coalesce,0,,,,"grade 0=irrelevant, 1=marginal, 2=relevant, 3=highly relevant"
20260607_sbert_final_validation-ann-0250,sbert-v2-profile-04807,sbert-v2-job-7f3afa56c9e139065e1b,"Mahasiswa atau early-career candidate untuk Data Analysis di domain data ai. Memiliki minat pada data_analysis machine_learning business_analysis digital_marketing, pengalaman proyek digital, dan mencari lowongan yang sesuai skill inti.",CMC Consultant,atomic,1,,,,"grade 0=irrelevant, 1=marginal, 2=relevant, 3=highly relevant"
20260607_sbert_final_validation-ann-0251,sbert-v2-profile-04808,sbert-v2-job-2659ddedad02ab3cd48b,"Mahasiswa atau early-career candidate untuk Qa Testing di domain software development. Memiliki minat pada qa_testing machine_learning business_analysis data_analysis, pengalaman proyek digital, dan mencari lowongan yang sesuai skill inti.",Technical Program Manager – Tools,applied,3,,,,"grade 0=irrelevant, 1=marginal, 2=relevant, 3=highly relevant"
20260607_sbert_final_validation-ann-0252,sbert-v2-profile-04808,sbert-v2-job-e5e68623693cac701c69,"Mahasiswa atau early-career candidate untuk Qa Testing di domain software development. Memiliki minat pada qa_testing machine_learning business_analysis data_analysis, pengalaman proyek digital, dan mencari lowongan yang sesuai skill inti.","Senior Director, Human Resources Business Partner - Tech, Product, Data, Analytics and Corporate Functions",a-place-for-mom,0,,,,"grade 0=irrelevant, 1=marginal, 2=relevant, 3=highly relevant"
20260607_sbert_final_validation-ann-0253,sbert-v2-profile-04808,sbert-v2-job-ef317a547d6239fe13b4,"Mahasiswa atau early-career candidate untuk Qa Testing di domain software development. Memiliki minat pada qa_testing machine_learning business_analysis data_analysis, pengalaman proyek digital, dan mencari lowongan yang sesuai skill inti.",Tier 2 Customer Support,atob,0,,,,"grade 0=irrelevant, 1=marginal, 2=relevant, 3=highly relevant"
20260607_sbert_final_validation-ann-0254,sbert-v2-profile-04808,sbert-v2-job-4be93abb1f95d59d4577,"Mahasiswa atau early-career candidate untuk Qa Testing di domain software development. Memiliki minat pada qa_testing machine_learning business_analysis data_analysis, pengalaman proyek digital, dan mencari lowongan yang sesuai skill inti.",Influencer Marketing,customuse,1,,,,"grade 0=irrelevant, 1=marginal, 2=relevant, 3=highly relevant"
20260607_sbert_final_validation-ann-0255,sbert-v2-profile-04809,sbert-v2-job-922e8ed8a513cfd93751,"Mahasiswa atau early-career candidate untuk Cloud Devops di domain data ai. Memiliki minat pada cloud machine_learning business_analysis data_analysis, pengalaman proyek digital, dan mencari lowongan yang sesuai skill inti.",Senior AP Accountant,camunda,3,,,,"grade 0=irrelevant, 1=marginal, 2=relevant, 3=highly relevant"
20260607_sbert_final_validation-ann-0256,sbert-v2-profile-04809,sbert-v2-job-a06a6dfeb50d27335839,"Mahasiswa atau early-career candidate untuk Cloud Devops di domain data ai. Memiliki minat pada cloud machine_learning business_analysis data_analysis, pengalaman proyek digital, dan mencari lowongan yang sesuai skill inti.",Senior Enterprise Account Executive -MA,aquant,1,,,,"grade 0=irrelevant, 1=marginal, 2=relevant, 3=highly relevant"
20260607_sbert_final_validation-ann-0257,sbert-v2-profile-04810,sbert-v2-job-cebaeb7f04af768cf3bd,"Mahasiswa atau early-career candidate untuk Machine Learning di domain data ai. Memiliki minat pada machine_learning data_analysis cloud business_analysis, pengalaman proyek digital, dan mencari lowongan yang sesuai skill inti.","Manager, Customer Success EMEA",1password,3,,,,"grade 0=irrelevant, 1=marginal, 2=relevant, 3=highly relevant"
20260607_sbert_final_validation-ann-0258,sbert-v2-profile-04810,sbert-v2-job-cad63b820c23ea348213,"Mahasiswa atau early-career candidate untuk Machine Learning di domain data ai. Memiliki minat pada machine_learning data_analysis cloud business_analysis, pengalaman proyek digital, dan mencari lowongan yang sesuai skill inti.",AI Product Engineer,camber,1,,,,"grade 0=irrelevant, 1=marginal, 2=relevant, 3=highly relevant"
20260607_sbert_final_validation-ann-0259,sbert-v2-profile-04811,sbert-v2-job-ef33b5ba8bcdc68a4aaa,"Mahasiswa atau early-career candidate untuk Qa Testing di domain data ai. Memiliki minat pada machine_learning qa_testing business_analysis data_analysis, pengalaman proyek digital, dan mencari lowongan yang sesuai skill inti.",Customer Service Advisor,allica-bank,3,,,,"grade 0=irrelevant, 1=marginal, 2=relevant, 3=highly relevant"
20260607_sbert_final_validation-ann-0260,sbert-v2-profile-04811,sbert-v2-job-7c08c643a0cb3d2d8915,"Mahasiswa atau early-career candidate untuk Qa Testing di domain data ai. Memiliki minat pada machine_learning qa_testing business_analysis data_analysis, pengalaman proyek digital, dan mencari lowongan yang sesuai skill inti.",Creative Duo Interns (Art Director / Design & Copywriter FR-EN),backmarket,1,,,,"grade 0=irrelevant, 1=marginal, 2=relevant, 3=highly relevant"
20260607_sbert_final_validation-ann-0261,sbert-v2-profile-04812,sbert-v2-job-72162a62349d05d3b5a9,"Mahasiswa atau early-career candidate untuk Data Ai di domain data ai. Memiliki minat pada machine_learning data_analysis sql digital_marketing, pengalaman proyek digital, dan mencari lowongan yang sesuai skill inti.","Working Student, People & Culture (f/m/d)",blacksemiconductor,3,,,,"grade 0=irrelevant, 1=marginal, 2=relevant, 3=highly relevant"
20260607_sbert_final_validation-ann-0262,sbert-v2-profile-04812,sbert-v2-job-2659ddedad02ab3cd48b,"Mahasiswa atau early-career candidate untuk Data Ai di domain data ai. Memiliki minat pada machine_learning data_analysis sql digital_marketing, pengalaman proyek digital, dan mencari lowongan yang sesuai skill inti.",Technical Program Manager – Tools,applied,1,,,,"grade 0=irrelevant, 1=marginal, 2=relevant, 3=highly relevant"
20260607_sbert_final_validation-ann-0263,sbert-v2-profile-04813,sbert-v2-job-66968dda70e2445076be,"Mahasiswa atau early-career candidate untuk Software Development di domain software development. Memiliki minat pada machine_learning it_support business_analysis data_analysis, pengalaman proyek digital, dan mencari lowongan yang sesuai skill inti.",Public Funding Program Specialist,blacksemiconductor,3,,,,"grade 0=irrelevant, 1=marginal, 2=relevant, 3=highly relevant"
20260607_sbert_final_validation-ann-0264,sbert-v2-profile-04813,sbert-v2-job-f4996c227368f2e69731,"Mahasiswa atau early-career candidate untuk Software Development di domain software development. Memiliki minat pada machine_learning it_support business_analysis data_analysis, pengalaman proyek digital, dan mencari lowongan yang sesuai skill inti.",District Partnerships Manager,classdojo,1,,,,"grade 0=irrelevant, 1=marginal, 2=relevant, 3=highly relevant"
20260607_sbert_final_validation-ann-0265,sbert-v2-profile-04814,sbert-v2-job-eded8808795d7f547176,"Mahasiswa atau early-career candidate untuk Business Analysis di domain software development. Memiliki minat pada business_analysis machine_learning qa_testing data_analysis, pengalaman proyek digital, dan mencari lowongan yang sesuai skill inti.",Senior Business Analyst (ServiceNow),Technitask,3,,,,"grade 0=irrelevant, 1=marginal, 2=relevant, 3=highly relevant"
20260607_sbert_final_validation-ann-0266,sbert-v2-profile-04814,sbert-v2-job-84b9787e2cb9779c81e3,"Mahasiswa atau early-career candidate untuk Business Analysis di domain software development. Memiliki minat pada business_analysis machine_learning qa_testing data_analysis, pengalaman proyek digital, dan mencari lowongan yang sesuai skill inti.",Account Executive - France 🇫🇷 (Retail industry),alan,1,,,,"grade 0=irrelevant, 1=marginal, 2=relevant, 3=highly relevant"
20260607_sbert_final_validation-ann-0267,sbert-v2-profile-04815,sbert-v2-job-1d7d2a461521c9e75a88,"Mahasiswa atau early-career candidate untuk Backend di domain data ai. Memiliki minat pada machine_learning cybersecurity product_design business_analysis, pengalaman proyek digital, dan mencari lowongan yang sesuai skill inti.",Science Community Lead,bio,3,,,,"grade 0=irrelevant, 1=marginal, 2=relevant, 3=highly relevant"
20260607_sbert_final_validation-ann-0268,sbert-v2-profile-04815,sbert-v2-job-b1a7e6def92bab1bd6f4,"Mahasiswa atau early-career candidate untuk Backend di domain data ai. Memiliki minat pada machine_learning cybersecurity product_design business_analysis, pengalaman proyek digital, dan mencari lowongan yang sesuai skill inti.","Senior Account Executive, SME & Growth (Spend)",airwallex,1,,,,"grade 0=irrelevant, 1=marginal, 2=relevant, 3=highly relevant"
20260607_sbert_final_validation-ann-0269,sbert-v2-profile-04816,sbert-v2-job-53774e7c396b253cb51d,"Mahasiswa atau early-career candidate untuk Business Analysis di domain data ai. Memiliki minat pada machine_learning business_analysis digital_marketing qa_testing, pengalaman proyek digital, dan mencari lowongan yang sesuai skill inti.",Registered Behavior Technician (RBT),applied-behavioral-services,3,,,,"grade 0=irrelevant, 1=marginal, 2=relevant, 3=highly relevant"
20260607_sbert_final_validation-ann-0270,sbert-v2-profile-04816,sbert-v2-job-befd358c176c921f97c6,"Mahasiswa atau early-career candidate untuk Business Analysis di domain data ai. Memiliki minat pada machine_learning business_analysis digital_marketing qa_testing, pengalaman proyek digital, dan mencari lowongan yang sesuai skill inti.",Robot Delivery Technician,cocodelivery,1,,,,"grade 0=irrelevant, 1=marginal, 2=relevant, 3=highly relevant"
20260607_sbert_final_validation-ann-0271,sbert-v2-profile-04817,sbert-v2-job-9a6cc04bda6d87cf0467,"Mahasiswa atau early-career candidate untuk Digital Marketing di domain data ai. Memiliki minat pada it_support data_analysis digital_marketing machine_learning, pengalaman proyek digital, dan mencari lowongan yang sesuai skill inti.","(Junior) Clinical Engagement Representative DACH (MD, Medical Doctor)",amboss,3,,,,"grade 0=irrelevant, 1=marginal, 2=relevant, 3=highly relevant"
20260607_sbert_final_validation-ann-0272,sbert-v2-profile-04817,sbert-v2-job-5010c454e8f1dfcd73cd,"Mahasiswa atau early-career candidate untuk Digital Marketing di domain data ai. Memiliki minat pada it_support data_analysis digital_marketing machine_learning, pengalaman proyek digital, dan mencari lowongan yang sesuai skill inti.","Senior Software Engineer, Data",camber,1,,,,"grade 0=irrelevant, 1=marginal, 2=relevant, 3=highly relevant"
20260607_sbert_final_validation-ann-0273,sbert-v2-profile-04818,sbert-v2-job-3400e40efc5045502ff9,"Mahasiswa atau early-career candidate untuk Digital Marketing di domain digital marketing. Memiliki minat pada digital_marketing, pengalaman proyek digital, dan mencari lowongan yang sesuai skill inti.","Account Executive, Japan（リモート）",cambly,3,,,,"grade 0=irrelevant, 1=marginal, 2=relevant, 3=highly relevant"
20260607_sbert_final_validation-ann-0274,sbert-v2-profile-04819,sbert-v2-job-bfc1289aa5e2e8c5088f,"Mahasiswa atau early-career candidate untuk Ui Ux Product di domain ui ux product. Memiliki minat pada product_design qa_testing, pengalaman proyek digital, dan mencari lowongan yang sesuai skill inti.",UX/Product Researcher (6 months Contract),bounce,3,,,,"grade 0=irrelevant, 1=marginal, 2=relevant, 3=highly relevant"
20260607_sbert_final_validation-ann-0275,sbert-v2-profile-04820,sbert-v2-job-c9549c5710eacd626d51,"Mahasiswa atau early-career candidate untuk Cloud Devops di domain digital marketing. Memiliki minat pada cloud cybersecurity digital_marketing, pengalaman proyek digital, dan mencari lowongan yang sesuai skill inti.",Manager Infrastructure & Security (m/w/d),blacksemiconductor,3,,,,"grade 0=irrelevant, 1=marginal, 2=relevant, 3=highly relevant"
20260607_sbert_final_validation-ann-0276,sbert-v2-profile-04821,sbert-v2-job-b6b572c99336402dab73,"Mahasiswa atau early-career candidate untuk Ui Ux Product di domain digital marketing. Memiliki minat pada digital_marketing machine_learning, pengalaman proyek digital, dan mencari lowongan yang sesuai skill inti.",Talent Acquisition Specialist - Teilzeit (m/w/d),buildlinx,3,,,,"grade 0=irrelevant, 1=marginal, 2=relevant, 3=highly relevant"
20260607_sbert_final_validation-ann-0277,sbert-v2-profile-04822,sbert-v2-job-7613438d7b8064a5c492,"Mahasiswa atau early-career candidate untuk Digital Marketing di domain software development. Memiliki minat pada machine_learning, pengalaman proyek digital, dan mencari lowongan yang sesuai skill inti.",Working Student - Customer Support DACH,amboss,3,,,,"grade 0=irrelevant, 1=marginal, 2=relevant, 3=highly relevant"
20260607_sbert_final_validation-ann-0278,sbert-v2-profile-04823,sbert-v2-job-f0b856ff4fbf2ba82876,"Mahasiswa atau early-career candidate untuk Cloud Devops di domain ui ux product. Memiliki minat pada cloud it_support, pengalaman proyek digital, dan mencari lowongan yang sesuai skill inti.",Carrier Sales Representative,cloudtrucks,3,,,,"grade 0=irrelevant, 1=marginal, 2=relevant, 3=highly relevant"
20260607_sbert_final_validation-ann-0279,sbert-v2-profile-04824,sbert-v2-job-b9e31ed46d0fe2d98478,"Mahasiswa atau early-career candidate untuk Backend di domain software development. Memiliki minat pada machine_learning backend business_analysis data_analysis, pengalaman proyek digital, dan mencari lowongan yang sesuai skill inti.","Director, Talent Development (Relocate to Singapore)",airwallex,3,,,,"grade 0=irrelevant, 1=marginal, 2=relevant, 3=highly relevant"
20260607_sbert_final_validation-ann-0280,sbert-v2-profile-04825,sbert-v2-job-66f3b40d454972d51cc6,"Mahasiswa atau early-career candidate untuk Ui Ux Product di domain software development. Memiliki minat pada machine_learning business_analysis data_analysis it_support, pengalaman proyek digital, dan mencari lowongan yang sesuai skill inti.","Staff Supplier Industrialization Engineer, Electrical",biofire,3,,,,"grade 0=irrelevant, 1=marginal, 2=relevant, 3=highly relevant"
20260607_sbert_final_validation-ann-0281,sbert-v2-profile-04826,sbert-v2-job-93ee856d82884e8be914,"Mahasiswa atau early-career candidate untuk Ui Ux Product di domain data ai. Memiliki minat pada machine_learning business_analysis data_analysis it_support, pengalaman proyek digital, dan mencari lowongan yang sesuai skill inti.",Sales Manager,cubesoftware,3,,,,"grade 0=irrelevant, 1=marginal, 2=relevant, 3=highly relevant"
20260607_sbert_final_validation-ann-0282,sbert-v2-profile-04827,sbert-v2-job-e1410028fb47eabe6a1e,"Mahasiswa atau early-career candidate untuk Data Analysis di domain software development. Memiliki minat pada data_analysis machine_learning business_analysis cybersecurity, pengalaman proyek digital, dan mencari lowongan yang sesuai skill inti.","Product Manager, Growth",airops,3,,,,"grade 0=irrelevant, 1=marginal, 2=relevant, 3=highly relevant"
20260607_sbert_final_validation-ann-0283,sbert-v2-profile-04828,sbert-v2-job-f9eadee7c367bb6d3ac2,"Mahasiswa atau early-career candidate untuk Machine Learning di domain software development. Memiliki minat pada machine_learning cloud data_analysis cybersecurity, pengalaman proyek digital, dan mencari lowongan yang sesuai skill inti.",Brand Design Lead,cradlebio,3,,,,"grade 0=irrelevant, 1=marginal, 2=relevant, 3=highly relevant"
20260607_sbert_final_validation-ann-0284,sbert-v2-profile-04829,sbert-v2-job-4ac3fd812cd6f98c9ddb,"Mahasiswa atau early-career candidate untuk Cloud Devops di domain software development. Memiliki minat pada cloud machine_learning business_analysis it_support, pengalaman proyek digital, dan mencari lowongan yang sesuai skill inti.","Director, IT",Nautilus Biotechnology,3,,,,"grade 0=irrelevant, 1=marginal, 2=relevant, 3=highly relevant"
20260607_sbert_final_validation-ann-0285,sbert-v2-profile-04830,sbert-v2-job-ee8b64af71a8a5dc84f5,"Mahasiswa atau early-career candidate untuk Frontend di domain software development. Memiliki minat pada frontend machine_learning javascript data_analysis, pengalaman proyek digital, dan mencari lowongan yang sesuai skill inti.",Founding Engineer (Fullstack TypeScript),cluely,3,,,,"grade 0=irrelevant, 1=marginal, 2=relevant, 3=highly relevant"
20260607_sbert_final_validation-ann-0286,sbert-v2-profile-04831,sbert-v2-job-eac758eab0a6987ea328,"Mahasiswa atau early-career candidate untuk Data Analysis di domain data ai. Memiliki minat pada data_analysis machine_learning business_analysis digital_marketing, pengalaman proyek digital, dan mencari lowongan yang sesuai skill inti.",Culture & Community Specialist,acorns,3,,,,"grade 0=irrelevant, 1=marginal, 2=relevant, 3=highly relevant"
20260607_sbert_final_validation-ann-0287,sbert-v2-profile-04832,sbert-v2-job-655d8daf181c225b3b4b,"Mahasiswa atau early-career candidate untuk Qa Testing di domain software development. Memiliki minat pada qa_testing machine_learning business_analysis data_analysis, pengalaman proyek digital, dan mencari lowongan yang sesuai skill inti.",Forward Deployed Engineer,antithesis,3,,,,"grade 0=irrelevant, 1=marginal, 2=relevant, 3=highly relevant"
20260607_sbert_final_validation-ann-0288,sbert-v2-profile-04833,sbert-v2-job-56bc9c2801dbf1def682,"Mahasiswa atau early-career candidate untuk Cloud Devops di domain data ai. Memiliki minat pada cloud machine_learning business_analysis data_analysis, pengalaman proyek digital, dan mencari lowongan yang sesuai skill inti.","Privacy, Information Governance & eDiscovery Analyst",chainalysis-careers,3,,,,"grade 0=irrelevant, 1=marginal, 2=relevant, 3=highly relevant"
20260607_sbert_final_validation-ann-0289,sbert-v2-profile-04834,sbert-v2-job-d782455151860fb799ea,"Mahasiswa atau early-career candidate untuk Machine Learning di domain data ai. Memiliki minat pada machine_learning data_analysis cloud business_analysis, pengalaman proyek digital, dan mencari lowongan yang sesuai skill inti.","Account Executive, Commercial",1password,3,,,,"grade 0=irrelevant, 1=marginal, 2=relevant, 3=highly relevant"
20260607_sbert_final_validation-ann-0290,sbert-v2-profile-04835,sbert-v2-job-ef33b5ba8bcdc68a4aaa,"Mahasiswa atau early-career candidate untuk Qa Testing di domain data ai. Memiliki minat pada machine_learning qa_testing business_analysis data_analysis, pengalaman proyek digital, dan mencari lowongan yang sesuai skill inti.",Customer Service Advisor,allica-bank,3,,,,"grade 0=irrelevant, 1=marginal, 2=relevant, 3=highly relevant"
20260607_sbert_final_validation-ann-0291,sbert-v2-profile-04836,sbert-v2-job-a2fa0e2cd4ccd705064d,"Mahasiswa atau early-career candidate untuk Data Ai di domain data ai. Memiliki minat pada machine_learning data_analysis sql digital_marketing, pengalaman proyek digital, dan mencari lowongan yang sesuai skill inti.",General Application,conscious-talent,3,,,,"grade 0=irrelevant, 1=marginal, 2=relevant, 3=highly relevant"
20260607_sbert_final_validation-ann-0292,sbert-v2-profile-04837,sbert-v2-job-66968dda70e2445076be,"Mahasiswa atau early-career candidate untuk Software Development di domain software development. Memiliki minat pada machine_learning it_support business_analysis data_analysis, pengalaman proyek digital, dan mencari lowongan yang sesuai skill inti.",Public Funding Program Specialist,blacksemiconductor,3,,,,"grade 0=irrelevant, 1=marginal, 2=relevant, 3=highly relevant"
20260607_sbert_final_validation-ann-0293,sbert-v2-profile-04838,sbert-v2-job-eded8808795d7f547176,"Mahasiswa atau early-career candidate untuk Business Analysis di domain software development. Memiliki minat pada business_analysis machine_learning qa_testing data_analysis, pengalaman proyek digital, dan mencari lowongan yang sesuai skill inti.",Senior Business Analyst (ServiceNow),Technitask,3,,,,"grade 0=irrelevant, 1=marginal, 2=relevant, 3=highly relevant"
20260607_sbert_final_validation-ann-0294,sbert-v2-profile-04839,sbert-v2-job-435152adfaa887f18f5b,"Mahasiswa atau early-career candidate untuk Backend di domain data ai. Memiliki minat pada machine_learning cybersecurity product_design business_analysis, pengalaman proyek digital, dan mencari lowongan yang sesuai skill inti.",Community Manager,colonist,3,,,,"grade 0=irrelevant, 1=marginal, 2=relevant, 3=highly relevant"
20260607_sbert_final_validation-ann-0295,sbert-v2-profile-04840,sbert-v2-job-f9a677f9b39326bc8f1b,"Mahasiswa atau early-career candidate untuk Business Analysis di domain data ai. Memiliki minat pada machine_learning business_analysis digital_marketing qa_testing, pengalaman proyek digital, dan mencari lowongan yang sesuai skill inti.",Social Coordinator,acquisition,3,,,,"grade 0=irrelevant, 1=marginal, 2=relevant, 3=highly relevant"
20260607_sbert_final_validation-ann-0296,sbert-v2-profile-04841,sbert-v2-job-9860a86aea15454b8bc4,"Mahasiswa atau early-career candidate untuk Digital Marketing di domain data ai. Memiliki minat pada it_support data_analysis digital_marketing machine_learning, pengalaman proyek digital, dan mencari lowongan yang sesuai skill inti.",Senior Media Buyer,ace-1-media,3,,,,"grade 0=irrelevant, 1=marginal, 2=relevant, 3=highly relevant"
20260607_sbert_final_validation-ann-0297,sbert-v2-profile-04842,sbert-v2-job-3400e40efc5045502ff9,"Mahasiswa atau early-career candidate untuk Digital Marketing di domain digital marketing. Memiliki minat pada digital_marketing, pengalaman proyek digital, dan mencari lowongan yang sesuai skill inti.","Account Executive, Japan（リモート）",cambly,3,,,,"grade 0=irrelevant, 1=marginal, 2=relevant, 3=highly relevant"
20260607_sbert_final_validation-ann-0298,sbert-v2-profile-04843,sbert-v2-job-bfc1289aa5e2e8c5088f,"Mahasiswa atau early-career candidate untuk Ui Ux Product di domain ui ux product. Memiliki minat pada product_design qa_testing, pengalaman proyek digital, dan mencari lowongan yang sesuai skill inti.",UX/Product Researcher (6 months Contract),bounce,3,,,,"grade 0=irrelevant, 1=marginal, 2=relevant, 3=highly relevant"
20260607_sbert_final_validation-ann-0299,sbert-v2-profile-04844,sbert-v2-job-c9549c5710eacd626d51,"Mahasiswa atau early-career candidate untuk Cloud Devops di domain digital marketing. Memiliki minat pada cloud cybersecurity digital_marketing, pengalaman proyek digital, dan mencari lowongan yang sesuai skill inti.",Manager Infrastructure & Security (m/w/d),blacksemiconductor,3,,,,"grade 0=irrelevant, 1=marginal, 2=relevant, 3=highly relevant"
20260607_sbert_final_validation-ann-0300,sbert-v2-profile-04845,sbert-v2-job-b6b572c99336402dab73,"Mahasiswa atau early-career candidate untuk Ui Ux Product di domain digital marketing. Memiliki minat pada digital_marketing machine_learning, pengalaman proyek digital, dan mencari lowongan yang sesuai skill inti.",Talent Acquisition Specialist - Teilzeit (m/w/d),buildlinx,3,,,,"grade 0=irrelevant, 1=marginal, 2=relevant, 3=highly relevant"
20260607_sbert_final_validation-ann-0301,sbert-v2-profile-04846,sbert-v2-job-7613438d7b8064a5c492,"Mahasiswa atau early-career candidate untuk Digital Marketing di domain software development. Memiliki minat pada machine_learning, pengalaman proyek digital, dan mencari lowongan yang sesuai skill inti.",Working Student - Customer Support DACH,amboss,3,,,,"grade 0=irrelevant, 1=marginal, 2=relevant, 3=highly relevant"
20260607_sbert_final_validation-ann-0302,sbert-v2-profile-04847,sbert-v2-job-f0b856ff4fbf2ba82876,"Mahasiswa atau early-career candidate untuk Cloud Devops di domain ui ux product. Memiliki minat pada cloud it_support, pengalaman proyek digital, dan mencari lowongan yang sesuai skill inti.",Carrier Sales Representative,cloudtrucks,3,,,,"grade 0=irrelevant, 1=marginal, 2=relevant, 3=highly relevant"
20260607_sbert_final_validation-ann-0303,sbert-v2-profile-04848,sbert-v2-job-359535bfc52e89721206,"Mahasiswa atau early-career candidate untuk Backend di domain software development. Memiliki minat pada machine_learning backend business_analysis data_analysis, pengalaman proyek digital, dan mencari lowongan yang sesuai skill inti.",Senior Data Scientist,clearco,3,,,,"grade 0=irrelevant, 1=marginal, 2=relevant, 3=highly relevant"
20260607_sbert_final_validation-ann-0304,sbert-v2-profile-04849,sbert-v2-job-e2507afce814f1bfdb78,"Mahasiswa atau early-career candidate untuk Ui Ux Product di domain software development. Memiliki minat pada machine_learning business_analysis data_analysis it_support, pengalaman proyek digital, dan mencari lowongan yang sesuai skill inti.",Senior Software Engineer,camber,3,,,,"grade 0=irrelevant, 1=marginal, 2=relevant, 3=highly relevant"
20260607_sbert_final_validation-ann-0305,sbert-v2-profile-04850,sbert-v2-job-270c084c1e76b2aeb64e,"Mahasiswa atau early-career candidate untuk Ui Ux Product di domain data ai. Memiliki minat pada machine_learning business_analysis data_analysis it_support, pengalaman proyek digital, dan mencari lowongan yang sesuai skill inti.",Client Experience Coordinator,acquisition,3,,,,"grade 0=irrelevant, 1=marginal, 2=relevant, 3=highly relevant"
20260607_sbert_final_validation-ann-0306,sbert-v2-profile-04851,sbert-v2-job-8ada5e6aa99f2a76e5e5,"Mahasiswa atau early-career candidate untuk Data Analysis di domain software development. Memiliki minat pada data_analysis machine_learning business_analysis cybersecurity, pengalaman proyek digital, dan mencari lowongan yang sesuai skill inti.",Senior Field Scientist,alembic,3,,,,"grade 0=irrelevant, 1=marginal, 2=relevant, 3=highly relevant"
20260607_sbert_final_validation-ann-0307,sbert-v2-profile-04852,sbert-v2-job-4a916479ccb4b2e0f889,"Mahasiswa atau early-career candidate untuk Machine Learning di domain software development. Memiliki minat pada machine_learning cloud data_analysis cybersecurity, pengalaman proyek digital, dan mencari lowongan yang sesuai skill inti.",Analytics Engineer,almedia,3,,,,"grade 0=irrelevant, 1=marginal, 2=relevant, 3=highly relevant"
20260607_sbert_final_validation-ann-0308,sbert-v2-profile-04853,sbert-v2-job-91b3cc0670c69d9f6f61,"Mahasiswa atau early-career candidate untuk Cloud Devops di domain software development. Memiliki minat pada cloud machine_learning business_analysis it_support, pengalaman proyek digital, dan mencari lowongan yang sesuai skill inti.",Technical Account Manager - UK,camunda,3,,,,"grade 0=irrelevant, 1=marginal, 2=relevant, 3=highly relevant"
20260607_sbert_final_validation-ann-0309,sbert-v2-profile-04854,sbert-v2-job-a323262e99925586b585,"Mahasiswa atau early-career candidate untuk Frontend di domain software development. Memiliki minat pada frontend machine_learning javascript data_analysis, pengalaman proyek digital, dan mencari lowongan yang sesuai skill inti.",Mobile Engineer (React Native),backpack,3,,,,"grade 0=irrelevant, 1=marginal, 2=relevant, 3=highly relevant"
20260607_sbert_final_validation-ann-0310,sbert-v2-profile-04855,sbert-v2-job-93b14ad50d2835ffa807,"Mahasiswa atau early-career candidate untuk Data Analysis di domain data ai. Memiliki minat pada data_analysis machine_learning business_analysis digital_marketing, pengalaman proyek digital, dan mencari lowongan yang sesuai skill inti.",Sales Manager - Inbound,anyvan,3,,,,"grade 0=irrelevant, 1=marginal, 2=relevant, 3=highly relevant"
20260607_sbert_final_validation-ann-0311,sbert-v2-profile-04856,sbert-v2-job-a0f4fb5812c8cb3d1216,"Mahasiswa atau early-career candidate untuk Qa Testing di domain software development. Memiliki minat pada qa_testing machine_learning business_analysis data_analysis, pengalaman proyek digital, dan mencari lowongan yang sesuai skill inti.",Electronics Engineering Manager,comind,3,,,,"grade 0=irrelevant, 1=marginal, 2=relevant, 3=highly relevant"
20260607_sbert_final_validation-ann-0312,sbert-v2-profile-04857,sbert-v2-job-4efc1b52a71d4361f34f,"Mahasiswa atau early-career candidate untuk Cloud Devops di domain data ai. Memiliki minat pada cloud machine_learning business_analysis data_analysis, pengalaman proyek digital, dan mencari lowongan yang sesuai skill inti.",Shipping Operations & Fulfillment Coordinator,cloudtrucks,3,,,,"grade 0=irrelevant, 1=marginal, 2=relevant, 3=highly relevant"
20260607_sbert_final_validation-ann-0313,sbert-v2-profile-04858,sbert-v2-job-318dbed0e4bf1fffc8e5,"Mahasiswa atau early-career candidate untuk Machine Learning di domain data ai. Memiliki minat pada machine_learning data_analysis cloud business_analysis, pengalaman proyek digital, dan mencari lowongan yang sesuai skill inti.","Account Executive, Enterprise - New York City Metro",1password,3,,,,"grade 0=irrelevant, 1=marginal, 2=relevant, 3=highly relevant"
20260607_sbert_final_validation-ann-0314,sbert-v2-profile-04859,sbert-v2-job-5d18236eab0b0627d0b4,"Mahasiswa atau early-career candidate untuk Qa Testing di domain data ai. Memiliki minat pada machine_learning qa_testing business_analysis data_analysis, pengalaman proyek digital, dan mencari lowongan yang sesuai skill inti.",VP Clinical Development,Resilience Care,3,,,,"grade 0=irrelevant, 1=marginal, 2=relevant, 3=highly relevant"
20260607_sbert_final_validation-ann-0315,sbert-v2-profile-04860,sbert-v2-job-72162a62349d05d3b5a9,"Mahasiswa atau early-career candidate untuk Data Ai di domain data ai. Memiliki minat pada machine_learning data_analysis sql digital_marketing, pengalaman proyek digital, dan mencari lowongan yang sesuai skill inti.","Working Student, People & Culture (f/m/d)",blacksemiconductor,3,,,,"grade 0=irrelevant, 1=marginal, 2=relevant, 3=highly relevant"
20260607_sbert_final_validation-ann-0316,sbert-v2-profile-04861,sbert-v2-job-65c031add15d1d4acb89,"Mahasiswa atau early-career candidate untuk Software Development di domain software development. Memiliki minat pada machine_learning it_support business_analysis data_analysis, pengalaman proyek digital, dan mencari lowongan yang sesuai skill inti.",Public Funding Program Specialist (f/m/d),blacksemiconductor,3,,,,"grade 0=irrelevant, 1=marginal, 2=relevant, 3=highly relevant"
20260607_sbert_final_validation-ann-0317,sbert-v2-profile-04862,sbert-v2-job-ec3340cc75bbf371829a,"Mahasiswa atau early-career candidate untuk Business Analysis di domain software development. Memiliki minat pada business_analysis machine_learning qa_testing data_analysis, pengalaman proyek digital, dan mencari lowongan yang sesuai skill inti.",FinCrime Business Analyst,clearbank,3,,,,"grade 0=irrelevant, 1=marginal, 2=relevant, 3=highly relevant"
20260607_sbert_final_validation-ann-0318,sbert-v2-profile-04863,sbert-v2-job-aa4f32d4d5a7bdcffbcf,"Mahasiswa atau early-career candidate untuk Backend di domain data ai. Memiliki minat pada machine_learning cybersecurity product_design business_analysis, pengalaman proyek digital, dan mencari lowongan yang sesuai skill inti.",Member of Technical Staff - ML Infrastructure & Performance,Moonlake,3,,,,"grade 0=irrelevant, 1=marginal, 2=relevant, 3=highly relevant"
20260607_sbert_final_validation-ann-0319,sbert-v2-profile-04864,sbert-v2-job-83ae0571e108c700132d,"Mahasiswa atau early-career candidate untuk Business Analysis di domain data ai. Memiliki minat pada machine_learning business_analysis digital_marketing qa_testing, pengalaman proyek digital, dan mencari lowongan yang sesuai skill inti.",Senior Project Manager (Connected service),42dot,3,,,,"grade 0=irrelevant, 1=marginal, 2=relevant, 3=highly relevant"
20260607_sbert_final_validation-ann-0320,sbert-v2-profile-04865,sbert-v2-job-9860a86aea15454b8bc4,"Mahasiswa atau early-career candidate untuk Digital Marketing di domain data ai. Memiliki minat pada it_support data_analysis digital_marketing machine_learning, pengalaman proyek digital, dan mencari lowongan yang sesuai skill inti.",Senior Media Buyer,ace-1-media,3,,,,"grade 0=irrelevant, 1=marginal, 2=relevant, 3=highly relevant"
20260607_sbert_final_validation-ann-0321,sbert-v2-profile-04866,sbert-v2-job-a21678d0d612178dd522,"Mahasiswa atau early-career candidate untuk Digital Marketing di domain digital marketing. Memiliki minat pada digital_marketing, pengalaman proyek digital, dan mencari lowongan yang sesuai skill inti.","Marketing Specialist, Japan（リモート）",cambly,3,,,,"grade 0=irrelevant, 1=marginal, 2=relevant, 3=highly relevant"
20260607_sbert_final_validation-ann-0322,sbert-v2-profile-04867,sbert-v2-job-bfc1289aa5e2e8c5088f,"Mahasiswa atau early-career candidate untuk Ui Ux Product di domain ui ux product. Memiliki minat pada product_design qa_testing, pengalaman proyek digital, dan mencari lowongan yang sesuai skill inti.",UX/Product Researcher (6 months Contract),bounce,3,,,,"grade 0=irrelevant, 1=marginal, 2=relevant, 3=highly relevant"
20260607_sbert_final_validation-ann-0323,sbert-v2-profile-04868,sbert-v2-job-c9549c5710eacd626d51,"Mahasiswa atau early-career candidate untuk Cloud Devops di domain digital marketing. Memiliki minat pada cloud cybersecurity digital_marketing, pengalaman proyek digital, dan mencari lowongan yang sesuai skill inti.",Manager Infrastructure & Security (m/w/d),blacksemiconductor,3,,,,"grade 0=irrelevant, 1=marginal, 2=relevant, 3=highly relevant"
20260607_sbert_final_validation-ann-0324,sbert-v2-profile-04869,sbert-v2-job-b6b572c99336402dab73,"Mahasiswa atau early-career candidate untuk Ui Ux Product di domain digital marketing. Memiliki minat pada digital_marketing machine_learning, pengalaman proyek digital, dan mencari lowongan yang sesuai skill inti.",Talent Acquisition Specialist - Teilzeit (m/w/d),buildlinx,3,,,,"grade 0=irrelevant, 1=marginal, 2=relevant, 3=highly relevant"
20260607_sbert_final_validation-ann-0325,sbert-v2-profile-04870,sbert-v2-job-7613438d7b8064a5c492,"Mahasiswa atau early-career candidate untuk Digital Marketing di domain software development. Memiliki minat pada machine_learning, pengalaman proyek digital, dan mencari lowongan yang sesuai skill inti.",Working Student - Customer Support DACH,amboss,3,,,,"grade 0=irrelevant, 1=marginal, 2=relevant, 3=highly relevant"
20260607_sbert_final_validation-ann-0326,sbert-v2-profile-04871,sbert-v2-job-f0b856ff4fbf2ba82876,"Mahasiswa atau early-career candidate untuk Cloud Devops di domain ui ux product. Memiliki minat pada cloud it_support, pengalaman proyek digital, dan mencari lowongan yang sesuai skill inti.",Carrier Sales Representative,cloudtrucks,3,,,,"grade 0=irrelevant, 1=marginal, 2=relevant, 3=highly relevant"
20260607_sbert_final_validation-ann-0327,sbert-v2-profile-04872,sbert-v2-job-e894908a84a5095b7498,"Mahasiswa atau early-career candidate untuk Backend di domain software development. Memiliki minat pada machine_learning backend business_analysis data_analysis, pengalaman proyek digital, dan mencari lowongan yang sesuai skill inti.",Relationship Manager - South Wales,allica-bank,3,,,,"grade 0=irrelevant, 1=marginal, 2=relevant, 3=highly relevant"
20260607_sbert_final_validation-ann-0328,sbert-v2-profile-04873,sbert-v2-job-9a7306dbbe2e9f28119d,"Mahasiswa atau early-career candidate untuk Ui Ux Product di domain software development. Memiliki minat pada machine_learning business_analysis data_analysis it_support, pengalaman proyek digital, dan mencari lowongan yang sesuai skill inti.",Application Engineer - Technical Customer Lead,applied,3,,,,"grade 0=irrelevant, 1=marginal, 2=relevant, 3=highly relevant"
20260607_sbert_final_validation-ann-0329,sbert-v2-profile-04874,sbert-v2-job-5df189d3313c6e5a794b,"Mahasiswa atau early-career candidate untuk Ui Ux Product di domain data ai. Memiliki minat pada machine_learning business_analysis data_analysis it_support, pengalaman proyek digital, dan mencari lowongan yang sesuai skill inti.",Inbound Sales Representative (Remote/Central Time),a-place-for-mom,3,,,,"grade 0=irrelevant, 1=marginal, 2=relevant, 3=highly relevant"
20260607_sbert_final_validation-ann-0330,sbert-v2-profile-04875,sbert-v2-job-1ebf567d6ce214318154,"Mahasiswa atau early-career candidate untuk Data Analysis di domain software development. Memiliki minat pada data_analysis machine_learning business_analysis cybersecurity, pengalaman proyek digital, dan mencari lowongan yang sesuai skill inti.",Special Ops.,Fuse,3,,,,"grade 0=irrelevant, 1=marginal, 2=relevant, 3=highly relevant"
20260607_sbert_final_validation-ann-0331,sbert-v2-profile-04876,sbert-v2-job-a448bdeee7fc764c77fb,"Mahasiswa atau early-career candidate untuk Machine Learning di domain software development. Memiliki minat pada machine_learning cloud data_analysis cybersecurity, pengalaman proyek digital, dan mencari lowongan yang sesuai skill inti.",Residency Program - Fall 2026 Cohort,astera,3,,,,"grade 0=irrelevant, 1=marginal, 2=relevant, 3=highly relevant"
20260607_sbert_final_validation-ann-0332,sbert-v2-profile-04877,sbert-v2-job-61bb82f03283647f7877,"Mahasiswa atau early-career candidate untuk Cloud Devops di domain software development. Memiliki minat pada cloud machine_learning business_analysis it_support, pengalaman proyek digital, dan mencari lowongan yang sesuai skill inti.",Senior Cloud Engineer (AWS),cloudscaler,3,,,,"grade 0=irrelevant, 1=marginal, 2=relevant, 3=highly relevant"
20260607_sbert_final_validation-ann-0333,sbert-v2-profile-04878,sbert-v2-job-1c72157f065132c66c03,"Mahasiswa atau early-career candidate untuk Frontend di domain software development. Memiliki minat pada frontend machine_learning javascript data_analysis, pengalaman proyek digital, dan mencari lowongan yang sesuai skill inti.",Document Control & Records Manager,blue-energy,3,,,,"grade 0=irrelevant, 1=marginal, 2=relevant, 3=highly relevant"
20260607_sbert_final_validation-ann-0334,sbert-v2-profile-04879,sbert-v2-job-4b37e42effb0c606ae0a,"Mahasiswa atau early-career candidate untuk Data Analysis di domain data ai. Memiliki minat pada data_analysis machine_learning business_analysis digital_marketing, pengalaman proyek digital, dan mencari lowongan yang sesuai skill inti.",Finance Manager,campus,3,,,,"grade 0=irrelevant, 1=marginal, 2=relevant, 3=highly relevant"
20260607_sbert_final_validation-ann-0335,sbert-v2-profile-04880,sbert-v2-job-96eb228f163d4a4e430d,"Mahasiswa atau early-career candidate untuk Qa Testing di domain software development. Memiliki minat pada qa_testing machine_learning business_analysis data_analysis, pengalaman proyek digital, dan mencari lowongan yang sesuai skill inti.",Content Marketing Manager,ambient.ai,3,,,,"grade 0=irrelevant, 1=marginal, 2=relevant, 3=highly relevant"
20260607_sbert_final_validation-ann-0336,sbert-v2-profile-04881,sbert-v2-job-df4b8b9ac70ea3a1770e,"Mahasiswa atau early-career candidate untuk Cloud Devops di domain data ai. Memiliki minat pada cloud machine_learning business_analysis data_analysis, pengalaman proyek digital, dan mencari lowongan yang sesuai skill inti.",Screener Analyst - Arabic,conetic-group,3,,,,"grade 0=irrelevant, 1=marginal, 2=relevant, 3=highly relevant"
20260607_sbert_final_validation-ann-0337,sbert-v2-profile-04882,sbert-v2-job-7e16f57d3ca3a9dd8406,"Mahasiswa atau early-career candidate untuk Machine Learning di domain data ai. Memiliki minat pada machine_learning data_analysis cloud business_analysis, pengalaman proyek digital, dan mencari lowongan yang sesuai skill inti.","Senior Analyst, Product Analytics",dailypay,3,,,,"grade 0=irrelevant, 1=marginal, 2=relevant, 3=highly relevant"
20260607_sbert_final_validation-ann-0338,sbert-v2-profile-04883,sbert-v2-job-7ba83139d8611ee8731a,"Mahasiswa atau early-career candidate untuk Qa Testing di domain data ai. Memiliki minat pada machine_learning qa_testing business_analysis data_analysis, pengalaman proyek digital, dan mencari lowongan yang sesuai skill inti.",Psychometrist — Autism Diagnostics,annaautismcare,3,,,,"grade 0=irrelevant, 1=marginal, 2=relevant, 3=highly relevant"
20260607_sbert_final_validation-ann-0339,sbert-v2-profile-04884,sbert-v2-job-eb96769248e6c3f30595,"Mahasiswa atau early-career candidate untuk Data Ai di domain data ai. Memiliki minat pada machine_learning data_analysis sql digital_marketing, pengalaman proyek digital, dan mencari lowongan yang sesuai skill inti.",BRAIINS FORGE: Konstruktér 3D,braiins,3,,,,"grade 0=irrelevant, 1=marginal, 2=relevant, 3=highly relevant"
20260607_sbert_final_validation-ann-0340,sbert-v2-profile-04885,sbert-v2-job-65c031add15d1d4acb89,"Mahasiswa atau early-career candidate untuk Software Development di domain software development. Memiliki minat pada machine_learning it_support business_analysis data_analysis, pengalaman proyek digital, dan mencari lowongan yang sesuai skill inti.",Public Funding Program Specialist (f/m/d),blacksemiconductor,3,,,,"grade 0=irrelevant, 1=marginal, 2=relevant, 3=highly relevant"
20260607_sbert_final_validation-ann-0341,sbert-v2-profile-04886,sbert-v2-job-9782f9eca038fc8d474c,"Mahasiswa atau early-career candidate untuk Business Analysis di domain software development. Memiliki minat pada business_analysis machine_learning qa_testing data_analysis, pengalaman proyek digital, dan mencari lowongan yang sesuai skill inti.",Senior Program Manager,billups,3,,,,"grade 0=irrelevant, 1=marginal, 2=relevant, 3=highly relevant"
20260607_sbert_final_validation-ann-0342,sbert-v2-profile-04887,sbert-v2-job-1d7d2a461521c9e75a88,"Mahasiswa atau early-career candidate untuk Backend di domain data ai. Memiliki minat pada machine_learning cybersecurity product_design business_analysis, pengalaman proyek digital, dan mencari lowongan yang sesuai skill inti.",Science Community Lead,bio,3,,,,"grade 0=irrelevant, 1=marginal, 2=relevant, 3=highly relevant"
20260607_sbert_final_validation-ann-0343,sbert-v2-profile-04888,sbert-v2-job-777ba0a83d1278d4cd2b,"Mahasiswa atau early-career candidate untuk Business Analysis di domain data ai. Memiliki minat pada machine_learning business_analysis digital_marketing qa_testing, pengalaman proyek digital, dan mencari lowongan yang sesuai skill inti.",Senior Marketing Manager: Growth & Demand Generation,charthop,3,,,,"grade 0=irrelevant, 1=marginal, 2=relevant, 3=highly relevant"
20260607_sbert_final_validation-ann-0344,sbert-v2-profile-04889,sbert-v2-job-83906ea4975b588d3dbf,"Mahasiswa atau early-career candidate untuk Digital Marketing di domain data ai. Memiliki minat pada it_support data_analysis digital_marketing machine_learning, pengalaman proyek digital, dan mencari lowongan yang sesuai skill inti.",(Junior) Account Executive DACH,amboss,3,,,,"grade 0=irrelevant, 1=marginal, 2=relevant, 3=highly relevant"
20260607_sbert_final_validation-ann-0345,sbert-v2-profile-04890,sbert-v2-job-a21678d0d612178dd522,"Mahasiswa atau early-career candidate untuk Digital Marketing di domain digital marketing. Memiliki minat pada digital_marketing, pengalaman proyek digital, dan mencari lowongan yang sesuai skill inti.","Marketing Specialist, Japan（リモート）",cambly,3,,,,"grade 0=irrelevant, 1=marginal, 2=relevant, 3=highly relevant"
20260607_sbert_final_validation-ann-0346,sbert-v2-profile-04891,sbert-v2-job-bfc1289aa5e2e8c5088f,"Mahasiswa atau early-career candidate untuk Ui Ux Product di domain ui ux product. Memiliki minat pada product_design qa_testing, pengalaman proyek digital, dan mencari lowongan yang sesuai skill inti.",UX/Product Researcher (6 months Contract),bounce,3,,,,"grade 0=irrelevant, 1=marginal, 2=relevant, 3=highly relevant"
20260607_sbert_final_validation-ann-0347,sbert-v2-profile-04892,sbert-v2-job-c9549c5710eacd626d51,"Mahasiswa atau early-career candidate untuk Cloud Devops di domain digital marketing. Memiliki minat pada cloud cybersecurity digital_marketing, pengalaman proyek digital, dan mencari lowongan yang sesuai skill inti.",Manager Infrastructure & Security (m/w/d),blacksemiconductor,3,,,,"grade 0=irrelevant, 1=marginal, 2=relevant, 3=highly relevant"
20260607_sbert_final_validation-ann-0348,sbert-v2-profile-04893,sbert-v2-job-b6b572c99336402dab73,"Mahasiswa atau early-career candidate untuk Ui Ux Product di domain digital marketing. Memiliki minat pada digital_marketing machine_learning, pengalaman proyek digital, dan mencari lowongan yang sesuai skill inti.",Talent Acquisition Specialist - Teilzeit (m/w/d),buildlinx,3,,,,"grade 0=irrelevant, 1=marginal, 2=relevant, 3=highly relevant"
20260607_sbert_final_validation-ann-0349,sbert-v2-profile-04894,sbert-v2-job-7613438d7b8064a5c492,"Mahasiswa atau early-career candidate untuk Digital Marketing di domain software development. Memiliki minat pada machine_learning, pengalaman proyek digital, dan mencari lowongan yang sesuai skill inti.",Working Student - Customer Support DACH,amboss,3,,,,"grade 0=irrelevant, 1=marginal, 2=relevant, 3=highly relevant"
20260607_sbert_final_validation-ann-0350,sbert-v2-profile-04895,sbert-v2-job-f0b856ff4fbf2ba82876,"Mahasiswa atau early-career candidate untuk Cloud Devops di domain ui ux product. Memiliki minat pada cloud it_support, pengalaman proyek digital, dan mencari lowongan yang sesuai skill inti.",Carrier Sales Representative,cloudtrucks,3,,,,"grade 0=irrelevant, 1=marginal, 2=relevant, 3=highly relevant"
20260607_sbert_final_validation-ann-0351,sbert-v2-profile-04896,sbert-v2-job-cb8df31db59df48d4c0d,"Mahasiswa atau early-career candidate untuk Backend di domain software development. Memiliki minat pada machine_learning backend business_analysis data_analysis, pengalaman proyek digital, dan mencari lowongan yang sesuai skill inti.",E-commerce Lead,bio,3,,,,"grade 0=irrelevant, 1=marginal, 2=relevant, 3=highly relevant"
20260607_sbert_final_validation-ann-0352,sbert-v2-profile-04897,sbert-v2-job-61c321fc13e302817701,"Mahasiswa atau early-career candidate untuk Ui Ux Product di domain software development. Memiliki minat pada machine_learning business_analysis data_analysis it_support, pengalaman proyek digital, dan mencari lowongan yang sesuai skill inti.","Spacecraft, Teamcenter Administrator",apex-technology-inc,3,,,,"grade 0=irrelevant, 1=marginal, 2=relevant, 3=highly relevant"
20260607_sbert_final_validation-ann-0353,sbert-v2-profile-04898,sbert-v2-job-84b9787e2cb9779c81e3,"Mahasiswa atau early-career candidate untuk Ui Ux Product di domain data ai. Memiliki minat pada machine_learning business_analysis data_analysis it_support, pengalaman proyek digital, dan mencari lowongan yang sesuai skill inti.",Account Executive - France 🇫🇷 (Retail industry),alan,3,,,,"grade 0=irrelevant, 1=marginal, 2=relevant, 3=highly relevant"
20260607_sbert_final_validation-ann-0354,sbert-v2-profile-04899,sbert-v2-job-df8b572d96a8738dc6cf,"Mahasiswa atau early-career candidate untuk Data Analysis di domain software development. Memiliki minat pada data_analysis machine_learning business_analysis cybersecurity, pengalaman proyek digital, dan mencari lowongan yang sesuai skill inti.","Software Engineer, iOS/Mobile - Health Wearable",beaconai,3,,,,"grade 0=irrelevant, 1=marginal, 2=relevant, 3=highly relevant"
20260607_sbert_final_validation-ann-0355,sbert-v2-profile-04900,sbert-v2-job-ddab03ba41c721d3807c,"Mahasiswa atau early-career candidate untuk Machine Learning di domain software development. Memiliki minat pada machine_learning cloud data_analysis cybersecurity, pengalaman proyek digital, dan mencari lowongan yang sesuai skill inti.",Founding AI Engineer,coverbase,3,,,,"grade 0=irrelevant, 1=marginal, 2=relevant, 3=highly relevant"
20260607_sbert_final_validation-ann-0356,sbert-v2-profile-04901,sbert-v2-job-1c9eae5936f9f7742f2a,"Mahasiswa atau early-career candidate untuk Cloud Devops di domain software development. Memiliki minat pada cloud machine_learning business_analysis it_support, pengalaman proyek digital, dan mencari lowongan yang sesuai skill inti.","Director, Business Development - Commercial Space",anysignal,3,,,,"grade 0=irrelevant, 1=marginal, 2=relevant, 3=highly relevant"
20260607_sbert_final_validation-ann-0357,sbert-v2-profile-04902,sbert-v2-job-c7a8274283befb57c61f,"Mahasiswa atau early-career candidate untuk Frontend di domain software development. Memiliki minat pada frontend machine_learning javascript data_analysis, pengalaman proyek digital, dan mencari lowongan yang sesuai skill inti.",Software Engineer,candidhealth,3,,,,"grade 0=irrelevant, 1=marginal, 2=relevant, 3=highly relevant"
20260607_sbert_final_validation-ann-0358,sbert-v2-profile-04903,sbert-v2-job-1c0cdb99af912058507d,"Mahasiswa atau early-career candidate untuk Data Analysis di domain data ai. Memiliki minat pada data_analysis machine_learning business_analysis digital_marketing, pengalaman proyek digital, dan mencari lowongan yang sesuai skill inti.","Senior Deployment Strategist, LATAM",chainalysis-careers,3,,,,"grade 0=irrelevant, 1=marginal, 2=relevant, 3=highly relevant"
20260607_sbert_final_validation-ann-0359,sbert-v2-profile-04904,sbert-v2-job-f0565914eecc9778ce6f,"Mahasiswa atau early-career candidate untuk Qa Testing di domain software development. Memiliki minat pada qa_testing machine_learning business_analysis data_analysis, pengalaman proyek digital, dan mencari lowongan yang sesuai skill inti.",Product Launch Process Engineer Site,aro.homes,3,,,,"grade 0=irrelevant, 1=marginal, 2=relevant, 3=highly relevant"
20260607_sbert_final_validation-ann-0360,sbert-v2-profile-04905,sbert-v2-job-79294af272a1c8caa8c9,"Mahasiswa atau early-career candidate untuk Cloud Devops di domain data ai. Memiliki minat pada cloud machine_learning business_analysis data_analysis, pengalaman proyek digital, dan mencari lowongan yang sesuai skill inti.",Internships - General Interest,anysignal,3,,,,"grade 0=irrelevant, 1=marginal, 2=relevant, 3=highly relevant"
20260607_sbert_final_validation-ann-0361,sbert-v2-profile-04906,sbert-v2-job-f0f5564fd8204b53f156,"Mahasiswa atau early-career candidate untuk Machine Learning di domain data ai. Memiliki minat pada machine_learning data_analysis cloud business_analysis, pengalaman proyek digital, dan mencari lowongan yang sesuai skill inti.",Full-Stack Data Scientist,bounce,3,,,,"grade 0=irrelevant, 1=marginal, 2=relevant, 3=highly relevant"
20260607_sbert_final_validation-ann-0362,sbert-v2-profile-04907,sbert-v2-job-7d1e73f3d11d13c28ad0,"Mahasiswa atau early-career candidate untuk Qa Testing di domain data ai. Memiliki minat pada machine_learning qa_testing business_analysis data_analysis, pengalaman proyek digital, dan mencari lowongan yang sesuai skill inti.",Head of Business Development,boam,3,,,,"grade 0=irrelevant, 1=marginal, 2=relevant, 3=highly relevant"
20260607_sbert_final_validation-ann-0363,sbert-v2-profile-04908,sbert-v2-job-cf494340293a8cf78300,"Mahasiswa atau early-career candidate untuk Data Ai di domain data ai. Memiliki minat pada machine_learning data_analysis sql digital_marketing, pengalaman proyek digital, dan mencari lowongan yang sesuai skill inti.",Expression of Interest,coefficientgiving,3,,,,"grade 0=irrelevant, 1=marginal, 2=relevant, 3=highly relevant"
20260607_sbert_final_validation-ann-0364,sbert-v2-profile-04909,sbert-v2-job-65c031add15d1d4acb89,"Mahasiswa atau early-career candidate untuk Software Development di domain software development. Memiliki minat pada machine_learning it_support business_analysis data_analysis, pengalaman proyek digital, dan mencari lowongan yang sesuai skill inti.",Public Funding Program Specialist (f/m/d),blacksemiconductor,3,,,,"grade 0=irrelevant, 1=marginal, 2=relevant, 3=highly relevant"
20260607_sbert_final_validation-ann-0365,sbert-v2-profile-05400,sbert-v2-job-3d1291d1fee895a01994,"Mahasiswa atau early-career candidate untuk Backend di domain software development. Memiliki minat pada machine_learning backend business_analysis data_analysis, pengalaman proyek digital, dan mencari lowongan yang sesuai skill inti.","Founding Marketer, EMEA",claylabs,3,,,,"grade 0=irrelevant, 1=marginal, 2=relevant, 3=highly relevant"
20260607_sbert_final_validation-ann-0366,sbert-v2-profile-05400,sbert-v2-job-46842d8ba4cf3de0f724,"Mahasiswa atau early-career candidate untuk Backend di domain software development. Memiliki minat pada machine_learning backend business_analysis data_analysis, pengalaman proyek digital, dan mencari lowongan yang sesuai skill inti.",Head of Sales,anyvan,0,,,,"grade 0=irrelevant, 1=marginal, 2=relevant, 3=highly relevant"
20260607_sbert_final_validation-ann-0367,sbert-v2-profile-05400,sbert-v2-job-7cbbfebd4f1ed5bd6db3,"Mahasiswa atau early-career candidate untuk Backend di domain software development. Memiliki minat pada machine_learning backend business_analysis data_analysis, pengalaman proyek digital, dan mencari lowongan yang sesuai skill inti.",People Operations Specialist,attio,0,,,,"grade 0=irrelevant, 1=marginal, 2=relevant, 3=highly relevant"
20260607_sbert_final_validation-ann-0368,sbert-v2-profile-05400,sbert-v2-job-5010c454e8f1dfcd73cd,"Mahasiswa atau early-career candidate untuk Backend di domain software development. Memiliki minat pada machine_learning backend business_analysis data_analysis, pengalaman proyek digital, dan mencari lowongan yang sesuai skill inti.","Senior Software Engineer, Data",camber,0,,,,"grade 0=irrelevant, 1=marginal, 2=relevant, 3=highly relevant"
20260607_sbert_final_validation-ann-0369,sbert-v2-profile-05400,sbert-v2-job-ee4dbe3f6117d5a42759,"Mahasiswa atau early-career candidate untuk Backend di domain software development. Memiliki minat pada machine_learning backend business_analysis data_analysis, pengalaman proyek digital, dan mencari lowongan yang sesuai skill inti.",Project Manager,blockstream,0,,,,"grade 0=irrelevant, 1=marginal, 2=relevant, 3=highly relevant"
20260607_sbert_final_validation-ann-0370,sbert-v2-profile-05400,sbert-v2-job-c431469df758c542a4cc,"Mahasiswa atau early-career candidate untuk Backend di domain software development. Memiliki minat pada machine_learning backend business_analysis data_analysis, pengalaman proyek digital, dan mencari lowongan yang sesuai skill inti.",Technical Sourcer (Contract),cape,0,,,,"grade 0=irrelevant, 1=marginal, 2=relevant, 3=highly relevant"
20260607_sbert_final_validation-ann-0371,sbert-v2-profile-05400,sbert-v2-job-b7be6b4922ebae75f5cf,"Mahasiswa atau early-career candidate untuk Backend di domain software development. Memiliki minat pada machine_learning backend business_analysis data_analysis, pengalaman proyek digital, dan mencari lowongan yang sesuai skill inti.",Senior Radar System Engineer,42dot,0,,,,"grade 0=irrelevant, 1=marginal, 2=relevant, 3=highly relevant"
20260607_sbert_final_validation-ann-0372,sbert-v2-profile-05400,sbert-v2-job-1bdbd16b49444240aca7,"Mahasiswa atau early-career candidate untuk Backend di domain software development. Memiliki minat pada machine_learning backend business_analysis data_analysis, pengalaman proyek digital, dan mencari lowongan yang sesuai skill inti.",Client Engagement Supervisor,ValonVM,1,,,,"grade 0=irrelevant, 1=marginal, 2=relevant, 3=highly relevant"
20260607_sbert_final_validation-ann-0373,sbert-v2-profile-05400,sbert-v2-job-e6df9a5a228dd41f60a3,"Mahasiswa atau early-career candidate untuk Backend di domain software development. Memiliki minat pada machine_learning backend business_analysis data_analysis, pengalaman proyek digital, dan mencari lowongan yang sesuai skill inti.",Staff Data Engineer,artisan,1,,,,"grade 0=irrelevant, 1=marginal, 2=relevant, 3=highly relevant"
20260607_sbert_final_validation-ann-0374,sbert-v2-profile-05400,sbert-v2-job-8b13b2e54e9215afc149,"Mahasiswa atau early-career candidate untuk Backend di domain software development. Memiliki minat pada machine_learning backend business_analysis data_analysis, pengalaman proyek digital, dan mencari lowongan yang sesuai skill inti.",Senior Frontend Engineer,airops,1,,,,"grade 0=irrelevant, 1=marginal, 2=relevant, 3=highly relevant"
20260607_sbert_final_validation-ann-0375,sbert-v2-profile-05400,sbert-v2-job-fbb2d7fd54d9fd8657e9,"Mahasiswa atau early-career candidate untuk Backend di domain software development. Memiliki minat pada machine_learning backend business_analysis data_analysis, pengalaman proyek digital, dan mencari lowongan yang sesuai skill inti.","Mobile Dog Bather - Orange County, CA",barkbus,1,,,,"grade 0=irrelevant, 1=marginal, 2=relevant, 3=highly relevant"
20260607_sbert_final_validation-ann-0376,sbert-v2-profile-05401,sbert-v2-job-46d97c8ee3c6254ece68,"Mahasiswa atau early-career candidate untuk Ui Ux Product di domain software development. Memiliki minat pada machine_learning business_analysis data_analysis it_support, pengalaman proyek digital, dan mencari lowongan yang sesuai skill inti.",Senior Project Manager,42dot,3,,,,"grade 0=irrelevant, 1=marginal, 2=relevant, 3=highly relevant"
20260607_sbert_final_validation-ann-0377,sbert-v2-profile-05401,sbert-v2-job-4e4b68af7dc54086cb80,"Mahasiswa atau early-career candidate untuk Ui Ux Product di domain software development. Memiliki minat pada machine_learning business_analysis data_analysis it_support, pengalaman proyek digital, dan mencari lowongan yang sesuai skill inti.",Electrophysiology Technician,compass-surgical-partners,0,,,,"grade 0=irrelevant, 1=marginal, 2=relevant, 3=highly relevant"
20260607_sbert_final_validation-ann-0378,sbert-v2-profile-05401,sbert-v2-job-aff7720d04286d027279,"Mahasiswa atau early-career candidate untuk Ui Ux Product di domain software development. Memiliki minat pada machine_learning business_analysis data_analysis it_support, pengalaman proyek digital, dan mencari lowongan yang sesuai skill inti.",Immigration Paralegal,barnes,0,,,,"grade 0=irrelevant, 1=marginal, 2=relevant, 3=highly relevant"
20260607_sbert_final_validation-ann-0379,sbert-v2-profile-05401,sbert-v2-job-72ab97c39e9550becea6,"Mahasiswa atau early-career candidate untuk Ui Ux Product di domain software development. Memiliki minat pada machine_learning business_analysis data_analysis it_support, pengalaman proyek digital, dan mencari lowongan yang sesuai skill inti.",Strategic Growth Executive,ambiencehealthcare,0,,,,"grade 0=irrelevant, 1=marginal, 2=relevant, 3=highly relevant"
20260607_sbert_final_validation-ann-0380,sbert-v2-profile-05401,sbert-v2-job-967b2589b67b6997e516,"Mahasiswa atau early-career candidate untuk Ui Ux Product di domain software development. Memiliki minat pada machine_learning business_analysis data_analysis it_support, pengalaman proyek digital, dan mencari lowongan yang sesuai skill inti.",Licensed Clinical Professional Counselor (LCPC) - Remote,bravehealth,0,,,,"grade 0=irrelevant, 1=marginal, 2=relevant, 3=highly relevant"
20260607_sbert_final_validation-ann-0381,sbert-v2-profile-05401,sbert-v2-job-ef7c78170657343103f8,"Mahasiswa atau early-career candidate untuk Ui Ux Product di domain software development. Memiliki minat pada machine_learning business_analysis data_analysis it_support, pengalaman proyek digital, dan mencari lowongan yang sesuai skill inti.",Investor Reporting Associate,ValonVM,0,,,,"grade 0=irrelevant, 1=marginal, 2=relevant, 3=highly relevant"
20260607_sbert_final_validation-ann-0382,sbert-v2-profile-05401,sbert-v2-job-2dd15410801546fcea81,"Mahasiswa atau early-career candidate untuk Ui Ux Product di domain software development. Memiliki minat pada machine_learning business_analysis data_analysis it_support, pengalaman proyek digital, dan mencari lowongan yang sesuai skill inti.",Senior Robotics Engineer,9-mothers,0,,,,"grade 0=irrelevant, 1=marginal, 2=relevant, 3=highly relevant"
20260607_sbert_final_validation-ann-0383,sbert-v2-profile-05401,sbert-v2-job-c6ea35d4d6ce7ce5c4f9,"Mahasiswa atau early-career candidate untuk Ui Ux Product di domain software development. Memiliki minat pada machine_learning business_analysis data_analysis it_support, pengalaman proyek digital, dan mencari lowongan yang sesuai skill inti.",Circuit Design Intern - Fall,atomicsemi,1,,,,"grade 0=irrelevant, 1=marginal, 2=relevant, 3=highly relevant"
20260607_sbert_final_validation-ann-0384,sbert-v2-profile-05401,sbert-v2-job-99033fb1b62097732368,"Mahasiswa atau early-career candidate untuk Ui Ux Product di domain software development. Memiliki minat pada machine_learning business_analysis data_analysis it_support, pengalaman proyek digital, dan mencari lowongan yang sesuai skill inti.",Compliance Lead,allica-bank,1,,,,"grade 0=irrelevant, 1=marginal, 2=relevant, 3=highly relevant"
20260607_sbert_final_validation-ann-0385,sbert-v2-profile-05401,sbert-v2-job-9462d26693d47d816298,"Mahasiswa atau early-career candidate untuk Ui Ux Product di domain software development. Memiliki minat pada machine_learning business_analysis data_analysis it_support, pengalaman proyek digital, dan mencari lowongan yang sesuai skill inti.","Technical Engagement Manager, Federal",cognition,1,,,,"grade 0=irrelevant, 1=marginal, 2=relevant, 3=highly relevant"
20260607_sbert_final_validation-ann-0386,sbert-v2-profile-05401,sbert-v2-job-1a42b2c8fee33bf02e51,"Mahasiswa atau early-career candidate untuk Ui Ux Product di domain software development. Memiliki minat pada machine_learning business_analysis data_analysis it_support, pengalaman proyek digital, dan mencari lowongan yang sesuai skill inti.",Learning and Development Trainer,billups,1,,,,"grade 0=irrelevant, 1=marginal, 2=relevant, 3=highly relevant"
20260607_sbert_final_validation-ann-0387,sbert-v2-profile-05402,sbert-v2-job-ccc7ba87a9d6bd063705,"Mahasiswa atau early-career candidate untuk Ui Ux Product di domain data ai. Memiliki minat pada machine_learning business_analysis data_analysis it_support, pengalaman proyek digital, dan mencari lowongan yang sesuai skill inti.",Clinician Onboarding Manager,array-behavioral-care,3,,,,"grade 0=irrelevant, 1=marginal, 2=relevant, 3=highly relevant"
20260607_sbert_final_validation-ann-0388,sbert-v2-profile-05402,sbert-v2-job-8aa3a9b7228aba9fd0df,"Mahasiswa atau early-career candidate untuk Ui Ux Product di domain data ai. Memiliki minat pada machine_learning business_analysis data_analysis it_support, pengalaman proyek digital, dan mencari lowongan yang sesuai skill inti.",Product Analyst,airapps,0,,,,"grade 0=irrelevant, 1=marginal, 2=relevant, 3=highly relevant"
20260607_sbert_final_validation-ann-0389,sbert-v2-profile-05402,sbert-v2-job-902b923ef74306d75707,"Mahasiswa atau early-career candidate untuk Ui Ux Product di domain data ai. Memiliki minat pada machine_learning business_analysis data_analysis it_support, pengalaman proyek digital, dan mencari lowongan yang sesuai skill inti.",RCM - Billing Lead,candidhealth,0,,,,"grade 0=irrelevant, 1=marginal, 2=relevant, 3=highly relevant"
20260607_sbert_final_validation-ann-0390,sbert-v2-profile-05402,sbert-v2-job-56bc9c2801dbf1def682,"Mahasiswa atau early-career candidate untuk Ui Ux Product di domain data ai. Memiliki minat pada machine_learning business_analysis data_analysis it_support, pengalaman proyek digital, dan mencari lowongan yang sesuai skill inti.","Privacy, Information Governance & eDiscovery Analyst",chainalysis-careers,0,,,,"grade 0=irrelevant, 1=marginal, 2=relevant, 3=highly relevant"
20260607_sbert_final_validation-ann-0391,sbert-v2-profile-05402,sbert-v2-job-e0542e06a659c1ee02f8,"Mahasiswa atau early-career candidate untuk Ui Ux Product di domain data ai. Memiliki minat pada machine_learning business_analysis data_analysis it_support, pengalaman proyek digital, dan mencari lowongan yang sesuai skill inti.",Category Manager,addi,0,,,,"grade 0=irrelevant, 1=marginal, 2=relevant, 3=highly relevant"
20260607_sbert_final_validation-ann-0392,sbert-v2-profile-05402,sbert-v2-job-7c6e10094f0813529aae,"Mahasiswa atau early-career candidate untuk Ui Ux Product di domain data ai. Memiliki minat pada machine_learning business_analysis data_analysis it_support, pengalaman proyek digital, dan mencari lowongan yang sesuai skill inti.",Laboratory Manager,Foresight Diagnostics Inc.,0,,,,"grade 0=irrelevant, 1=marginal, 2=relevant, 3=highly relevant"
20260607_sbert_final_validation-ann-0393,sbert-v2-profile-05402,sbert-v2-job-798d74695a4024753fab,"Mahasiswa atau early-career candidate untuk Ui Ux Product di domain data ai. Memiliki minat pada machine_learning business_analysis data_analysis it_support, pengalaman proyek digital, dan mencari lowongan yang sesuai skill inti.",Performance Marketing Manager DACH (part-time - 20h/week),amboss,0,,,,"grade 0=irrelevant, 1=marginal, 2=relevant, 3=highly relevant"
20260607_sbert_final_validation-ann-0394,sbert-v2-profile-05402,sbert-v2-job-8bd2798dd624ff2ad657,"Mahasiswa atau early-career candidate untuk Ui Ux Product di domain data ai. Memiliki minat pada machine_learning business_analysis data_analysis it_support, pengalaman proyek digital, dan mencari lowongan yang sesuai skill inti.",2027 2L Summer Associate,barnes,1,,,,"grade 0=irrelevant, 1=marginal, 2=relevant, 3=highly relevant"
20260607_sbert_final_validation-ann-0395,sbert-v2-profile-05402,sbert-v2-job-c0f979b43e2fa82fbf69,"Mahasiswa atau early-career candidate untuk Ui Ux Product di domain data ai. Memiliki minat pada machine_learning business_analysis data_analysis it_support, pengalaman proyek digital, dan mencari lowongan yang sesuai skill inti.","Vice President Key Accounts, North America",betterup,1,,,,"grade 0=irrelevant, 1=marginal, 2=relevant, 3=highly relevant"
20260607_sbert_final_validation-ann-0396,sbert-v2-profile-05402,sbert-v2-job-4d5d9e78f4456e1e3cf3,"Mahasiswa atau early-career candidate untuk Ui Ux Product di domain data ai. Memiliki minat pada machine_learning business_analysis data_analysis it_support, pengalaman proyek digital, dan mencari lowongan yang sesuai skill inti.",Korean-Speaking Labor and Employment Staff Attorney,barnes,1,,,,"grade 0=irrelevant, 1=marginal, 2=relevant, 3=highly relevant"
20260607_sbert_final_validation-ann-0397,sbert-v2-profile-05402,sbert-v2-job-3f3e8b93a2f5923b4a8c,"Mahasiswa atau early-career candidate untuk Ui Ux Product di domain data ai. Memiliki minat pada machine_learning business_analysis data_analysis it_support, pengalaman proyek digital, dan mencari lowongan yang sesuai skill inti.",Head of Solutions Engineering,claylabs,1,,,,"grade 0=irrelevant, 1=marginal, 2=relevant, 3=highly relevant"
20260607_sbert_final_validation-ann-0398,sbert-v2-profile-05403,sbert-v2-job-9f45d649e7c611e610c5,"Mahasiswa atau early-career candidate untuk Data Analysis di domain software development. Memiliki minat pada data_analysis machine_learning business_analysis cybersecurity, pengalaman proyek digital, dan mencari lowongan yang sesuai skill inti.",Fleet Quality Technician,cocodelivery,3,,,,"grade 0=irrelevant, 1=marginal, 2=relevant, 3=highly relevant"
20260607_sbert_final_validation-ann-0399,sbert-v2-profile-05403,sbert-v2-job-daf63a1676fa62e5899d,"Mahasiswa atau early-career candidate untuk Data Analysis di domain software development. Memiliki minat pada data_analysis machine_learning business_analysis cybersecurity, pengalaman proyek digital, dan mencari lowongan yang sesuai skill inti.",Account Development Representative - Future Openings Talent Pool,camunda,0,,,,"grade 0=irrelevant, 1=marginal, 2=relevant, 3=highly relevant"
20260607_sbert_final_validation-ann-0400,sbert-v2-profile-05403,sbert-v2-job-ff832ecf2abbfaff9f0b,"Mahasiswa atau early-career candidate untuk Data Analysis di domain software development. Memiliki minat pada data_analysis machine_learning business_analysis cybersecurity, pengalaman proyek digital, dan mencari lowongan yang sesuai skill inti.",Leasing Sourcing Manager (m/w/d),carwow,0,,,,"grade 0=irrelevant, 1=marginal, 2=relevant, 3=highly relevant"
20260607_sbert_final_validation-ann-0401,sbert-v2-profile-05403,sbert-v2-job-eed5d78422a560f10542,"Mahasiswa atau early-career candidate untuk Data Analysis di domain software development. Memiliki minat pada data_analysis machine_learning business_analysis cybersecurity, pengalaman proyek digital, dan mencari lowongan yang sesuai skill inti.",ML Research Engineer - Training,achira,0,,,,"grade 0=irrelevant, 1=marginal, 2=relevant, 3=highly relevant"
20260607_sbert_final_validation-ann-0402,sbert-v2-profile-05403,sbert-v2-job-fe879cd3616cb6f14dfa,"Mahasiswa atau early-career candidate untuk Data Analysis di domain software development. Memiliki minat pada data_analysis machine_learning business_analysis cybersecurity, pengalaman proyek digital, dan mencari lowongan yang sesuai skill inti.",Frontend Engineer,citadel-ai,0,,,,"grade 0=irrelevant, 1=marginal, 2=relevant, 3=highly relevant"
20260607_sbert_final_validation-ann-0403,sbert-v2-profile-05403,sbert-v2-job-e9d42886e644abc3b757,"Mahasiswa atau early-career candidate untuk Data Analysis di domain software development. Memiliki minat pada data_analysis machine_learning business_analysis cybersecurity, pengalaman proyek digital, dan mencari lowongan yang sesuai skill inti.",Senior Product Manager (Legals),9fin,0,,,,"grade 0=irrelevant, 1=marginal, 2=relevant, 3=highly relevant"
20260607_sbert_final_validation-ann-0404,sbert-v2-profile-05403,sbert-v2-job-e44f20d9561c9d2e33d3,"Mahasiswa atau early-career candidate untuk Data Analysis di domain software development. Memiliki minat pada data_analysis machine_learning business_analysis cybersecurity, pengalaman proyek digital, dan mencari lowongan yang sesuai skill inti.",Mid-Market Sales Manager,coderabbit,1,,,,"grade 0=irrelevant, 1=marginal, 2=relevant, 3=highly relevant"
20260607_sbert_final_validation-ann-0405,sbert-v2-profile-05403,sbert-v2-job-4bff327f3f983f14cfea,"Mahasiswa atau early-career candidate untuk Data Analysis di domain software development. Memiliki minat pada data_analysis machine_learning business_analysis cybersecurity, pengalaman proyek digital, dan mencari lowongan yang sesuai skill inti.",(Senior) Marketing Manager (all genders),avelios-medical,1,,,,"grade 0=irrelevant, 1=marginal, 2=relevant, 3=highly relevant"
20260607_sbert_final_validation-ann-0406,sbert-v2-profile-05403,sbert-v2-job-7d75658047aadb0aeefa,"Mahasiswa atau early-career candidate untuk Data Analysis di domain software development. Memiliki minat pada data_analysis machine_learning business_analysis cybersecurity, pengalaman proyek digital, dan mencari lowongan yang sesuai skill inti.",Brand Designer,Peec,1,,,,"grade 0=irrelevant, 1=marginal, 2=relevant, 3=highly relevant"
20260607_sbert_final_validation-ann-0407,sbert-v2-profile-05403,sbert-v2-job-213319ffff07a0202d35,"Mahasiswa atau early-career candidate untuk Data Analysis di domain software development. Memiliki minat pada data_analysis machine_learning business_analysis cybersecurity, pengalaman proyek digital, dan mencari lowongan yang sesuai skill inti.","Team Lead, Customer Experience",bestow,1,,,,"grade 0=irrelevant, 1=marginal, 2=relevant, 3=highly relevant"
20260607_sbert_final_validation-ann-0408,sbert-v2-profile-05404,sbert-v2-job-c96b5623b1c3cc822a2c,"Mahasiswa atau early-career candidate untuk Machine Learning di domain software development. Memiliki minat pada machine_learning cloud data_analysis cybersecurity, pengalaman proyek digital, dan mencari lowongan yang sesuai skill inti.","Data Scientist, Agents",cursor,3,,,,"grade 0=irrelevant, 1=marginal, 2=relevant, 3=highly relevant"
20260607_sbert_final_validation-ann-0409,sbert-v2-profile-05404,sbert-v2-job-7931a8f573472ace6564,"Mahasiswa atau early-career candidate untuk Machine Learning di domain software development. Memiliki minat pada machine_learning cloud data_analysis cybersecurity, pengalaman proyek digital, dan mencari lowongan yang sesuai skill inti.",Praktikum Commercial Operations & Account Management,carwow,0,,,,"grade 0=irrelevant, 1=marginal, 2=relevant, 3=highly relevant"
20260607_sbert_final_validation-ann-0410,sbert-v2-profile-05404,sbert-v2-job-3868a4668acca0d36e57,"Mahasiswa atau early-career candidate untuk Machine Learning di domain software development. Memiliki minat pada machine_learning cloud data_analysis cybersecurity, pengalaman proyek digital, dan mencari lowongan yang sesuai skill inti.",Creative Project Manager/Traffic,bjakcareer,0,,,,"grade 0=irrelevant, 1=marginal, 2=relevant, 3=highly relevant"
20260607_sbert_final_validation-ann-0411,sbert-v2-profile-05404,sbert-v2-job-ca03f9ca96856e220888,"Mahasiswa atau early-career candidate untuk Machine Learning di domain software development. Memiliki minat pada machine_learning cloud data_analysis cybersecurity, pengalaman proyek digital, dan mencari lowongan yang sesuai skill inti.",Software Engineer — Systems / Real-Time,arago,1,,,,"grade 0=irrelevant, 1=marginal, 2=relevant, 3=highly relevant"
20260607_sbert_final_validation-ann-0412,sbert-v2-profile-05404,sbert-v2-job-2aaea66a9b96c7320bf5,"Mahasiswa atau early-career candidate untuk Machine Learning di domain software development. Memiliki minat pada machine_learning cloud data_analysis cybersecurity, pengalaman proyek digital, dan mencari lowongan yang sesuai skill inti.","Tech Lead Manager, ML Developer Experience",anyscale,1,,,,"grade 0=irrelevant, 1=marginal, 2=relevant, 3=highly relevant"
20260607_sbert_final_validation-ann-0413,sbert-v2-profile-05404,sbert-v2-job-dd24a01409fbc74518a6,"Mahasiswa atau early-career candidate untuk Machine Learning di domain software development. Memiliki minat pada machine_learning cloud data_analysis cybersecurity, pengalaman proyek digital, dan mencari lowongan yang sesuai skill inti.",Head of Risk,comun,1,,,,"grade 0=irrelevant, 1=marginal, 2=relevant, 3=highly relevant"
20260607_sbert_final_validation-ann-0414,sbert-v2-profile-05404,sbert-v2-job-c9549c5710eacd626d51,"Mahasiswa atau early-career candidate untuk Machine Learning di domain software development. Memiliki minat pada machine_learning cloud data_analysis cybersecurity, pengalaman proyek digital, dan mencari lowongan yang sesuai skill inti.",Manager Infrastructure & Security (m/w/d),blacksemiconductor,1,,,,"grade 0=irrelevant, 1=marginal, 2=relevant, 3=highly relevant"
20260607_sbert_final_validation-ann-0415,sbert-v2-profile-05405,sbert-v2-job-9ef67877eece73b0b101,"Mahasiswa atau early-career candidate untuk Cloud Devops di domain software development. Memiliki minat pada cloud machine_learning business_analysis it_support, pengalaman proyek digital, dan mencari lowongan yang sesuai skill inti.",Product Management System Implementation PM,42dot,3,,,,"grade 0=irrelevant, 1=marginal, 2=relevant, 3=highly relevant"
20260607_sbert_final_validation-ann-0416,sbert-v2-profile-05405,sbert-v2-job-cb14b9c64a994a3582d4,"Mahasiswa atau early-career candidate untuk Cloud Devops di domain software development. Memiliki minat pada cloud machine_learning business_analysis it_support, pengalaman proyek digital, dan mencari lowongan yang sesuai skill inti.",Sales Lead,comstruct,0,,,,"grade 0=irrelevant, 1=marginal, 2=relevant, 3=highly relevant"
20260607_sbert_final_validation-ann-0417,sbert-v2-profile-05405,sbert-v2-job-da07e6e2c933e95c31d9,"Mahasiswa atau early-career candidate untuk Cloud Devops di domain software development. Memiliki minat pada cloud machine_learning business_analysis it_support, pengalaman proyek digital, dan mencari lowongan yang sesuai skill inti.",Member Care Specialist,centivo,0,,,,"grade 0=irrelevant, 1=marginal, 2=relevant, 3=highly relevant"
20260607_sbert_final_validation-ann-0418,sbert-v2-profile-05405,sbert-v2-job-5e0f204c720c99313671,"Mahasiswa atau early-career candidate untuk Cloud Devops di domain software development. Memiliki minat pada cloud machine_learning business_analysis it_support, pengalaman proyek digital, dan mencari lowongan yang sesuai skill inti.",Business Development Representative (International),amigo,1,,,,"grade 0=irrelevant, 1=marginal, 2=relevant, 3=highly relevant"
20260607_sbert_final_validation-ann-0419,sbert-v2-profile-05406,sbert-v2-job-68279edc4021388320e6,"Mahasiswa atau early-career candidate untuk Frontend di domain software development. Memiliki minat pada frontend machine_learning javascript data_analysis, pengalaman proyek digital, dan mencari lowongan yang sesuai skill inti.",Business Development Manager,carwow,3,,,,"grade 0=irrelevant, 1=marginal, 2=relevant, 3=highly relevant"
20260607_sbert_final_validation-ann-0420,sbert-v2-profile-05406,sbert-v2-job-4a8fa4a35a12c2320c19,"Mahasiswa atau early-career candidate untuk Frontend di domain software development. Memiliki minat pada frontend machine_learning javascript data_analysis, pengalaman proyek digital, dan mencari lowongan yang sesuai skill inti.",Marketing Graphic Designer,bullpen-talent,0,,,,"grade 0=irrelevant, 1=marginal, 2=relevant, 3=highly relevant"
20260607_sbert_final_validation-ann-0421,sbert-v2-profile-05406,sbert-v2-job-370cc67d703cd59d44de,"Mahasiswa atau early-career candidate untuk Frontend di domain software development. Memiliki minat pada frontend machine_learning javascript data_analysis, pengalaman proyek digital, dan mencari lowongan yang sesuai skill inti.",Sales Executive (m/w/d),carwow,0,,,,"grade 0=irrelevant, 1=marginal, 2=relevant, 3=highly relevant"
20260607_sbert_final_validation-ann-0422,sbert-v2-profile-05406,sbert-v2-job-85aa6ffb283fc025369b,"Mahasiswa atau early-career candidate untuk Frontend di domain software development. Memiliki minat pada frontend machine_learning javascript data_analysis, pengalaman proyek digital, dan mencari lowongan yang sesuai skill inti.",Brand Designer,agentio,1,,,,"grade 0=irrelevant, 1=marginal, 2=relevant, 3=highly relevant"
20260607_sbert_final_validation-ann-0423,sbert-v2-profile-05407,sbert-v2-job-2b16aef6806f1a28ffbb,"Mahasiswa atau early-career candidate untuk Data Analysis di domain data ai. Memiliki minat pada data_analysis machine_learning business_analysis digital_marketing, pengalaman proyek digital, dan mencari lowongan yang sesuai skill inti.",Manager of Commercial Analysis and Reporting,claritypay,3,,,,"grade 0=irrelevant, 1=marginal, 2=relevant, 3=highly relevant"
20260607_sbert_final_validation-ann-0424,sbert-v2-profile-05407,sbert-v2-job-cffc62646279eba1cea3,"Mahasiswa atau early-career candidate untuk Data Analysis di domain data ai. Memiliki minat pada data_analysis machine_learning business_analysis digital_marketing, pengalaman proyek digital, dan mencari lowongan yang sesuai skill inti.",Senior Python Scraping Engineer,adthena,0,,,,"grade 0=irrelevant, 1=marginal, 2=relevant, 3=highly relevant"
20260607_sbert_final_validation-ann-0425,sbert-v2-profile-05407,sbert-v2-job-931796d22387472fe98e,"Mahasiswa atau early-career candidate untuk Data Analysis di domain data ai. Memiliki minat pada data_analysis machine_learning business_analysis digital_marketing, pengalaman proyek digital, dan mencari lowongan yang sesuai skill inti.",Financial Controller,airapps,1,,,,"grade 0=irrelevant, 1=marginal, 2=relevant, 3=highly relevant"
20260607_sbert_final_validation-ann-0426,sbert-v2-profile-05408,sbert-v2-job-444481b6c556c73187c2,"Mahasiswa atau early-career candidate untuk Qa Testing di domain software development. Memiliki minat pada qa_testing machine_learning business_analysis data_analysis, pengalaman proyek digital, dan mencari lowongan yang sesuai skill inti.",Quality Assurance Engineer (App Market),42dot,3,,,,"grade 0=irrelevant, 1=marginal, 2=relevant, 3=highly relevant"
20260607_sbert_final_validation-ann-0427,sbert-v2-profile-05408,sbert-v2-job-46842d8ba4cf3de0f724,"Mahasiswa atau early-career candidate untuk Qa Testing di domain software development. Memiliki minat pada qa_testing machine_learning business_analysis data_analysis, pengalaman proyek digital, dan mencari lowongan yang sesuai skill inti.",Head of Sales,anyvan,1,,,,"grade 0=irrelevant, 1=marginal, 2=relevant, 3=highly relevant"
20260607_sbert_final_validation-ann-0428,sbert-v2-profile-05409,sbert-v2-job-8fe467d7eaeaa54c097c,"Mahasiswa atau early-career candidate untuk Cloud Devops di domain data ai. Memiliki minat pada cloud machine_learning business_analysis data_analysis, pengalaman proyek digital, dan mencari lowongan yang sesuai skill inti.",Senior Cloud Architect (AWS) (Multiple),cloudscaler,3,,,,"grade 0=irrelevant, 1=marginal, 2=relevant, 3=highly relevant"
20260607_sbert_final_validation-ann-0429,sbert-v2-profile-05409,sbert-v2-job-43282f48c752f31cb732,"Mahasiswa atau early-career candidate untuk Cloud Devops di domain data ai. Memiliki minat pada cloud machine_learning business_analysis data_analysis, pengalaman proyek digital, dan mencari lowongan yang sesuai skill inti.","Engineering Lead, Payments Platform",airwallex,1,,,,"grade 0=irrelevant, 1=marginal, 2=relevant, 3=highly relevant"
20260607_sbert_final_validation-ann-0430,sbert-v2-profile-05410,sbert-v2-job-899bfd9283954fa628f4,"Mahasiswa atau early-career candidate untuk Machine Learning di domain data ai. Memiliki minat pada machine_learning data_analysis cloud business_analysis, pengalaman proyek digital, dan mencari lowongan yang sesuai skill inti.","Account Executive, Enterprise — Future Opportunities (NYC & San Francisco)",1password,3,,,,"grade 0=irrelevant, 1=marginal, 2=relevant, 3=highly relevant"
20260607_sbert_final_validation-ann-0431,sbert-v2-profile-05410,sbert-v2-job-ee89ece9dec268da3730,"Mahasiswa atau early-career candidate untuk Machine Learning di domain data ai. Memiliki minat pada machine_learning data_analysis cloud business_analysis, pengalaman proyek digital, dan mencari lowongan yang sesuai skill inti.",Executive Assistant,airwallex,1,,,,"grade 0=irrelevant, 1=marginal, 2=relevant, 3=highly relevant"
20260607_sbert_final_validation-ann-0432,sbert-v2-profile-05411,sbert-v2-job-ed52332dceca35f5532e,"Mahasiswa atau early-career candidate untuk Qa Testing di domain data ai. Memiliki minat pada machine_learning qa_testing business_analysis data_analysis, pengalaman proyek digital, dan mencari lowongan yang sesuai skill inti.",Senior CRM Specialist,checkatrade,3,,,,"grade 0=irrelevant, 1=marginal, 2=relevant, 3=highly relevant"
20260607_sbert_final_validation-ann-0433,sbert-v2-profile-05411,sbert-v2-job-1d5a41e9a201961c59ad,"Mahasiswa atau early-career candidate untuk Qa Testing di domain data ai. Memiliki minat pada machine_learning qa_testing business_analysis data_analysis, pengalaman proyek digital, dan mencari lowongan yang sesuai skill inti.","Sr Staff Electrical Engineer, Vehicle Architecture",Ridealso,1,,,,"grade 0=irrelevant, 1=marginal, 2=relevant, 3=highly relevant"
20260607_sbert_final_validation-ann-0434,sbert-v2-profile-05412,sbert-v2-job-cf494340293a8cf78300,"Mahasiswa atau early-career candidate untuk Data Ai di domain data ai. Memiliki minat pada machine_learning data_analysis sql digital_marketing, pengalaman proyek digital, dan mencari lowongan yang sesuai skill inti.",Expression of Interest,coefficientgiving,3,,,,"grade 0=irrelevant, 1=marginal, 2=relevant, 3=highly relevant"
20260607_sbert_final_validation-ann-0435,sbert-v2-profile-05412,sbert-v2-job-fbd7522fe20dd53852e3,"Mahasiswa atau early-career candidate untuk Data Ai di domain data ai. Memiliki minat pada machine_learning data_analysis sql digital_marketing, pengalaman proyek digital, dan mencari lowongan yang sesuai skill inti.","BCBA Consultant - Colorado (Part-Time, Remote)",3y-health,1,,,,"grade 0=irrelevant, 1=marginal, 2=relevant, 3=highly relevant"
20260607_sbert_final_validation-ann-0436,sbert-v2-profile-05413,sbert-v2-job-65c031add15d1d4acb89,"Mahasiswa atau early-career candidate untuk Software Development di domain software development. Memiliki minat pada machine_learning it_support business_analysis data_analysis, pengalaman proyek digital, dan mencari lowongan yang sesuai skill inti.",Public Funding Program Specialist (f/m/d),blacksemiconductor,3,,,,"grade 0=irrelevant, 1=marginal, 2=relevant, 3=highly relevant"
20260607_sbert_final_validation-ann-0437,sbert-v2-profile-05413,sbert-v2-job-2b72e2e89788777d6e3c,"Mahasiswa atau early-career candidate untuk Software Development di domain software development. Memiliki minat pada machine_learning it_support business_analysis data_analysis, pengalaman proyek digital, dan mencari lowongan yang sesuai skill inti.",Agency Partner Director,agentio,1,,,,"grade 0=irrelevant, 1=marginal, 2=relevant, 3=highly relevant"
20260607_sbert_final_validation-ann-0438,sbert-v2-profile-05414,sbert-v2-job-9782f9eca038fc8d474c,"Mahasiswa atau early-career candidate untuk Business Analysis di domain software development. Memiliki minat pada business_analysis machine_learning qa_testing data_analysis, pengalaman proyek digital, dan mencari lowongan yang sesuai skill inti.",Senior Program Manager,billups,3,,,,"grade 0=irrelevant, 1=marginal, 2=relevant, 3=highly relevant"
20260607_sbert_final_validation-ann-0439,sbert-v2-profile-05414,sbert-v2-job-9b52aba05ee821424327,"Mahasiswa atau early-career candidate untuk Business Analysis di domain software development. Memiliki minat pada business_analysis machine_learning qa_testing data_analysis, pengalaman proyek digital, dan mencari lowongan yang sesuai skill inti.",GTM Talent Acquisition Lead,blp-digital,1,,,,"grade 0=irrelevant, 1=marginal, 2=relevant, 3=highly relevant"
20260607_sbert_final_validation-ann-0440,sbert-v2-profile-05415,sbert-v2-job-7c3059d25dee5848ecd0,"Mahasiswa atau early-career candidate untuk Backend di domain data ai. Memiliki minat pada machine_learning cybersecurity product_design business_analysis, pengalaman proyek digital, dan mencari lowongan yang sesuai skill inti.",Senior IT DevOps Architect (m/w/d),blacksemiconductor,3,,,,"grade 0=irrelevant, 1=marginal, 2=relevant, 3=highly relevant"
20260607_sbert_final_validation-ann-0441,sbert-v2-profile-05416,sbert-v2-job-93f4d9bc0f89079cebe5,"Mahasiswa atau early-career candidate untuk Business Analysis di domain data ai. Memiliki minat pada machine_learning business_analysis digital_marketing qa_testing, pengalaman proyek digital, dan mencari lowongan yang sesuai skill inti.",General Application,apolink,3,,,,"grade 0=irrelevant, 1=marginal, 2=relevant, 3=highly relevant"
20260607_sbert_final_validation-ann-0442,sbert-v2-profile-05417,sbert-v2-job-9860a86aea15454b8bc4,"Mahasiswa atau early-career candidate untuk Digital Marketing di domain data ai. Memiliki minat pada it_support data_analysis digital_marketing machine_learning, pengalaman proyek digital, dan mencari lowongan yang sesuai skill inti.",Senior Media Buyer,ace-1-media,3,,,,"grade 0=irrelevant, 1=marginal, 2=relevant, 3=highly relevant"
20260607_sbert_final_validation-ann-0443,sbert-v2-profile-05418,sbert-v2-job-3400e40efc5045502ff9,"Mahasiswa atau early-career candidate untuk Digital Marketing di domain digital marketing. Memiliki minat pada digital_marketing, pengalaman proyek digital, dan mencari lowongan yang sesuai skill inti.","Account Executive, Japan（リモート）",cambly,3,,,,"grade 0=irrelevant, 1=marginal, 2=relevant, 3=highly relevant"
20260607_sbert_final_validation-ann-0444,sbert-v2-profile-05419,sbert-v2-job-bfc1289aa5e2e8c5088f,"Mahasiswa atau early-career candidate untuk Ui Ux Product di domain ui ux product. Memiliki minat pada product_design qa_testing, pengalaman proyek digital, dan mencari lowongan yang sesuai skill inti.",UX/Product Researcher (6 months Contract),bounce,3,,,,"grade 0=irrelevant, 1=marginal, 2=relevant, 3=highly relevant"
20260607_sbert_final_validation-ann-0445,sbert-v2-profile-05420,sbert-v2-job-c9549c5710eacd626d51,"Mahasiswa atau early-career candidate untuk Cloud Devops di domain digital marketing. Memiliki minat pada cloud cybersecurity digital_marketing, pengalaman proyek digital, dan mencari lowongan yang sesuai skill inti.",Manager Infrastructure & Security (m/w/d),blacksemiconductor,3,,,,"grade 0=irrelevant, 1=marginal, 2=relevant, 3=highly relevant"
20260607_sbert_final_validation-ann-0446,sbert-v2-profile-05421,sbert-v2-job-b6b572c99336402dab73,"Mahasiswa atau early-career candidate untuk Ui Ux Product di domain digital marketing. Memiliki minat pada digital_marketing machine_learning, pengalaman proyek digital, dan mencari lowongan yang sesuai skill inti.",Talent Acquisition Specialist - Teilzeit (m/w/d),buildlinx,3,,,,"grade 0=irrelevant, 1=marginal, 2=relevant, 3=highly relevant"
20260607_sbert_final_validation-ann-0447,sbert-v2-profile-05422,sbert-v2-job-7613438d7b8064a5c492,"Mahasiswa atau early-career candidate untuk Digital Marketing di domain software development. Memiliki minat pada machine_learning, pengalaman proyek digital, dan mencari lowongan yang sesuai skill inti.",Working Student - Customer Support DACH,amboss,3,,,,"grade 0=irrelevant, 1=marginal, 2=relevant, 3=highly relevant"
20260607_sbert_final_validation-ann-0448,sbert-v2-profile-05423,sbert-v2-job-f0b856ff4fbf2ba82876,"Mahasiswa atau early-career candidate untuk Cloud Devops di domain ui ux product. Memiliki minat pada cloud it_support, pengalaman proyek digital, dan mencari lowongan yang sesuai skill inti.",Carrier Sales Representative,cloudtrucks,3,,,,"grade 0=irrelevant, 1=marginal, 2=relevant, 3=highly relevant"
20260607_sbert_final_validation-ann-0449,sbert-v2-profile-05424,sbert-v2-job-33b289ab6952cddcf83c,"Mahasiswa atau early-career candidate untuk Backend di domain software development. Memiliki minat pada machine_learning backend business_analysis data_analysis, pengalaman proyek digital, dan mencari lowongan yang sesuai skill inti.","Manager, FP&A Data",airwallex,3,,,,"grade 0=irrelevant, 1=marginal, 2=relevant, 3=highly relevant"
20260607_sbert_final_validation-ann-0450,sbert-v2-profile-05425,sbert-v2-job-463d7039fe434b0c6726,"Mahasiswa atau early-career candidate untuk Ui Ux Product di domain software development. Memiliki minat pada machine_learning business_analysis data_analysis it_support, pengalaman proyek digital, dan mencari lowongan yang sesuai skill inti.",Account Executive,coframe,3,,,,"grade 0=irrelevant, 1=marginal, 2=relevant, 3=highly relevant"
20260607_sbert_final_validation-ann-0451,sbert-v2-profile-05426,sbert-v2-job-d6e13c39f4d3fbfcbf7d,"Mahasiswa atau early-career candidate untuk Ui Ux Product di domain data ai. Memiliki minat pada machine_learning business_analysis data_analysis it_support, pengalaman proyek digital, dan mencari lowongan yang sesuai skill inti.",Founding Clinician - Rheumatology,3y-health,3,,,,"grade 0=irrelevant, 1=marginal, 2=relevant, 3=highly relevant"
20260607_sbert_final_validation-ann-0452,sbert-v2-profile-05427,sbert-v2-job-c2e59ac144b8fb855a91,"Mahasiswa atau early-career candidate untuk Data Analysis di domain software development. Memiliki minat pada data_analysis machine_learning business_analysis cybersecurity, pengalaman proyek digital, dan mencari lowongan yang sesuai skill inti.",Senior Data Analyst ($250k - $300k salary),batoncorporation,3,,,,"grade 0=irrelevant, 1=marginal, 2=relevant, 3=highly relevant"
20260607_sbert_final_validation-ann-0453,sbert-v2-profile-05428,sbert-v2-job-64f3b999616c7f95e984,"Mahasiswa atau early-career candidate untuk Machine Learning di domain software development. Memiliki minat pada machine_learning cloud data_analysis cybersecurity, pengalaman proyek digital, dan mencari lowongan yang sesuai skill inti.",Customer Success Manager,clickup,3,,,,"grade 0=irrelevant, 1=marginal, 2=relevant, 3=highly relevant"
20260607_sbert_final_validation-ann-0454,sbert-v2-profile-05429,sbert-v2-job-373b7f316fb93cc9201f,"Mahasiswa atau early-career candidate untuk Cloud Devops di domain software development. Memiliki minat pada cloud machine_learning business_analysis it_support, pengalaman proyek digital, dan mencari lowongan yang sesuai skill inti.",Senior Data Engineer,codat,3,,,,"grade 0=irrelevant, 1=marginal, 2=relevant, 3=highly relevant"
20260607_sbert_final_validation-ann-0455,sbert-v2-profile-05430,sbert-v2-job-eb4f14d0038290ce7935,"Mahasiswa atau early-career candidate untuk Frontend di domain software development. Memiliki minat pada frontend machine_learning javascript data_analysis, pengalaman proyek digital, dan mencari lowongan yang sesuai skill inti.",Founding Mobile Engineer,almedia,3,,,,"grade 0=irrelevant, 1=marginal, 2=relevant, 3=highly relevant"
20260607_sbert_final_validation-ann-0456,sbert-v2-profile-05431,sbert-v2-job-9af68671b383a13c67c2,"Mahasiswa atau early-career candidate untuk Data Analysis di domain data ai. Memiliki minat pada data_analysis machine_learning business_analysis digital_marketing, pengalaman proyek digital, dan mencari lowongan yang sesuai skill inti.",Business Intelligence (BI) Analytics Intern,bedrock,3,,,,"grade 0=irrelevant, 1=marginal, 2=relevant, 3=highly relevant"
20260607_sbert_final_validation-ann-0457,sbert-v2-profile-05432,sbert-v2-job-73e3eb3465d2e10d9748,"Mahasiswa atau early-career candidate untuk Qa Testing di domain software development. Memiliki minat pada qa_testing machine_learning business_analysis data_analysis, pengalaman proyek digital, dan mencari lowongan yang sesuai skill inti.",Team Lead (Web Project Manager),Blacksmith Agency,3,,,,"grade 0=irrelevant, 1=marginal, 2=relevant, 3=highly relevant"
20260607_sbert_final_validation-ann-0458,sbert-v2-profile-05433,sbert-v2-job-922e8ed8a513cfd93751,"Mahasiswa atau early-career candidate untuk Cloud Devops di domain data ai. Memiliki minat pada cloud machine_learning business_analysis data_analysis, pengalaman proyek digital, dan mencari lowongan yang sesuai skill inti.",Senior AP Accountant,camunda,3,,,,"grade 0=irrelevant, 1=marginal, 2=relevant, 3=highly relevant"
20260607_sbert_final_validation-ann-0459,sbert-v2-profile-05434,sbert-v2-job-d782455151860fb799ea,"Mahasiswa atau early-career candidate untuk Machine Learning di domain data ai. Memiliki minat pada machine_learning data_analysis cloud business_analysis, pengalaman proyek digital, dan mencari lowongan yang sesuai skill inti.","Account Executive, Commercial",1password,3,,,,"grade 0=irrelevant, 1=marginal, 2=relevant, 3=highly relevant"
20260607_sbert_final_validation-ann-0460,sbert-v2-profile-05435,sbert-v2-job-ef33b5ba8bcdc68a4aaa,"Mahasiswa atau early-career candidate untuk Qa Testing di domain data ai. Memiliki minat pada machine_learning qa_testing business_analysis data_analysis, pengalaman proyek digital, dan mencari lowongan yang sesuai skill inti.",Customer Service Advisor,allica-bank,3,,,,"grade 0=irrelevant, 1=marginal, 2=relevant, 3=highly relevant"
20260607_sbert_final_validation-ann-0461,sbert-v2-profile-05436,sbert-v2-job-9e0b56330dbcccd7a998,"Mahasiswa atau early-career candidate untuk Data Ai di domain data ai. Memiliki minat pada machine_learning data_analysis sql digital_marketing, pengalaman proyek digital, dan mencari lowongan yang sesuai skill inti.",Customer Service Representative,agent,3,,,,"grade 0=irrelevant, 1=marginal, 2=relevant, 3=highly relevant"
20260607_sbert_final_validation-ann-0462,sbert-v2-profile-05437,sbert-v2-job-66968dda70e2445076be,"Mahasiswa atau early-career candidate untuk Software Development di domain software development. Memiliki minat pada machine_learning it_support business_analysis data_analysis, pengalaman proyek digital, dan mencari lowongan yang sesuai skill inti.",Public Funding Program Specialist,blacksemiconductor,3,,,,"grade 0=irrelevant, 1=marginal, 2=relevant, 3=highly relevant"
20260607_sbert_final_validation-ann-0463,sbert-v2-profile-05438,sbert-v2-job-ec3340cc75bbf371829a,"Mahasiswa atau early-career candidate untuk Business Analysis di domain software development. Memiliki minat pada business_analysis machine_learning qa_testing data_analysis, pengalaman proyek digital, dan mencari lowongan yang sesuai skill inti.",FinCrime Business Analyst,clearbank,3,,,,"grade 0=irrelevant, 1=marginal, 2=relevant, 3=highly relevant"
20260607_sbert_final_validation-ann-0464,sbert-v2-profile-05439,sbert-v2-job-435152adfaa887f18f5b,"Mahasiswa atau early-career candidate untuk Backend di domain data ai. Memiliki minat pada machine_learning cybersecurity product_design business_analysis, pengalaman proyek digital, dan mencari lowongan yang sesuai skill inti.",Community Manager,colonist,3,,,,"grade 0=irrelevant, 1=marginal, 2=relevant, 3=highly relevant"
20260607_sbert_final_validation-ann-0465,sbert-v2-profile-05440,sbert-v2-job-9c505e6cd192260c61fe,"Mahasiswa atau early-career candidate untuk Business Analysis di domain data ai. Memiliki minat pada machine_learning business_analysis digital_marketing qa_testing, pengalaman proyek digital, dan mencari lowongan yang sesuai skill inti.",VLA for Physical AI (Talent pool),42dot,3,,,,"grade 0=irrelevant, 1=marginal, 2=relevant, 3=highly relevant"
20260607_sbert_final_validation-ann-0466,sbert-v2-profile-05441,sbert-v2-job-9860a86aea15454b8bc4,"Mahasiswa atau early-career candidate untuk Digital Marketing di domain data ai. Memiliki minat pada it_support data_analysis digital_marketing machine_learning, pengalaman proyek digital, dan mencari lowongan yang sesuai skill inti.",Senior Media Buyer,ace-1-media,3,,,,"grade 0=irrelevant, 1=marginal, 2=relevant, 3=highly relevant"
20260607_sbert_final_validation-ann-0467,sbert-v2-profile-05442,sbert-v2-job-a21678d0d612178dd522,"Mahasiswa atau early-career candidate untuk Digital Marketing di domain digital marketing. Memiliki minat pada digital_marketing, pengalaman proyek digital, dan mencari lowongan yang sesuai skill inti.","Marketing Specialist, Japan（リモート）",cambly,3,,,,"grade 0=irrelevant, 1=marginal, 2=relevant, 3=highly relevant"
20260607_sbert_final_validation-ann-0468,sbert-v2-profile-05443,sbert-v2-job-bfc1289aa5e2e8c5088f,"Mahasiswa atau early-career candidate untuk Ui Ux Product di domain ui ux product. Memiliki minat pada product_design qa_testing, pengalaman proyek digital, dan mencari lowongan yang sesuai skill inti.",UX/Product Researcher (6 months Contract),bounce,3,,,,"grade 0=irrelevant, 1=marginal, 2=relevant, 3=highly relevant"
20260607_sbert_final_validation-ann-0469,sbert-v2-profile-05444,sbert-v2-job-c9549c5710eacd626d51,"Mahasiswa atau early-career candidate untuk Cloud Devops di domain digital marketing. Memiliki minat pada cloud cybersecurity digital_marketing, pengalaman proyek digital, dan mencari lowongan yang sesuai skill inti.",Manager Infrastructure & Security (m/w/d),blacksemiconductor,3,,,,"grade 0=irrelevant, 1=marginal, 2=relevant, 3=highly relevant"
20260607_sbert_final_validation-ann-0470,sbert-v2-profile-05445,sbert-v2-job-b6b572c99336402dab73,"Mahasiswa atau early-career candidate untuk Ui Ux Product di domain digital marketing. Memiliki minat pada digital_marketing machine_learning, pengalaman proyek digital, dan mencari lowongan yang sesuai skill inti.",Talent Acquisition Specialist - Teilzeit (m/w/d),buildlinx,3,,,,"grade 0=irrelevant, 1=marginal, 2=relevant, 3=highly relevant"
20260607_sbert_final_validation-ann-0471,sbert-v2-profile-05446,sbert-v2-job-7613438d7b8064a5c492,"Mahasiswa atau early-career candidate untuk Digital Marketing di domain software development. Memiliki minat pada machine_learning, pengalaman proyek digital, dan mencari lowongan yang sesuai skill inti.",Working Student - Customer Support DACH,amboss,3,,,,"grade 0=irrelevant, 1=marginal, 2=relevant, 3=highly relevant"
20260607_sbert_final_validation-ann-0472,sbert-v2-profile-05447,sbert-v2-job-f0b856ff4fbf2ba82876,"Mahasiswa atau early-career candidate untuk Cloud Devops di domain ui ux product. Memiliki minat pada cloud it_support, pengalaman proyek digital, dan mencari lowongan yang sesuai skill inti.",Carrier Sales Representative,cloudtrucks,3,,,,"grade 0=irrelevant, 1=marginal, 2=relevant, 3=highly relevant"
20260607_sbert_final_validation-ann-0473,sbert-v2-profile-05448,sbert-v2-job-8bbdfbfbaf6409fe1bff,"Mahasiswa atau early-career candidate untuk Backend di domain software development. Memiliki minat pada machine_learning backend business_analysis data_analysis, pengalaman proyek digital, dan mencari lowongan yang sesuai skill inti.",Marketing Science Lead,agentio,3,,,,"grade 0=irrelevant, 1=marginal, 2=relevant, 3=highly relevant"
20260607_sbert_final_validation-ann-0474,sbert-v2-profile-05449,sbert-v2-job-3af02ee5cf152b929265,"Mahasiswa atau early-career candidate untuk Ui Ux Product di domain software development. Memiliki minat pada machine_learning business_analysis data_analysis it_support, pengalaman proyek digital, dan mencari lowongan yang sesuai skill inti.",General Interest Application,base-power,3,,,,"grade 0=irrelevant, 1=marginal, 2=relevant, 3=highly relevant"
20260607_sbert_final_validation-ann-0475,sbert-v2-profile-05450,sbert-v2-job-efb365acc0a51aaf5dc2,"Mahasiswa atau early-career candidate untuk Ui Ux Product di domain data ai. Memiliki minat pada machine_learning business_analysis data_analysis it_support, pengalaman proyek digital, dan mencari lowongan yang sesuai skill inti.",Payroll & Benefits Manager,campus,3,,,,"grade 0=irrelevant, 1=marginal, 2=relevant, 3=highly relevant"
20260607_sbert_final_validation-ann-0476,sbert-v2-profile-05451,sbert-v2-job-6b06ca4c02f2dca75f12,"Mahasiswa atau early-career candidate untuk Data Analysis di domain software development. Memiliki minat pada data_analysis machine_learning business_analysis cybersecurity, pengalaman proyek digital, dan mencari lowongan yang sesuai skill inti.",AI Operations Specialist,brettonai,3,,,,"grade 0=irrelevant, 1=marginal, 2=relevant, 3=highly relevant"
20260607_sbert_final_validation-ann-0477,sbert-v2-profile-05452,sbert-v2-job-f898d0d4087e8b0dbe4f,"Mahasiswa atau early-career candidate untuk Machine Learning di domain software development. Memiliki minat pada machine_learning cloud data_analysis cybersecurity, pengalaman proyek digital, dan mencari lowongan yang sesuai skill inti.",(Senior) Data Scientist (w/m/d),billie,3,,,,"grade 0=irrelevant, 1=marginal, 2=relevant, 3=highly relevant"
20260607_sbert_final_validation-ann-0478,sbert-v2-profile-05453,sbert-v2-job-63bdf490538042e26693,"Mahasiswa atau early-career candidate untuk Cloud Devops di domain software development. Memiliki minat pada cloud machine_learning business_analysis it_support, pengalaman proyek digital, dan mencari lowongan yang sesuai skill inti.",Solutions Engineer,antithesis,3,,,,"grade 0=irrelevant, 1=marginal, 2=relevant, 3=highly relevant"
20260607_sbert_final_validation-ann-0479,sbert-v2-profile-05454,sbert-v2-job-b1fc838f216c89c56699,"Mahasiswa atau early-career candidate untuk Frontend di domain software development. Memiliki minat pada frontend machine_learning javascript data_analysis, pengalaman proyek digital, dan mencari lowongan yang sesuai skill inti.",Director of Project Development,blue-energy,3,,,,"grade 0=irrelevant, 1=marginal, 2=relevant, 3=highly relevant"
20260607_sbert_final_validation-ann-0480,sbert-v2-profile-05455,sbert-v2-job-c700b5ec63708f37713e,"Mahasiswa atau early-career candidate untuk Data Analysis di domain data ai. Memiliki minat pada data_analysis machine_learning business_analysis digital_marketing, pengalaman proyek digital, dan mencari lowongan yang sesuai skill inti.","City Manager, Miami",cocodelivery,3,,,,"grade 0=irrelevant, 1=marginal, 2=relevant, 3=highly relevant"
20260607_sbert_final_validation-ann-0481,sbert-v2-profile-05456,sbert-v2-job-b1db7cf065ff681715e8,"Mahasiswa atau early-career candidate untuk Qa Testing di domain software development. Memiliki minat pada qa_testing machine_learning business_analysis data_analysis, pengalaman proyek digital, dan mencari lowongan yang sesuai skill inti.",Project Manager - Utilities Engineering,civilgrid,3,,,,"grade 0=irrelevant, 1=marginal, 2=relevant, 3=highly relevant"
20260607_sbert_final_validation-ann-0482,sbert-v2-profile-05457,sbert-v2-job-85c975e7670fabca7da8,"Mahasiswa atau early-career candidate untuk Cloud Devops di domain data ai. Memiliki minat pada cloud machine_learning business_analysis data_analysis, pengalaman proyek digital, dan mencari lowongan yang sesuai skill inti.","Senior Manager, Product Marketing",bedrock,3,,,,"grade 0=irrelevant, 1=marginal, 2=relevant, 3=highly relevant"
20260607_sbert_final_validation-ann-0483,sbert-v2-profile-05458,sbert-v2-job-93e71b0a498d3001f20b,"Mahasiswa atau early-career candidate untuk Machine Learning di domain data ai. Memiliki minat pada machine_learning data_analysis cloud business_analysis, pengalaman proyek digital, dan mencari lowongan yang sesuai skill inti.",Scientist - Structural Biology Machine Learning,astera,3,,,,"grade 0=irrelevant, 1=marginal, 2=relevant, 3=highly relevant"
20260607_sbert_final_validation-ann-0484,sbert-v2-profile-05459,sbert-v2-job-cfaf8eb92b1d3953e2ff,"Mahasiswa atau early-career candidate untuk Qa Testing di domain data ai. Memiliki minat pada machine_learning qa_testing business_analysis data_analysis, pengalaman proyek digital, dan mencari lowongan yang sesuai skill inti.",Infirmier(ère) de santé au travail H/F - 100% distanciel,alan,3,,,,"grade 0=irrelevant, 1=marginal, 2=relevant, 3=highly relevant"
20260607_sbert_final_validation-ann-0485,sbert-v2-profile-05460,sbert-v2-job-9e0b56330dbcccd7a998,"Mahasiswa atau early-career candidate untuk Data Ai di domain data ai. Memiliki minat pada machine_learning data_analysis sql digital_marketing, pengalaman proyek digital, dan mencari lowongan yang sesuai skill inti.",Customer Service Representative,agent,3,,,,"grade 0=irrelevant, 1=marginal, 2=relevant, 3=highly relevant"
20260607_sbert_final_validation-ann-0486,sbert-v2-profile-05461,sbert-v2-job-66968dda70e2445076be,"Mahasiswa atau early-career candidate untuk Software Development di domain software development. Memiliki minat pada machine_learning it_support business_analysis data_analysis, pengalaman proyek digital, dan mencari lowongan yang sesuai skill inti.",Public Funding Program Specialist,blacksemiconductor,3,,,,"grade 0=irrelevant, 1=marginal, 2=relevant, 3=highly relevant"
20260607_sbert_final_validation-ann-0487,sbert-v2-profile-05462,sbert-v2-job-9782f9eca038fc8d474c,"Mahasiswa atau early-career candidate untuk Business Analysis di domain software development. Memiliki minat pada business_analysis machine_learning qa_testing data_analysis, pengalaman proyek digital, dan mencari lowongan yang sesuai skill inti.",Senior Program Manager,billups,3,,,,"grade 0=irrelevant, 1=marginal, 2=relevant, 3=highly relevant"
20260607_sbert_final_validation-ann-0488,sbert-v2-profile-05463,sbert-v2-job-aa4f32d4d5a7bdcffbcf,"Mahasiswa atau early-career candidate untuk Backend di domain data ai. Memiliki minat pada machine_learning cybersecurity product_design business_analysis, pengalaman proyek digital, dan mencari lowongan yang sesuai skill inti.",Member of Technical Staff - ML Infrastructure & Performance,Moonlake,3,,,,"grade 0=irrelevant, 1=marginal, 2=relevant, 3=highly relevant"
20260607_sbert_final_validation-ann-0489,sbert-v2-profile-05464,sbert-v2-job-bb2707ba078de331847c,"Mahasiswa atau early-career candidate untuk Business Analysis di domain data ai. Memiliki minat pada machine_learning business_analysis digital_marketing qa_testing, pengalaman proyek digital, dan mencari lowongan yang sesuai skill inti.",Returning Staff Interest Form,avid4,3,,,,"grade 0=irrelevant, 1=marginal, 2=relevant, 3=highly relevant"
20260607_sbert_final_validation-ann-0490,sbert-v2-profile-05465,sbert-v2-job-9a6cc04bda6d87cf0467,"Mahasiswa atau early-career candidate untuk Digital Marketing di domain data ai. Memiliki minat pada it_support data_analysis digital_marketing machine_learning, pengalaman proyek digital, dan mencari lowongan yang sesuai skill inti.","(Junior) Clinical Engagement Representative DACH (MD, Medical Doctor)",amboss,3,,,,"grade 0=irrelevant, 1=marginal, 2=relevant, 3=highly relevant"
20260607_sbert_final_validation-ann-0491,sbert-v2-profile-05466,sbert-v2-job-a21678d0d612178dd522,"Mahasiswa atau early-career candidate untuk Digital Marketing di domain digital marketing. Memiliki minat pada digital_marketing, pengalaman proyek digital, dan mencari lowongan yang sesuai skill inti.","Marketing Specialist, Japan（リモート）",cambly,3,,,,"grade 0=irrelevant, 1=marginal, 2=relevant, 3=highly relevant"
20260607_sbert_final_validation-ann-0492,sbert-v2-profile-05467,sbert-v2-job-bfc1289aa5e2e8c5088f,"Mahasiswa atau early-career candidate untuk Ui Ux Product di domain ui ux product. Memiliki minat pada product_design qa_testing, pengalaman proyek digital, dan mencari lowongan yang sesuai skill inti.",UX/Product Researcher (6 months Contract),bounce,3,,,,"grade 0=irrelevant, 1=marginal, 2=relevant, 3=highly relevant"
20260607_sbert_final_validation-ann-0493,sbert-v2-profile-05468,sbert-v2-job-c9549c5710eacd626d51,"Mahasiswa atau early-career candidate untuk Cloud Devops di domain digital marketing. Memiliki minat pada cloud cybersecurity digital_marketing, pengalaman proyek digital, dan mencari lowongan yang sesuai skill inti.",Manager Infrastructure & Security (m/w/d),blacksemiconductor,3,,,,"grade 0=irrelevant, 1=marginal, 2=relevant, 3=highly relevant"
20260607_sbert_final_validation-ann-0494,sbert-v2-profile-05469,sbert-v2-job-b6b572c99336402dab73,"Mahasiswa atau early-career candidate untuk Ui Ux Product di domain digital marketing. Memiliki minat pada digital_marketing machine_learning, pengalaman proyek digital, dan mencari lowongan yang sesuai skill inti.",Talent Acquisition Specialist - Teilzeit (m/w/d),buildlinx,3,,,,"grade 0=irrelevant, 1=marginal, 2=relevant, 3=highly relevant"
20260607_sbert_final_validation-ann-0495,sbert-v2-profile-05470,sbert-v2-job-7613438d7b8064a5c492,"Mahasiswa atau early-career candidate untuk Digital Marketing di domain software development. Memiliki minat pada machine_learning, pengalaman proyek digital, dan mencari lowongan yang sesuai skill inti.",Working Student - Customer Support DACH,amboss,3,,,,"grade 0=irrelevant, 1=marginal, 2=relevant, 3=highly relevant"
20260607_sbert_final_validation-ann-0496,sbert-v2-profile-05471,sbert-v2-job-f0b856ff4fbf2ba82876,"Mahasiswa atau early-career candidate untuk Cloud Devops di domain ui ux product. Memiliki minat pada cloud it_support, pengalaman proyek digital, dan mencari lowongan yang sesuai skill inti.",Carrier Sales Representative,cloudtrucks,3,,,,"grade 0=irrelevant, 1=marginal, 2=relevant, 3=highly relevant"
20260607_sbert_final_validation-ann-0497,sbert-v2-profile-05472,sbert-v2-job-b7af3cb9627f58ecd578,"Mahasiswa atau early-career candidate untuk Backend di domain software development. Memiliki minat pada machine_learning backend business_analysis data_analysis, pengalaman proyek digital, dan mencari lowongan yang sesuai skill inti.",Credit Analyst,9fin,3,,,,"grade 0=irrelevant, 1=marginal, 2=relevant, 3=highly relevant"
20260607_sbert_final_validation-ann-0498,sbert-v2-profile-05473,sbert-v2-job-8c8ca8cd28ca418dd35b,"Mahasiswa atau early-career candidate untuk Ui Ux Product di domain software development. Memiliki minat pada machine_learning business_analysis data_analysis it_support, pengalaman proyek digital, dan mencari lowongan yang sesuai skill inti.",Senior Project Manager – Data Center / Mission Critical,brookwood,3,,,,"grade 0=irrelevant, 1=marginal, 2=relevant, 3=highly relevant"
20260607_sbert_final_validation-ann-0499,sbert-v2-profile-05474,sbert-v2-job-f16b26ce4b53bfe2cbfc,"Mahasiswa atau early-career candidate untuk Ui Ux Product di domain data ai. Memiliki minat pada machine_learning business_analysis data_analysis it_support, pengalaman proyek digital, dan mencari lowongan yang sesuai skill inti.",Founding SDR,chatbase,3,,,,"grade 0=irrelevant, 1=marginal, 2=relevant, 3=highly relevant"
20260607_sbert_final_validation-ann-0500,sbert-v2-profile-05475,sbert-v2-job-be1e896bc7a207a9d2f7,"Mahasiswa atau early-career candidate untuk Data Analysis di domain software development. Memiliki minat pada data_analysis machine_learning business_analysis cybersecurity, pengalaman proyek digital, dan mencari lowongan yang sesuai skill inti.",Customer Success Manager,compa,3,,,,"grade 0=irrelevant, 1=marginal, 2=relevant, 3=highly relevant"
20260607_sbert_final_validation-ann-0501,sbert-v2-profile-05476,sbert-v2-job-5b5c8e5fa44f3b322e7d,"Mahasiswa atau early-career candidate untuk Machine Learning di domain software development. Memiliki minat pada machine_learning cloud data_analysis cybersecurity, pengalaman proyek digital, dan mencari lowongan yang sesuai skill inti.","Data Scientist, Product",cantina,3,,,,"grade 0=irrelevant, 1=marginal, 2=relevant, 3=highly relevant"
20260607_sbert_final_validation-ann-0502,sbert-v2-profile-05477,sbert-v2-job-5dd70be57f24ceee25bf,"Mahasiswa atau early-career candidate untuk Cloud Devops di domain software development. Memiliki minat pada cloud machine_learning business_analysis it_support, pengalaman proyek digital, dan mencari lowongan yang sesuai skill inti.","Software Engineer, Test Automation",apex-technology-inc,3,,,,"grade 0=irrelevant, 1=marginal, 2=relevant, 3=highly relevant"
20260607_sbert_final_validation-ann-0503,sbert-v2-profile-05478,sbert-v2-job-4a4b20795dfef65bf5ed,"Mahasiswa atau early-career candidate untuk Frontend di domain software development. Memiliki minat pada frontend machine_learning javascript data_analysis, pengalaman proyek digital, dan mencari lowongan yang sesuai skill inti.",Senior Software Engineer (Rollup Product Team),conduit,3,,,,"grade 0=irrelevant, 1=marginal, 2=relevant, 3=highly relevant"
20260607_sbert_final_validation-ann-0504,sbert-v2-profile-05479,sbert-v2-job-ac146b03100ea281493d,"Mahasiswa atau early-career candidate untuk Data Analysis di domain data ai. Memiliki minat pada data_analysis machine_learning business_analysis digital_marketing, pengalaman proyek digital, dan mencari lowongan yang sesuai skill inti.",Performance Marketing Manager - INT,amboss,3,,,,"grade 0=irrelevant, 1=marginal, 2=relevant, 3=highly relevant"
20260607_sbert_final_validation-ann-0505,sbert-v2-profile-05480,sbert-v2-job-625e84e25649b0407905,"Mahasiswa atau early-career candidate untuk Qa Testing di domain software development. Memiliki minat pada qa_testing machine_learning business_analysis data_analysis, pengalaman proyek digital, dan mencari lowongan yang sesuai skill inti.",Rust-Simplicity Maintainer,blockstream,3,,,,"grade 0=irrelevant, 1=marginal, 2=relevant, 3=highly relevant"
20260607_sbert_final_validation-ann-0506,sbert-v2-profile-05481,sbert-v2-job-60306f1d34e63e5a6f53,"Mahasiswa atau early-career candidate untuk Cloud Devops di domain data ai. Memiliki minat pada cloud machine_learning business_analysis data_analysis, pengalaman proyek digital, dan mencari lowongan yang sesuai skill inti.",Customer Service Advisor,checkatrade,3,,,,"grade 0=irrelevant, 1=marginal, 2=relevant, 3=highly relevant"
20260607_sbert_final_validation-ann-0507,sbert-v2-profile-05482,sbert-v2-job-318dbed0e4bf1fffc8e5,"Mahasiswa atau early-career candidate untuk Machine Learning di domain data ai. Memiliki minat pada machine_learning data_analysis cloud business_analysis, pengalaman proyek digital, dan mencari lowongan yang sesuai skill inti.","Account Executive, Enterprise - New York City Metro",1password,3,,,,"grade 0=irrelevant, 1=marginal, 2=relevant, 3=highly relevant"
20260607_sbert_final_validation-ann-0508,sbert-v2-profile-05483,sbert-v2-job-7ba83139d8611ee8731a,"Mahasiswa atau early-career candidate untuk Qa Testing di domain data ai. Memiliki minat pada machine_learning qa_testing business_analysis data_analysis, pengalaman proyek digital, dan mencari lowongan yang sesuai skill inti.",Psychometrist — Autism Diagnostics,annaautismcare,3,,,,"grade 0=irrelevant, 1=marginal, 2=relevant, 3=highly relevant"
20260607_sbert_final_validation-ann-0509,sbert-v2-profile-05484,sbert-v2-job-1e8ff8f5eb57c17643b9,"Mahasiswa atau early-career candidate untuk Data Ai di domain data ai. Memiliki minat pada machine_learning data_analysis sql digital_marketing, pengalaman proyek digital, dan mencari lowongan yang sesuai skill inti.",Submit a Resume,centivo,3,,,,"grade 0=irrelevant, 1=marginal, 2=relevant, 3=highly relevant"
20260607_sbert_final_validation-ann-0510,sbert-v2-profile-05485,sbert-v2-job-65c031add15d1d4acb89,"Mahasiswa atau early-career candidate untuk Software Development di domain software development. Memiliki minat pada machine_learning it_support business_analysis data_analysis, pengalaman proyek digital, dan mencari lowongan yang sesuai skill inti.",Public Funding Program Specialist (f/m/d),blacksemiconductor,3,,,,"grade 0=irrelevant, 1=marginal, 2=relevant, 3=highly relevant"
20260607_sbert_final_validation-ann-0511,sbert-v2-profile-05486,sbert-v2-job-9782f9eca038fc8d474c,"Mahasiswa atau early-career candidate untuk Business Analysis di domain software development. Memiliki minat pada business_analysis machine_learning qa_testing data_analysis, pengalaman proyek digital, dan mencari lowongan yang sesuai skill inti.",Senior Program Manager,billups,3,,,,"grade 0=irrelevant, 1=marginal, 2=relevant, 3=highly relevant"
20260607_sbert_final_validation-ann-0512,sbert-v2-profile-05487,sbert-v2-job-aa4f32d4d5a7bdcffbcf,"Mahasiswa atau early-career candidate untuk Backend di domain data ai. Memiliki minat pada machine_learning cybersecurity product_design business_analysis, pengalaman proyek digital, dan mencari lowongan yang sesuai skill inti.",Member of Technical Staff - ML Infrastructure & Performance,Moonlake,3,,,,"grade 0=irrelevant, 1=marginal, 2=relevant, 3=highly relevant"
20260607_sbert_final_validation-ann-0513,sbert-v2-profile-05488,sbert-v2-job-6c7103a0ade27df12d1c,"Mahasiswa atau early-career candidate untuk Business Analysis di domain data ai. Memiliki minat pada machine_learning business_analysis digital_marketing qa_testing, pengalaman proyek digital, dan mencari lowongan yang sesuai skill inti.",Member of Technical Staff - Technical PM,basis-ai,3,,,,"grade 0=irrelevant, 1=marginal, 2=relevant, 3=highly relevant"
20260607_sbert_final_validation-ann-0514,sbert-v2-profile-05489,sbert-v2-job-83906ea4975b588d3dbf,"Mahasiswa atau early-career candidate untuk Digital Marketing di domain data ai. Memiliki minat pada it_support data_analysis digital_marketing machine_learning, pengalaman proyek digital, dan mencari lowongan yang sesuai skill inti.",(Junior) Account Executive DACH,amboss,3,,,,"grade 0=irrelevant, 1=marginal, 2=relevant, 3=highly relevant"
20260607_sbert_final_validation-ann-0515,sbert-v2-profile-05700,sbert-v2-job-03778ec6e7d3e73e11a0,"Mahasiswa atau early-career candidate untuk Data Ai di domain data ai. Memiliki minat pada machine_learning data_analysis sql digital_marketing, pengalaman proyek digital, dan mencari lowongan yang sesuai skill inti.",AI ソリューション・コンサルタント,citadel-ai,3,,,,"grade 0=irrelevant, 1=marginal, 2=relevant, 3=highly relevant"
20260607_sbert_final_validation-ann-0516,sbert-v2-profile-05700,sbert-v2-job-13c74764ff09b18ff569,"Mahasiswa atau early-career candidate untuk Data Ai di domain data ai. Memiliki minat pada machine_learning data_analysis sql digital_marketing, pengalaman proyek digital, dan mencari lowongan yang sesuai skill inti.","Lead, Executive Operations",bjakcareer,0,,,,"grade 0=irrelevant, 1=marginal, 2=relevant, 3=highly relevant"
20260607_sbert_final_validation-ann-0517,sbert-v2-profile-05700,sbert-v2-job-18ceb355c5952a0d5153,"Mahasiswa atau early-career candidate untuk Data Ai di domain data ai. Memiliki minat pada machine_learning data_analysis sql digital_marketing, pengalaman proyek digital, dan mencari lowongan yang sesuai skill inti.",Senior Analytics Engineer,betterup,0,,,,"grade 0=irrelevant, 1=marginal, 2=relevant, 3=highly relevant"
20260607_sbert_final_validation-ann-0518,sbert-v2-profile-05700,sbert-v2-job-094a98a7c1fb77b26960,"Mahasiswa atau early-career candidate untuk Data Ai di domain data ai. Memiliki minat pada machine_learning data_analysis sql digital_marketing, pengalaman proyek digital, dan mencari lowongan yang sesuai skill inti.",Spanish Speaking Medical Editor (MD.),amboss,0,,,,"grade 0=irrelevant, 1=marginal, 2=relevant, 3=highly relevant"
20260607_sbert_final_validation-ann-0519,sbert-v2-profile-05700,sbert-v2-job-0b035c5c1be12f8e3ca4,"Mahasiswa atau early-career candidate untuk Data Ai di domain data ai. Memiliki minat pada machine_learning data_analysis sql digital_marketing, pengalaman proyek digital, dan mencari lowongan yang sesuai skill inti.",Growth Marketing Lead,classdojo,0,,,,"grade 0=irrelevant, 1=marginal, 2=relevant, 3=highly relevant"
20260607_sbert_final_validation-ann-0520,sbert-v2-profile-05700,sbert-v2-job-04ffc298ea0505d458cf,"Mahasiswa atau early-career candidate untuk Data Ai di domain data ai. Memiliki minat pada machine_learning data_analysis sql digital_marketing, pengalaman proyek digital, dan mencari lowongan yang sesuai skill inti.",Growth Generalist,Peec,0,,,,"grade 0=irrelevant, 1=marginal, 2=relevant, 3=highly relevant"
20260607_sbert_final_validation-ann-0521,sbert-v2-profile-05700,sbert-v2-job-059023e853999e45751b,"Mahasiswa atau early-career candidate untuk Data Ai di domain data ai. Memiliki minat pada machine_learning data_analysis sql digital_marketing, pengalaman proyek digital, dan mencari lowongan yang sesuai skill inti.",Event Marketing Manager,basis-ai,0,,,,"grade 0=irrelevant, 1=marginal, 2=relevant, 3=highly relevant"
20260607_sbert_final_validation-ann-0522,sbert-v2-profile-05700,sbert-v2-job-043c18a86356ff268101,"Mahasiswa atau early-career candidate untuk Data Ai di domain data ai. Memiliki minat pada machine_learning data_analysis sql digital_marketing, pengalaman proyek digital, dan mencari lowongan yang sesuai skill inti.",Senior Data Engineer,blockworks,1,,,,"grade 0=irrelevant, 1=marginal, 2=relevant, 3=highly relevant"
20260607_sbert_final_validation-ann-0523,sbert-v2-profile-05701,sbert-v2-job-1087405a799cad6790ee,"Mahasiswa atau early-career candidate untuk Software Development di domain software development. Memiliki minat pada machine_learning it_support business_analysis data_analysis, pengalaman proyek digital, dan mencari lowongan yang sesuai skill inti.",Senior Service Desk Specialist – Network Operations,agent,3,,,,"grade 0=irrelevant, 1=marginal, 2=relevant, 3=highly relevant"
20260607_sbert_final_validation-ann-0524,sbert-v2-profile-05701,sbert-v2-job-0aa12166a1ee1b5e11eb,"Mahasiswa atau early-career candidate untuk Software Development di domain software development. Memiliki minat pada machine_learning it_support business_analysis data_analysis, pengalaman proyek digital, dan mencari lowongan yang sesuai skill inti.",Enterprise Account Executive,august-health,0,,,,"grade 0=irrelevant, 1=marginal, 2=relevant, 3=highly relevant"
20260607_sbert_final_validation-ann-0525,sbert-v2-profile-05701,sbert-v2-job-133c69c7b227c93fc9c3,"Mahasiswa atau early-career candidate untuk Software Development di domain software development. Memiliki minat pada machine_learning it_support business_analysis data_analysis, pengalaman proyek digital, dan mencari lowongan yang sesuai skill inti.",Customer Experience Specialist,clipboard,0,,,,"grade 0=irrelevant, 1=marginal, 2=relevant, 3=highly relevant"
20260607_sbert_final_validation-ann-0526,sbert-v2-profile-05701,sbert-v2-job-0c90641a921aaabeb313,"Mahasiswa atau early-career candidate untuk Software Development di domain software development. Memiliki minat pada machine_learning it_support business_analysis data_analysis, pengalaman proyek digital, dan mencari lowongan yang sesuai skill inti.",Software Engineer,ambrook,0,,,,"grade 0=irrelevant, 1=marginal, 2=relevant, 3=highly relevant"
20260607_sbert_final_validation-ann-0527,sbert-v2-profile-05701,sbert-v2-job-0909271aef15184dff6a,"Mahasiswa atau early-career candidate untuk Software Development di domain software development. Memiliki minat pada machine_learning it_support business_analysis data_analysis, pengalaman proyek digital, dan mencari lowongan yang sesuai skill inti.",Application Engineer - Technical Customer Lead,applied,0,,,,"grade 0=irrelevant, 1=marginal, 2=relevant, 3=highly relevant"
20260607_sbert_final_validation-ann-0528,sbert-v2-profile-05701,sbert-v2-job-143d1afeb62b221cd19c,"Mahasiswa atau early-career candidate untuk Software Development di domain software development. Memiliki minat pada machine_learning it_support business_analysis data_analysis, pengalaman proyek digital, dan mencari lowongan yang sesuai skill inti.","Marketing Manager, US",Tools for Humanity,0,,,,"grade 0=irrelevant, 1=marginal, 2=relevant, 3=highly relevant"
20260607_sbert_final_validation-ann-0529,sbert-v2-profile-05701,sbert-v2-job-04331b1077e7c75c7e48,"Mahasiswa atau early-career candidate untuk Software Development di domain software development. Memiliki minat pada machine_learning it_support business_analysis data_analysis, pengalaman proyek digital, dan mencari lowongan yang sesuai skill inti.","AI Scientist/Engineer, Model Training",conquest,0,,,,"grade 0=irrelevant, 1=marginal, 2=relevant, 3=highly relevant"
20260607_sbert_final_validation-ann-0530,sbert-v2-profile-05701,sbert-v2-job-11397bd1150abeddd6e2,"Mahasiswa atau early-career candidate untuk Software Development di domain software development. Memiliki minat pada machine_learning it_support business_analysis data_analysis, pengalaman proyek digital, dan mencari lowongan yang sesuai skill inti.",Executive Assistant & Office Manager,cloudscaler,1,,,,"grade 0=irrelevant, 1=marginal, 2=relevant, 3=highly relevant"
20260607_sbert_final_validation-ann-0531,sbert-v2-profile-05701,sbert-v2-job-0ff1ca474f2121883392,"Mahasiswa atau early-career candidate untuk Software Development di domain software development. Memiliki minat pada machine_learning it_support business_analysis data_analysis, pengalaman proyek digital, dan mencari lowongan yang sesuai skill inti.",Product Associate,colonist,1,,,,"grade 0=irrelevant, 1=marginal, 2=relevant, 3=highly relevant"
20260607_sbert_final_validation-ann-0532,sbert-v2-profile-05701,sbert-v2-job-112f05ef77fc3b74f81d,"Mahasiswa atau early-career candidate untuk Software Development di domain software development. Memiliki minat pada machine_learning it_support business_analysis data_analysis, pengalaman proyek digital, dan mencari lowongan yang sesuai skill inti.","Mobile Dog Groomer - Orange County, CA",barkbus,1,,,,"grade 0=irrelevant, 1=marginal, 2=relevant, 3=highly relevant"
20260607_sbert_final_validation-ann-0533,sbert-v2-profile-05701,sbert-v2-job-0f273c475fd44e0345fd,"Mahasiswa atau early-career candidate untuk Software Development di domain software development. Memiliki minat pada machine_learning it_support business_analysis data_analysis, pengalaman proyek digital, dan mencari lowongan yang sesuai skill inti.",Senior Sound Designer,acquisition,1,,,,"grade 0=irrelevant, 1=marginal, 2=relevant, 3=highly relevant"
20260607_sbert_final_validation-ann-0534,sbert-v2-profile-05702,sbert-v2-job-00d1ca31d42d25277c9e,"Mahasiswa atau early-career candidate untuk Business Analysis di domain software development. Memiliki minat pada business_analysis machine_learning qa_testing data_analysis, pengalaman proyek digital, dan mencari lowongan yang sesuai skill inti.",Member of Technical Staff - Evaluation,anuvaya,3,,,,"grade 0=irrelevant, 1=marginal, 2=relevant, 3=highly relevant"
20260607_sbert_final_validation-ann-0535,sbert-v2-profile-05702,sbert-v2-job-094a98a7c1fb77b26960,"Mahasiswa atau early-career candidate untuk Business Analysis di domain software development. Memiliki minat pada business_analysis machine_learning qa_testing data_analysis, pengalaman proyek digital, dan mencari lowongan yang sesuai skill inti.",Spanish Speaking Medical Editor (MD.),amboss,0,,,,"grade 0=irrelevant, 1=marginal, 2=relevant, 3=highly relevant"
20260607_sbert_final_validation-ann-0536,sbert-v2-profile-05702,sbert-v2-job-17f0b2d3cc0142c13e52,"Mahasiswa atau early-career candidate untuk Business Analysis di domain software development. Memiliki minat pada business_analysis machine_learning qa_testing data_analysis, pengalaman proyek digital, dan mencari lowongan yang sesuai skill inti.",UGC Content Creator (TikTok/Reels/Shorts),bjakcareer,0,,,,"grade 0=irrelevant, 1=marginal, 2=relevant, 3=highly relevant"
20260607_sbert_final_validation-ann-0537,sbert-v2-profile-05702,sbert-v2-job-0687959f52fb155f0aee,"Mahasiswa atau early-career candidate untuk Business Analysis di domain software development. Memiliki minat pada business_analysis machine_learning qa_testing data_analysis, pengalaman proyek digital, dan mencari lowongan yang sesuai skill inti.",AI Governance Success Manager,credo.ai,0,,,,"grade 0=irrelevant, 1=marginal, 2=relevant, 3=highly relevant"
20260607_sbert_final_validation-ann-0538,sbert-v2-profile-05702,sbert-v2-job-177fe5cdecc89579f167,"Mahasiswa atau early-career candidate untuk Business Analysis di domain software development. Memiliki minat pada business_analysis machine_learning qa_testing data_analysis, pengalaman proyek digital, dan mencari lowongan yang sesuai skill inti.","Senior Director, Revenue Strategy & Operations, Americas",airwallex,0,,,,"grade 0=irrelevant, 1=marginal, 2=relevant, 3=highly relevant"
20260607_sbert_final_validation-ann-0539,sbert-v2-profile-05702,sbert-v2-job-19330307b87849470d22,"Mahasiswa atau early-career candidate untuk Business Analysis di domain software development. Memiliki minat pada business_analysis machine_learning qa_testing data_analysis, pengalaman proyek digital, dan mencari lowongan yang sesuai skill inti.",Enterprise Customer Success Manager,bynder,0,,,,"grade 0=irrelevant, 1=marginal, 2=relevant, 3=highly relevant"
20260607_sbert_final_validation-ann-0540,sbert-v2-profile-05702,sbert-v2-job-013ffe191077eb0eb79c,"Mahasiswa atau early-career candidate untuk Business Analysis di domain software development. Memiliki minat pada business_analysis machine_learning qa_testing data_analysis, pengalaman proyek digital, dan mencari lowongan yang sesuai skill inti.",Senior Test Engineer,amca,0,,,,"grade 0=irrelevant, 1=marginal, 2=relevant, 3=highly relevant"
20260607_sbert_final_validation-ann-0541,sbert-v2-profile-05702,sbert-v2-job-18eb4d570e6af527fae8,"Mahasiswa atau early-career candidate untuk Business Analysis di domain software development. Memiliki minat pada business_analysis machine_learning qa_testing data_analysis, pengalaman proyek digital, dan mencari lowongan yang sesuai skill inti.",Event Marketing Sr. Manager,arketa,1,,,,"grade 0=irrelevant, 1=marginal, 2=relevant, 3=highly relevant"
20260607_sbert_final_validation-ann-0542,sbert-v2-profile-05702,sbert-v2-job-05ec50cc626c23e638a3,"Mahasiswa atau early-career candidate untuk Business Analysis di domain software development. Memiliki minat pada business_analysis machine_learning qa_testing data_analysis, pengalaman proyek digital, dan mencari lowongan yang sesuai skill inti.","Mobile Dog Groomer - Tempe, AZ",barkbus,1,,,,"grade 0=irrelevant, 1=marginal, 2=relevant, 3=highly relevant"
20260607_sbert_final_validation-ann-0543,sbert-v2-profile-05702,sbert-v2-job-0ef54ffc1ad23ddc4c46,"Mahasiswa atau early-career candidate untuk Business Analysis di domain software development. Memiliki minat pada business_analysis machine_learning qa_testing data_analysis, pengalaman proyek digital, dan mencari lowongan yang sesuai skill inti.",Senior Talent Acquisition Partner - Tech & Product,almedia,1,,,,"grade 0=irrelevant, 1=marginal, 2=relevant, 3=highly relevant"
20260607_sbert_final_validation-ann-0544,sbert-v2-profile-05702,sbert-v2-job-0ccb1c19bad2534ffcbc,"Mahasiswa atau early-career candidate untuk Business Analysis di domain software development. Memiliki minat pada business_analysis machine_learning qa_testing data_analysis, pengalaman proyek digital, dan mencari lowongan yang sesuai skill inti.",Admissions Counselor,campus,1,,,,"grade 0=irrelevant, 1=marginal, 2=relevant, 3=highly relevant"
20260607_sbert_final_validation-ann-0545,sbert-v2-profile-05703,sbert-v2-job-05ec50cc626c23e638a3,"Mahasiswa atau early-career candidate untuk Backend di domain data ai. Memiliki minat pada machine_learning cybersecurity product_design business_analysis, pengalaman proyek digital, dan mencari lowongan yang sesuai skill inti.","Mobile Dog Groomer - Tempe, AZ",barkbus,3,,,,"grade 0=irrelevant, 1=marginal, 2=relevant, 3=highly relevant"
20260607_sbert_final_validation-ann-0546,sbert-v2-profile-05703,sbert-v2-job-0bfd98127a6eb344d65f,"Mahasiswa atau early-career candidate untuk Backend di domain data ai. Memiliki minat pada machine_learning cybersecurity product_design business_analysis, pengalaman proyek digital, dan mencari lowongan yang sesuai skill inti.",Fraud Lead,atob,0,,,,"grade 0=irrelevant, 1=marginal, 2=relevant, 3=highly relevant"
20260607_sbert_final_validation-ann-0547,sbert-v2-profile-05703,sbert-v2-job-01fd81ca008eaa0dce86,"Mahasiswa atau early-career candidate untuk Backend di domain data ai. Memiliki minat pada machine_learning cybersecurity product_design business_analysis, pengalaman proyek digital, dan mencari lowongan yang sesuai skill inti.","Marketing Director, UK & France",airwallex,0,,,,"grade 0=irrelevant, 1=marginal, 2=relevant, 3=highly relevant"
20260607_sbert_final_validation-ann-0548,sbert-v2-profile-05703,sbert-v2-job-03778ec6e7d3e73e11a0,"Mahasiswa atau early-career candidate untuk Backend di domain data ai. Memiliki minat pada machine_learning cybersecurity product_design business_analysis, pengalaman proyek digital, dan mencari lowongan yang sesuai skill inti.",AI ソリューション・コンサルタント,citadel-ai,0,,,,"grade 0=irrelevant, 1=marginal, 2=relevant, 3=highly relevant"
20260607_sbert_final_validation-ann-0549,sbert-v2-profile-05703,sbert-v2-job-0d3d869a34a4bb2c28bb,"Mahasiswa atau early-career candidate untuk Backend di domain data ai. Memiliki minat pada machine_learning cybersecurity product_design business_analysis, pengalaman proyek digital, dan mencari lowongan yang sesuai skill inti.",Revenue Operations Leader,basis-ai,0,,,,"grade 0=irrelevant, 1=marginal, 2=relevant, 3=highly relevant"
20260607_sbert_final_validation-ann-0550,sbert-v2-profile-05703,sbert-v2-job-089a2d385d17d9b2b6df,"Mahasiswa atau early-career candidate untuk Backend di domain data ai. Memiliki minat pada machine_learning cybersecurity product_design business_analysis, pengalaman proyek digital, dan mencari lowongan yang sesuai skill inti.","Mobile Dog Groomer - Alpharetta, GA",barkbus,0,,,,"grade 0=irrelevant, 1=marginal, 2=relevant, 3=highly relevant"
20260607_sbert_final_validation-ann-0551,sbert-v2-profile-05703,sbert-v2-job-14f5ed38c4860e156444,"Mahasiswa atau early-career candidate untuk Backend di domain data ai. Memiliki minat pada machine_learning cybersecurity product_design business_analysis, pengalaman proyek digital, dan mencari lowongan yang sesuai skill inti.",Head of Insights,Easygenerator,1,,,,"grade 0=irrelevant, 1=marginal, 2=relevant, 3=highly relevant"
20260607_sbert_final_validation-ann-0552,sbert-v2-profile-05703,sbert-v2-job-1898d771bd983a05dfdb,"Mahasiswa atau early-career candidate untuk Backend di domain data ai. Memiliki minat pada machine_learning cybersecurity product_design business_analysis, pengalaman proyek digital, dan mencari lowongan yang sesuai skill inti.","Counsel, Data Privacy",airwallex,1,,,,"grade 0=irrelevant, 1=marginal, 2=relevant, 3=highly relevant"
20260607_sbert_final_validation-ann-0553,sbert-v2-profile-05703,sbert-v2-job-152f220dc5ccea3947df,"Mahasiswa atau early-career candidate untuk Backend di domain data ai. Memiliki minat pada machine_learning cybersecurity product_design business_analysis, pengalaman proyek digital, dan mencari lowongan yang sesuai skill inti.",Member of Technical Staff (Infra),anterior,1,,,,"grade 0=irrelevant, 1=marginal, 2=relevant, 3=highly relevant"
20260607_sbert_final_validation-ann-0554,sbert-v2-profile-05703,sbert-v2-job-042c60a5afefb3d5b737,"Mahasiswa atau early-career candidate untuk Backend di domain data ai. Memiliki minat pada machine_learning cybersecurity product_design business_analysis, pengalaman proyek digital, dan mencari lowongan yang sesuai skill inti.","Brand Designer, Website",claylabs,1,,,,"grade 0=irrelevant, 1=marginal, 2=relevant, 3=highly relevant"
20260607_sbert_final_validation-ann-0555,sbert-v2-profile-05704,sbert-v2-job-101ef11705002382e6d1,"Mahasiswa atau early-career candidate untuk Business Analysis di domain data ai. Memiliki minat pada machine_learning business_analysis digital_marketing qa_testing, pengalaman proyek digital, dan mencari lowongan yang sesuai skill inti.","Account Executive - New York, NY",blackbird-labs-inc,3,,,,"grade 0=irrelevant, 1=marginal, 2=relevant, 3=highly relevant"
20260607_sbert_final_validation-ann-0556,sbert-v2-profile-05704,sbert-v2-job-1185840302242ba3a9c6,"Mahasiswa atau early-career candidate untuk Business Analysis di domain data ai. Memiliki minat pada machine_learning business_analysis digital_marketing qa_testing, pengalaman proyek digital, dan mencari lowongan yang sesuai skill inti.","Senior Salesforce Developer,Service Cloud",PAR Technology,0,,,,"grade 0=irrelevant, 1=marginal, 2=relevant, 3=highly relevant"
20260607_sbert_final_validation-ann-0557,sbert-v2-profile-05704,sbert-v2-job-03bbb1e39544a538b25e,"Mahasiswa atau early-career candidate untuk Business Analysis di domain data ai. Memiliki minat pada machine_learning business_analysis digital_marketing qa_testing, pengalaman proyek digital, dan mencari lowongan yang sesuai skill inti.",Material Planner,apex-technology-inc,0,,,,"grade 0=irrelevant, 1=marginal, 2=relevant, 3=highly relevant"
20260607_sbert_final_validation-ann-0558,sbert-v2-profile-05704,sbert-v2-job-105dbd20dd347f4f73ef,"Mahasiswa atau early-career candidate untuk Business Analysis di domain data ai. Memiliki minat pada machine_learning business_analysis digital_marketing qa_testing, pengalaman proyek digital, dan mencari lowongan yang sesuai skill inti.",Test Technician,Antares,1,,,,"grade 0=irrelevant, 1=marginal, 2=relevant, 3=highly relevant"
20260607_sbert_final_validation-ann-0559,sbert-v2-profile-05704,sbert-v2-job-14637dbff7229173d3a9,"Mahasiswa atau early-career candidate untuk Business Analysis di domain data ai. Memiliki minat pada machine_learning business_analysis digital_marketing qa_testing, pengalaman proyek digital, dan mencari lowongan yang sesuai skill inti.",Customer Success Manager,bynder,1,,,,"grade 0=irrelevant, 1=marginal, 2=relevant, 3=highly relevant"
20260607_sbert_final_validation-ann-0560,sbert-v2-profile-05704,sbert-v2-job-12084fc98b2dbf783604,"Mahasiswa atau early-career candidate untuk Business Analysis di domain data ai. Memiliki minat pada machine_learning business_analysis digital_marketing qa_testing, pengalaman proyek digital, dan mencari lowongan yang sesuai skill inti.",Technical Operations Coordinator,airapps,1,,,,"grade 0=irrelevant, 1=marginal, 2=relevant, 3=highly relevant"
20260607_sbert_final_validation-ann-0561,sbert-v2-profile-05704,sbert-v2-job-0d13ec08734873b67047,"Mahasiswa atau early-career candidate untuk Business Analysis di domain data ai. Memiliki minat pada machine_learning business_analysis digital_marketing qa_testing, pengalaman proyek digital, dan mencari lowongan yang sesuai skill inti.","Staff Software Engineer, Infrastructure",aerovect,1,,,,"grade 0=irrelevant, 1=marginal, 2=relevant, 3=highly relevant"
20260607_sbert_final_validation-ann-0562,sbert-v2-profile-05705,sbert-v2-job-1886648ac00e204a8eee,"Mahasiswa atau early-career candidate untuk Digital Marketing di domain data ai. Memiliki minat pada it_support data_analysis digital_marketing machine_learning, pengalaman proyek digital, dan mencari lowongan yang sesuai skill inti.","Brand Marketing Lead - New York, NY",blackbird-labs-inc,3,,,,"grade 0=irrelevant, 1=marginal, 2=relevant, 3=highly relevant"
20260607_sbert_final_validation-ann-0563,sbert-v2-profile-05705,sbert-v2-job-0a8882e00ee95acbbdeb,"Mahasiswa atau early-career candidate untuk Digital Marketing di domain data ai. Memiliki minat pada it_support data_analysis digital_marketing machine_learning, pengalaman proyek digital, dan mencari lowongan yang sesuai skill inti.","Customer Success Executive (Minneapolis, MN)",Hippocratic AI,0,,,,"grade 0=irrelevant, 1=marginal, 2=relevant, 3=highly relevant"
20260607_sbert_final_validation-ann-0564,sbert-v2-profile-05705,sbert-v2-job-022e29578cb51a8b9326,"Mahasiswa atau early-career candidate untuk Digital Marketing di domain data ai. Memiliki minat pada it_support data_analysis digital_marketing machine_learning, pengalaman proyek digital, dan mencari lowongan yang sesuai skill inti.",Support Manager,ben,0,,,,"grade 0=irrelevant, 1=marginal, 2=relevant, 3=highly relevant"
20260607_sbert_final_validation-ann-0565,sbert-v2-profile-05705,sbert-v2-job-0fecac2130b8dbccbc55,"Mahasiswa atau early-career candidate untuk Digital Marketing di domain data ai. Memiliki minat pada it_support data_analysis digital_marketing machine_learning, pengalaman proyek digital, dan mencari lowongan yang sesuai skill inti.",Senior Research Scientist - Simplex,astera,1,,,,"grade 0=irrelevant, 1=marginal, 2=relevant, 3=highly relevant"
20260607_sbert_final_validation-ann-0566,sbert-v2-profile-05705,sbert-v2-job-16486b6a48f5b497ff44,"Mahasiswa atau early-career candidate untuk Digital Marketing di domain data ai. Memiliki minat pada it_support data_analysis digital_marketing machine_learning, pengalaman proyek digital, dan mencari lowongan yang sesuai skill inti.",Inventory Associate (Austin),base-power,1,,,,"grade 0=irrelevant, 1=marginal, 2=relevant, 3=highly relevant"
20260607_sbert_final_validation-ann-0567,sbert-v2-profile-05705,sbert-v2-job-0a2fa5db6a340f9a0f25,"Mahasiswa atau early-career candidate untuk Digital Marketing di domain data ai. Memiliki minat pada it_support data_analysis digital_marketing machine_learning, pengalaman proyek digital, dan mencari lowongan yang sesuai skill inti.",Finance Systems Architect,applied,1,,,,"grade 0=irrelevant, 1=marginal, 2=relevant, 3=highly relevant"
20260607_sbert_final_validation-ann-0568,sbert-v2-profile-05705,sbert-v2-job-07c3c55b42f5e6e968f2,"Mahasiswa atau early-career candidate untuk Digital Marketing di domain data ai. Memiliki minat pada it_support data_analysis digital_marketing machine_learning, pengalaman proyek digital, dan mencari lowongan yang sesuai skill inti.",Part Time Remote Child and Family Therapist (LMFT/LCSW/LPCC) – Texas Licensed,claritypediatrics,1,,,,"grade 0=irrelevant, 1=marginal, 2=relevant, 3=highly relevant"
20260607_sbert_final_validation-ann-0569,sbert-v2-profile-05706,sbert-v2-job-039f61100d00eb854718,"Mahasiswa atau early-career candidate untuk Digital Marketing di domain digital marketing. Memiliki minat pada digital_marketing, pengalaman proyek digital, dan mencari lowongan yang sesuai skill inti.",Director of Pricing,claritypay,3,,,,"grade 0=irrelevant, 1=marginal, 2=relevant, 3=highly relevant"
20260607_sbert_final_validation-ann-0570,sbert-v2-profile-05706,sbert-v2-job-04cd2a2be3d496e3bf85,"Mahasiswa atau early-career candidate untuk Digital Marketing di domain digital marketing. Memiliki minat pada digital_marketing, pengalaman proyek digital, dan mencari lowongan yang sesuai skill inti.",Maintainability Engineer,PAR Technology,0,,,,"grade 0=irrelevant, 1=marginal, 2=relevant, 3=highly relevant"
20260607_sbert_final_validation-ann-0571,sbert-v2-profile-05706,sbert-v2-job-03d8aac10ef2795efe4b,"Mahasiswa atau early-career candidate untuk Digital Marketing di domain digital marketing. Memiliki minat pada digital_marketing, pengalaman proyek digital, dan mencari lowongan yang sesuai skill inti.","Senior Software Engineer, Backend",bubble,0,,,,"grade 0=irrelevant, 1=marginal, 2=relevant, 3=highly relevant"
20260607_sbert_final_validation-ann-0572,sbert-v2-profile-05706,sbert-v2-job-10ddd3c792db6203c8fb,"Mahasiswa atau early-career candidate untuk Digital Marketing di domain digital marketing. Memiliki minat pada digital_marketing, pengalaman proyek digital, dan mencari lowongan yang sesuai skill inti.","Lab Technician, Chemistry/Chemical Biology",adaptyv,1,,,,"grade 0=irrelevant, 1=marginal, 2=relevant, 3=highly relevant"
20260607_sbert_final_validation-ann-0573,sbert-v2-profile-05707,sbert-v2-job-16cda2fac2024cb9a55e,"Mahasiswa atau early-career candidate untuk Ui Ux Product di domain ui ux product. Memiliki minat pada product_design qa_testing, pengalaman proyek digital, dan mencari lowongan yang sesuai skill inti.",Sales Engineer-Data,altimate,3,,,,"grade 0=irrelevant, 1=marginal, 2=relevant, 3=highly relevant"
20260607_sbert_final_validation-ann-0574,sbert-v2-profile-05707,sbert-v2-job-11a90fca55d43eb62165,"Mahasiswa atau early-career candidate untuk Ui Ux Product di domain ui ux product. Memiliki minat pada product_design qa_testing, pengalaman proyek digital, dan mencari lowongan yang sesuai skill inti.",Founding QA Engineer - India,coram-ai,0,,,,"grade 0=irrelevant, 1=marginal, 2=relevant, 3=highly relevant"
20260607_sbert_final_validation-ann-0575,sbert-v2-profile-05707,sbert-v2-job-14a6523bc5ed48b2f8b9,"Mahasiswa atau early-career candidate untuk Ui Ux Product di domain ui ux product. Memiliki minat pada product_design qa_testing, pengalaman proyek digital, dan mencari lowongan yang sesuai skill inti.",Frontend Engineer,airspace-intelligence.com,1,,,,"grade 0=irrelevant, 1=marginal, 2=relevant, 3=highly relevant"
20260607_sbert_final_validation-ann-0576,sbert-v2-profile-05708,sbert-v2-job-0e49b43fa19e4d702649,"Mahasiswa atau early-career candidate untuk Cloud Devops di domain digital marketing. Memiliki minat pada cloud cybersecurity digital_marketing, pengalaman proyek digital, dan mencari lowongan yang sesuai skill inti.",Electrical Engineer,TerraFirma,3,,,,"grade 0=irrelevant, 1=marginal, 2=relevant, 3=highly relevant"
20260607_sbert_final_validation-ann-0577,sbert-v2-profile-05708,sbert-v2-job-02afd94458af30cb6306,"Mahasiswa atau early-career candidate untuk Cloud Devops di domain digital marketing. Memiliki minat pada cloud cybersecurity digital_marketing, pengalaman proyek digital, dan mencari lowongan yang sesuai skill inti.",Junior Operations Administrator,abound,1,,,,"grade 0=irrelevant, 1=marginal, 2=relevant, 3=highly relevant"
20260607_sbert_final_validation-ann-0578,sbert-v2-profile-05709,sbert-v2-job-0f05d32172bbff192292,"Mahasiswa atau early-career candidate untuk Ui Ux Product di domain digital marketing. Memiliki minat pada digital_marketing machine_learning, pengalaman proyek digital, dan mencari lowongan yang sesuai skill inti.",Fleet Quality Technician,cocodelivery,3,,,,"grade 0=irrelevant, 1=marginal, 2=relevant, 3=highly relevant"
20260607_sbert_final_validation-ann-0579,sbert-v2-profile-05709,sbert-v2-job-08c04757302de3a5d5a8,"Mahasiswa atau early-career candidate untuk Ui Ux Product di domain digital marketing. Memiliki minat pada digital_marketing machine_learning, pengalaman proyek digital, dan mencari lowongan yang sesuai skill inti.",Spain Content Specialist,amo,1,,,,"grade 0=irrelevant, 1=marginal, 2=relevant, 3=highly relevant"
20260607_sbert_final_validation-ann-0580,sbert-v2-profile-05710,sbert-v2-job-0b6a6e441de7bf587c6f,"Mahasiswa atau early-career candidate untuk Digital Marketing di domain software development. Memiliki minat pada machine_learning, pengalaman proyek digital, dan mencari lowongan yang sesuai skill inti.",Support Engineer (afternoon/night shifts),apify,3,,,,"grade 0=irrelevant, 1=marginal, 2=relevant, 3=highly relevant"
20260607_sbert_final_validation-ann-0581,sbert-v2-profile-05710,sbert-v2-job-032136c5147c9458e4d3,"Mahasiswa atau early-career candidate untuk Digital Marketing di domain software development. Memiliki minat pada machine_learning, pengalaman proyek digital, dan mencari lowongan yang sesuai skill inti.",X-ray Technician- Part-time,compass-surgical-partners,1,,,,"grade 0=irrelevant, 1=marginal, 2=relevant, 3=highly relevant"
20260607_sbert_final_validation-ann-0582,sbert-v2-profile-05711,sbert-v2-job-04a3538b884db00fa9fb,"Mahasiswa atau early-career candidate untuk Cloud Devops di domain ui ux product. Memiliki minat pada cloud it_support, pengalaman proyek digital, dan mencari lowongan yang sesuai skill inti.",Staff Software Engineer I - Internal Access Management,confluent,3,,,,"grade 0=irrelevant, 1=marginal, 2=relevant, 3=highly relevant"
20260607_sbert_final_validation-ann-0583,sbert-v2-profile-05711,sbert-v2-job-1050df3e031c63e3ca8c,"Mahasiswa atau early-career candidate untuk Cloud Devops di domain ui ux product. Memiliki minat pada cloud it_support, pengalaman proyek digital, dan mencari lowongan yang sesuai skill inti.",Machinist,amca,1,,,,"grade 0=irrelevant, 1=marginal, 2=relevant, 3=highly relevant"
20260607_sbert_final_validation-ann-0584,sbert-v2-profile-05712,sbert-v2-job-0f41026bd1eee557f79f,"Mahasiswa atau early-career candidate untuk Backend di domain software development. Memiliki minat pada machine_learning backend business_analysis data_analysis, pengalaman proyek digital, dan mencari lowongan yang sesuai skill inti.",Product Engineer,arlo,3,,,,"grade 0=irrelevant, 1=marginal, 2=relevant, 3=highly relevant"
20260607_sbert_final_validation-ann-0585,sbert-v2-profile-05712,sbert-v2-job-055a29fb55751afdbb77,"Mahasiswa atau early-career candidate untuk Backend di domain software development. Memiliki minat pada machine_learning backend business_analysis data_analysis, pengalaman proyek digital, dan mencari lowongan yang sesuai skill inti.",General Counsel,cardless,1,,,,"grade 0=irrelevant, 1=marginal, 2=relevant, 3=highly relevant"
20260607_sbert_final_validation-ann-0586,sbert-v2-profile-05713,sbert-v2-job-04331b1077e7c75c7e48,"Mahasiswa atau early-career candidate untuk Ui Ux Product di domain software development. Memiliki minat pada machine_learning business_analysis data_analysis it_support, pengalaman proyek digital, dan mencari lowongan yang sesuai skill inti.","AI Scientist/Engineer, Model Training",conquest,3,,,,"grade 0=irrelevant, 1=marginal, 2=relevant, 3=highly relevant"
20260607_sbert_final_validation-ann-0587,sbert-v2-profile-05713,sbert-v2-job-09c600f44ef7246757bb,"Mahasiswa atau early-career candidate untuk Ui Ux Product di domain software development. Memiliki minat pada machine_learning business_analysis data_analysis it_support, pengalaman proyek digital, dan mencari lowongan yang sesuai skill inti.","Senior Finance Specialist, Business Insights",BranchInsurance,1,,,,"grade 0=irrelevant, 1=marginal, 2=relevant, 3=highly relevant"
20260607_sbert_final_validation-ann-0588,sbert-v2-profile-05714,sbert-v2-job-1886648ac00e204a8eee,"Mahasiswa atau early-career candidate untuk Ui Ux Product di domain data ai. Memiliki minat pada machine_learning business_analysis data_analysis it_support, pengalaman proyek digital, dan mencari lowongan yang sesuai skill inti.","Brand Marketing Lead - New York, NY",blackbird-labs-inc,3,,,,"grade 0=irrelevant, 1=marginal, 2=relevant, 3=highly relevant"
20260607_sbert_final_validation-ann-0589,sbert-v2-profile-05714,sbert-v2-job-15e7f6dcd4f4a48458bf,"Mahasiswa atau early-career candidate untuk Ui Ux Product di domain data ai. Memiliki minat pada machine_learning business_analysis data_analysis it_support, pengalaman proyek digital, dan mencari lowongan yang sesuai skill inti.",Technical Recruiter,abby-care,1,,,,"grade 0=irrelevant, 1=marginal, 2=relevant, 3=highly relevant"
20260607_sbert_final_validation-ann-0590,sbert-v2-profile-05715,sbert-v2-job-00559db19d7cc8676fb3,"Mahasiswa atau early-career candidate untuk Data Analysis di domain software development. Memiliki minat pada data_analysis machine_learning business_analysis cybersecurity, pengalaman proyek digital, dan mencari lowongan yang sesuai skill inti.",Senior FinOps Account Manager,cloudzero,3,,,,"grade 0=irrelevant, 1=marginal, 2=relevant, 3=highly relevant"
20260607_sbert_final_validation-ann-0591,sbert-v2-profile-05716,sbert-v2-job-168e513817daf143181f,"Mahasiswa atau early-career candidate untuk Machine Learning di domain software development. Memiliki minat pada machine_learning cloud data_analysis cybersecurity, pengalaman proyek digital, dan mencari lowongan yang sesuai skill inti.",Bioinformatics Engineer - Multi-omics - Early Career,Prima Mente,3,,,,"grade 0=irrelevant, 1=marginal, 2=relevant, 3=highly relevant"
20260607_sbert_final_validation-ann-0592,sbert-v2-profile-05717,sbert-v2-job-181247cda17121dcf22c,"Mahasiswa atau early-career candidate untuk Cloud Devops di domain software development. Memiliki minat pada cloud machine_learning business_analysis it_support, pengalaman proyek digital, dan mencari lowongan yang sesuai skill inti.",Braiins Manager Team Lead,braiins,3,,,,"grade 0=irrelevant, 1=marginal, 2=relevant, 3=highly relevant"
20260607_sbert_final_validation-ann-0593,sbert-v2-profile-05718,sbert-v2-job-0618f86368c70c2c9662,"Mahasiswa atau early-career candidate untuk Frontend di domain software development. Memiliki minat pada frontend machine_learning javascript data_analysis, pengalaman proyek digital, dan mencari lowongan yang sesuai skill inti.",Health Physicist,Fuse,3,,,,"grade 0=irrelevant, 1=marginal, 2=relevant, 3=highly relevant"
20260607_sbert_final_validation-ann-0594,sbert-v2-profile-05719,sbert-v2-job-0d3d869a34a4bb2c28bb,"Mahasiswa atau early-career candidate untuk Data Analysis di domain data ai. Memiliki minat pada data_analysis machine_learning business_analysis digital_marketing, pengalaman proyek digital, dan mencari lowongan yang sesuai skill inti.",Revenue Operations Leader,basis-ai,3,,,,"grade 0=irrelevant, 1=marginal, 2=relevant, 3=highly relevant"
20260607_sbert_final_validation-ann-0595,sbert-v2-profile-05720,sbert-v2-job-04c54b13b9ffbb1d16d6,"Mahasiswa atau early-career candidate untuk Qa Testing di domain software development. Memiliki minat pada qa_testing machine_learning business_analysis data_analysis, pengalaman proyek digital, dan mencari lowongan yang sesuai skill inti.",Drug CMC Lead,atomic,3,,,,"grade 0=irrelevant, 1=marginal, 2=relevant, 3=highly relevant"
20260607_sbert_final_validation-ann-0596,sbert-v2-profile-05721,sbert-v2-job-11397bd1150abeddd6e2,"Mahasiswa atau early-career candidate untuk Cloud Devops di domain data ai. Memiliki minat pada cloud machine_learning business_analysis data_analysis, pengalaman proyek digital, dan mencari lowongan yang sesuai skill inti.",Executive Assistant & Office Manager,cloudscaler,3,,,,"grade 0=irrelevant, 1=marginal, 2=relevant, 3=highly relevant"
20260607_sbert_final_validation-ann-0597,sbert-v2-profile-05722,sbert-v2-job-15ab1e8b15838e47fa8d,"Mahasiswa atau early-career candidate untuk Machine Learning di domain data ai. Memiliki minat pada machine_learning data_analysis cloud business_analysis, pengalaman proyek digital, dan mencari lowongan yang sesuai skill inti.","Senior Manager, Business Development",1password,3,,,,"grade 0=irrelevant, 1=marginal, 2=relevant, 3=highly relevant"
20260607_sbert_final_validation-ann-0598,sbert-v2-profile-05723,sbert-v2-job-1742d28195a0fd176b24,"Mahasiswa atau early-career candidate untuk Qa Testing di domain data ai. Memiliki minat pada machine_learning qa_testing business_analysis data_analysis, pengalaman proyek digital, dan mencari lowongan yang sesuai skill inti.",Lead Claims Quality Auditor,centivo,3,,,,"grade 0=irrelevant, 1=marginal, 2=relevant, 3=highly relevant"
20260607_sbert_final_validation-ann-0599,sbert-v2-profile-05724,sbert-v2-job-03778ec6e7d3e73e11a0,"Mahasiswa atau early-career candidate untuk Data Ai di domain data ai. Memiliki minat pada machine_learning data_analysis sql digital_marketing, pengalaman proyek digital, dan mencari lowongan yang sesuai skill inti.",AI ソリューション・コンサルタント,citadel-ai,3,,,,"grade 0=irrelevant, 1=marginal, 2=relevant, 3=highly relevant"
20260607_sbert_final_validation-ann-0600,sbert-v2-profile-05725,sbert-v2-job-1087405a799cad6790ee,"Mahasiswa atau early-career candidate untuk Software Development di domain software development. Memiliki minat pada machine_learning it_support business_analysis data_analysis, pengalaman proyek digital, dan mencari lowongan yang sesuai skill inti.",Senior Service Desk Specialist – Network Operations,agent,3,,,,"grade 0=irrelevant, 1=marginal, 2=relevant, 3=highly relevant"
20260607_sbert_final_validation-ann-0601,sbert-v2-profile-05726,sbert-v2-job-17862e3e3f741a4f0c6c,"Mahasiswa atau early-career candidate untuk Business Analysis di domain software development. Memiliki minat pada business_analysis machine_learning qa_testing data_analysis, pengalaman proyek digital, dan mencari lowongan yang sesuai skill inti.",Senior Behavioral Scientist,betterup,3,,,,"grade 0=irrelevant, 1=marginal, 2=relevant, 3=highly relevant"
20260607_sbert_final_validation-ann-0602,sbert-v2-profile-05727,sbert-v2-job-02248f309ec542c45148,"Mahasiswa atau early-career candidate untuk Backend di domain data ai. Memiliki minat pada machine_learning cybersecurity product_design business_analysis, pengalaman proyek digital, dan mencari lowongan yang sesuai skill inti.",Clinical Education & Market Development Manager (M.D.) - Mexico,amboss,3,,,,"grade 0=irrelevant, 1=marginal, 2=relevant, 3=highly relevant"
20260607_sbert_final_validation-ann-0603,sbert-v2-profile-05728,sbert-v2-job-17f0b2d3cc0142c13e52,"Mahasiswa atau early-career candidate untuk Business Analysis di domain data ai. Memiliki minat pada machine_learning business_analysis digital_marketing qa_testing, pengalaman proyek digital, dan mencari lowongan yang sesuai skill inti.",UGC Content Creator (TikTok/Reels/Shorts),bjakcareer,3,,,,"grade 0=irrelevant, 1=marginal, 2=relevant, 3=highly relevant"
20260607_sbert_final_validation-ann-0604,sbert-v2-profile-05729,sbert-v2-job-165468375ea7d2029b0e,"Mahasiswa atau early-career candidate untuk Digital Marketing di domain data ai. Memiliki minat pada it_support data_analysis digital_marketing machine_learning, pengalaman proyek digital, dan mencari lowongan yang sesuai skill inti.",Senior Actuarial Analyst,athenaactuarial,3,,,,"grade 0=irrelevant, 1=marginal, 2=relevant, 3=highly relevant"
20260607_sbert_final_validation-ann-0605,sbert-v2-profile-05730,sbert-v2-job-131426ac684bcbe05cf4,"Mahasiswa atau early-career candidate untuk Digital Marketing di domain digital marketing. Memiliki minat pada digital_marketing, pengalaman proyek digital, dan mencari lowongan yang sesuai skill inti.",Enterprise Account Executive,conversion,3,,,,"grade 0=irrelevant, 1=marginal, 2=relevant, 3=highly relevant"
20260607_sbert_final_validation-ann-0606,sbert-v2-profile-05731,sbert-v2-job-0ae61853a67cf10ef3ea,"Mahasiswa atau early-career candidate untuk Ui Ux Product di domain ui ux product. Memiliki minat pada product_design qa_testing, pengalaman proyek digital, dan mencari lowongan yang sesuai skill inti.",iOS Engineer (Senior to Staff Level),cantina,3,,,,"grade 0=irrelevant, 1=marginal, 2=relevant, 3=highly relevant"
20260607_sbert_final_validation-ann-0607,sbert-v2-profile-05732,sbert-v2-job-0f0df7332cb0acdb5afe,"Mahasiswa atau early-career candidate untuk Cloud Devops di domain digital marketing. Memiliki minat pada cloud cybersecurity digital_marketing, pengalaman proyek digital, dan mencari lowongan yang sesuai skill inti.",Talent Lead,brale,3,,,,"grade 0=irrelevant, 1=marginal, 2=relevant, 3=highly relevant"
20260607_sbert_final_validation-ann-0608,sbert-v2-profile-05733,sbert-v2-job-05b8f90f35e392daf3c4,"Mahasiswa atau early-career candidate untuk Ui Ux Product di domain digital marketing. Memiliki minat pada digital_marketing machine_learning, pengalaman proyek digital, dan mencari lowongan yang sesuai skill inti.","Product Lead, Lending",airwallex,3,,,,"grade 0=irrelevant, 1=marginal, 2=relevant, 3=highly relevant"
20260607_sbert_final_validation-ann-0609,sbert-v2-profile-05734,sbert-v2-job-1025940600c35b2ffd60,"Mahasiswa atau early-career candidate untuk Digital Marketing di domain software development. Memiliki minat pada machine_learning, pengalaman proyek digital, dan mencari lowongan yang sesuai skill inti.","Backend Engineer, AI (Agent Systems)",bjakcareer,3,,,,"grade 0=irrelevant, 1=marginal, 2=relevant, 3=highly relevant"
20260607_sbert_final_validation-ann-0610,sbert-v2-profile-05735,sbert-v2-job-0510930ddb014bcb7fde,"Mahasiswa atau early-career candidate untuk Cloud Devops di domain ui ux product. Memiliki minat pada cloud it_support, pengalaman proyek digital, dan mencari lowongan yang sesuai skill inti.",Senior Software Engineer - B2C services,backmarket,3,,,,"grade 0=irrelevant, 1=marginal, 2=relevant, 3=highly relevant"
20260607_sbert_final_validation-ann-0611,sbert-v2-profile-05736,sbert-v2-job-12065ba03514992f199d,"Mahasiswa atau early-career candidate untuk Backend di domain software development. Memiliki minat pada machine_learning backend business_analysis data_analysis, pengalaman proyek digital, dan mencari lowongan yang sesuai skill inti.",Senior/Staff AI Researcher (India),articul8,3,,,,"grade 0=irrelevant, 1=marginal, 2=relevant, 3=highly relevant"
20260607_sbert_final_validation-ann-0612,sbert-v2-profile-05737,sbert-v2-job-1050df3e031c63e3ca8c,"Mahasiswa atau early-career candidate untuk Ui Ux Product di domain software development. Memiliki minat pada machine_learning business_analysis data_analysis it_support, pengalaman proyek digital, dan mencari lowongan yang sesuai skill inti.",Machinist,amca,3,,,,"grade 0=irrelevant, 1=marginal, 2=relevant, 3=highly relevant"
20260607_sbert_final_validation-ann-0613,sbert-v2-profile-05738,sbert-v2-job-14e8d122cb1a58ad1413,"Mahasiswa atau early-career candidate untuk Ui Ux Product di domain data ai. Memiliki minat pada machine_learning business_analysis data_analysis it_support, pengalaman proyek digital, dan mencari lowongan yang sesuai skill inti.",Medical Student Engagement Associate (Summer Job),amboss,3,,,,"grade 0=irrelevant, 1=marginal, 2=relevant, 3=highly relevant"
20260607_sbert_final_validation-ann-0614,sbert-v2-profile-05739,sbert-v2-job-0cd5b19dc3484e028d10,"Mahasiswa atau early-career candidate untuk Data Analysis di domain software development. Memiliki minat pada data_analysis machine_learning business_analysis cybersecurity, pengalaman proyek digital, dan mencari lowongan yang sesuai skill inti.",Staff FinOps Account Manager,cloudzero,3,,,,"grade 0=irrelevant, 1=marginal, 2=relevant, 3=highly relevant"
20260607_sbert_final_validation-ann-0615,sbert-v2-profile-05740,sbert-v2-job-195dbf2b351a2dc35eeb,"Mahasiswa atau early-career candidate untuk Machine Learning di domain software development. Memiliki minat pada machine_learning cloud data_analysis cybersecurity, pengalaman proyek digital, dan mencari lowongan yang sesuai skill inti.",People Operations Manager,cradlebio,3,,,,"grade 0=irrelevant, 1=marginal, 2=relevant, 3=highly relevant"
20260607_sbert_final_validation-ann-0616,sbert-v2-profile-05741,sbert-v2-job-17309319310407c032d1,"Mahasiswa atau early-career candidate untuk Cloud Devops di domain software development. Memiliki minat pada cloud machine_learning business_analysis it_support, pengalaman proyek digital, dan mencari lowongan yang sesuai skill inti.",DevOps Engineer,Foresight Diagnostics Inc.,3,,,,"grade 0=irrelevant, 1=marginal, 2=relevant, 3=highly relevant"
20260607_sbert_final_validation-ann-0617,sbert-v2-profile-05742,sbert-v2-job-15e94fac6d7809b23ce7,"Mahasiswa atau early-career candidate untuk Frontend di domain software development. Memiliki minat pada frontend machine_learning javascript data_analysis, pengalaman proyek digital, dan mencari lowongan yang sesuai skill inti.",Social Media Content Creator,checkatrade,3,,,,"grade 0=irrelevant, 1=marginal, 2=relevant, 3=highly relevant"
20260607_sbert_final_validation-ann-0618,sbert-v2-profile-05743,sbert-v2-job-03d2b0289409a6fcee22,"Mahasiswa atau early-career candidate untuk Data Analysis di domain data ai. Memiliki minat pada data_analysis machine_learning business_analysis digital_marketing, pengalaman proyek digital, dan mencari lowongan yang sesuai skill inti.",Sales Operations Lead,checkatrade,3,,,,"grade 0=irrelevant, 1=marginal, 2=relevant, 3=highly relevant"
20260607_sbert_final_validation-ann-0619,sbert-v2-profile-05744,sbert-v2-job-108a20ad0a76663dd83c,"Mahasiswa atau early-career candidate untuk Qa Testing di domain software development. Memiliki minat pada qa_testing machine_learning business_analysis data_analysis, pengalaman proyek digital, dan mencari lowongan yang sesuai skill inti.",Manufacturing Test Engineer,base-power,3,,,,"grade 0=irrelevant, 1=marginal, 2=relevant, 3=highly relevant"
20260607_sbert_final_validation-ann-0620,sbert-v2-profile-05745,sbert-v2-job-11397bd1150abeddd6e2,"Mahasiswa atau early-career candidate untuk Cloud Devops di domain data ai. Memiliki minat pada cloud machine_learning business_analysis data_analysis, pengalaman proyek digital, dan mencari lowongan yang sesuai skill inti.",Executive Assistant & Office Manager,cloudscaler,3,,,,"grade 0=irrelevant, 1=marginal, 2=relevant, 3=highly relevant"
20260607_sbert_final_validation-ann-0621,sbert-v2-profile-05746,sbert-v2-job-15ab1e8b15838e47fa8d,"Mahasiswa atau early-career candidate untuk Machine Learning di domain data ai. Memiliki minat pada machine_learning data_analysis cloud business_analysis, pengalaman proyek digital, dan mencari lowongan yang sesuai skill inti.","Senior Manager, Business Development",1password,3,,,,"grade 0=irrelevant, 1=marginal, 2=relevant, 3=highly relevant"
20260607_sbert_final_validation-ann-0622,sbert-v2-profile-05747,sbert-v2-job-1155673da1d996ff3783,"Mahasiswa atau early-career candidate untuk Qa Testing di domain data ai. Memiliki minat pada machine_learning qa_testing business_analysis data_analysis, pengalaman proyek digital, dan mencari lowongan yang sesuai skill inti.",Quality Control Technician,botanictonics,3,,,,"grade 0=irrelevant, 1=marginal, 2=relevant, 3=highly relevant"
20260607_sbert_final_validation-ann-0623,sbert-v2-profile-05748,sbert-v2-job-03778ec6e7d3e73e11a0,"Mahasiswa atau early-career candidate untuk Data Ai di domain data ai. Memiliki minat pada machine_learning data_analysis sql digital_marketing, pengalaman proyek digital, dan mencari lowongan yang sesuai skill inti.",AI ソリューション・コンサルタント,citadel-ai,3,,,,"grade 0=irrelevant, 1=marginal, 2=relevant, 3=highly relevant"
20260607_sbert_final_validation-ann-0624,sbert-v2-profile-05749,sbert-v2-job-1087405a799cad6790ee,"Mahasiswa atau early-career candidate untuk Software Development di domain software development. Memiliki minat pada machine_learning it_support business_analysis data_analysis, pengalaman proyek digital, dan mencari lowongan yang sesuai skill inti.",Senior Service Desk Specialist – Network Operations,agent,3,,,,"grade 0=irrelevant, 1=marginal, 2=relevant, 3=highly relevant"
20260607_sbert_final_validation-ann-0625,sbert-v2-profile-05750,sbert-v2-job-08322ec1d711470fd5eb,"Mahasiswa atau early-career candidate untuk Business Analysis di domain software development. Memiliki minat pada business_analysis machine_learning qa_testing data_analysis, pengalaman proyek digital, dan mencari lowongan yang sesuai skill inti.",Strategic Sales Southwest Region,aurelian,3,,,,"grade 0=irrelevant, 1=marginal, 2=relevant, 3=highly relevant"
20260607_sbert_final_validation-ann-0626,sbert-v2-profile-05751,sbert-v2-job-028a10eddf1ae07f0465,"Mahasiswa atau early-career candidate untuk Backend di domain data ai. Memiliki minat pada machine_learning cybersecurity product_design business_analysis, pengalaman proyek digital, dan mencari lowongan yang sesuai skill inti.",Sales Manager,access,3,,,,"grade 0=irrelevant, 1=marginal, 2=relevant, 3=highly relevant"
20260607_sbert_final_validation-ann-0627,sbert-v2-profile-05752,sbert-v2-job-158a2fc5b895f3c80065,"Mahasiswa atau early-career candidate untuk Business Analysis di domain data ai. Memiliki minat pada machine_learning business_analysis digital_marketing qa_testing, pengalaman proyek digital, dan mencari lowongan yang sesuai skill inti.",Renting Account Manager,carwow,3,,,,"grade 0=irrelevant, 1=marginal, 2=relevant, 3=highly relevant"
20260607_sbert_final_validation-ann-0628,sbert-v2-profile-05753,sbert-v2-job-03d2b0289409a6fcee22,"Mahasiswa atau early-career candidate untuk Digital Marketing di domain data ai. Memiliki minat pada it_support data_analysis digital_marketing machine_learning, pengalaman proyek digital, dan mencari lowongan yang sesuai skill inti.",Sales Operations Lead,checkatrade,3,,,,"grade 0=irrelevant, 1=marginal, 2=relevant, 3=highly relevant"
20260607_sbert_final_validation-ann-0629,sbert-v2-profile-05754,sbert-v2-job-11cbe8841c95141c2bfc,"Mahasiswa atau early-career candidate untuk Digital Marketing di domain digital marketing. Memiliki minat pada digital_marketing, pengalaman proyek digital, dan mencari lowongan yang sesuai skill inti.",Data Platform Tech Lead,clasp-group,3,,,,"grade 0=irrelevant, 1=marginal, 2=relevant, 3=highly relevant"
20260607_sbert_final_validation-ann-0630,sbert-v2-profile-05755,sbert-v2-job-193bd0b988377072be8f,"Mahasiswa atau early-career candidate untuk Ui Ux Product di domain ui ux product. Memiliki minat pada product_design qa_testing, pengalaman proyek digital, dan mencari lowongan yang sesuai skill inti.",Technical Project Manager,42dot,3,,,,"grade 0=irrelevant, 1=marginal, 2=relevant, 3=highly relevant"
20260607_sbert_final_validation-ann-0631,sbert-v2-profile-05756,sbert-v2-job-0a6b087093138b12feca,"Mahasiswa atau early-career candidate untuk Cloud Devops di domain digital marketing. Memiliki minat pada cloud cybersecurity digital_marketing, pengalaman proyek digital, dan mencari lowongan yang sesuai skill inti.",Ground Software Engineer,anysignal,3,,,,"grade 0=irrelevant, 1=marginal, 2=relevant, 3=highly relevant"
20260607_sbert_final_validation-ann-0632,sbert-v2-profile-05757,sbert-v2-job-07c3c55b42f5e6e968f2,"Mahasiswa atau early-career candidate untuk Ui Ux Product di domain digital marketing. Memiliki minat pada digital_marketing machine_learning, pengalaman proyek digital, dan mencari lowongan yang sesuai skill inti.",Part Time Remote Child and Family Therapist (LMFT/LCSW/LPCC) – Texas Licensed,claritypediatrics,3,,,,"grade 0=irrelevant, 1=marginal, 2=relevant, 3=highly relevant"
20260607_sbert_final_validation-ann-0633,sbert-v2-profile-05758,sbert-v2-job-00162adbce088e31dd6a,"Mahasiswa atau early-career candidate untuk Digital Marketing di domain software development. Memiliki minat pada machine_learning, pengalaman proyek digital, dan mencari lowongan yang sesuai skill inti.",Senior Compliance Manager & MLRO (Israel),airwallex,3,,,,"grade 0=irrelevant, 1=marginal, 2=relevant, 3=highly relevant"
20260607_sbert_final_validation-ann-0634,sbert-v2-profile-05759,sbert-v2-job-0f5db8b28590142a5c34,"Mahasiswa atau early-career candidate untuk Cloud Devops di domain ui ux product. Memiliki minat pada cloud it_support, pengalaman proyek digital, dan mencari lowongan yang sesuai skill inti.","Staff/Senior Software Engineer (Backend) - (Dublin, CA)",articul8,3,,,,"grade 0=irrelevant, 1=marginal, 2=relevant, 3=highly relevant"
20260607_sbert_final_validation-ann-0635,sbert-v2-profile-05760,sbert-v2-job-043c18a86356ff268101,"Mahasiswa atau early-career candidate untuk Backend di domain software development. Memiliki minat pada machine_learning backend business_analysis data_analysis, pengalaman proyek digital, dan mencari lowongan yang sesuai skill inti.",Senior Data Engineer,blockworks,3,,,,"grade 0=irrelevant, 1=marginal, 2=relevant, 3=highly relevant"
20260607_sbert_final_validation-ann-0636,sbert-v2-profile-05761,sbert-v2-job-07dfe737e078ce02572a,"Mahasiswa atau early-career candidate untuk Ui Ux Product di domain software development. Memiliki minat pada machine_learning business_analysis data_analysis it_support, pengalaman proyek digital, dan mencari lowongan yang sesuai skill inti.",Prior Authorization Lead,3y-health,3,,,,"grade 0=irrelevant, 1=marginal, 2=relevant, 3=highly relevant"
20260607_sbert_final_validation-ann-0637,sbert-v2-profile-05762,sbert-v2-job-0c19b968be50e2c18f4c,"Mahasiswa atau early-career candidate untuk Ui Ux Product di domain data ai. Memiliki minat pada machine_learning business_analysis data_analysis it_support, pengalaman proyek digital, dan mencari lowongan yang sesuai skill inti.",Brand Ambassador - HOST,bjakcareer,3,,,,"grade 0=irrelevant, 1=marginal, 2=relevant, 3=highly relevant"
20260607_sbert_final_validation-ann-0638,sbert-v2-profile-05763,sbert-v2-job-176bc4aa772d1d42638c,"Mahasiswa atau early-career candidate untuk Data Analysis di domain software development. Memiliki minat pada data_analysis machine_learning business_analysis cybersecurity, pengalaman proyek digital, dan mencari lowongan yang sesuai skill inti.",High Touch Implementation Specialist - Americas,ashby,3,,,,"grade 0=irrelevant, 1=marginal, 2=relevant, 3=highly relevant"
20260607_sbert_final_validation-ann-0639,sbert-v2-profile-05764,sbert-v2-job-010fe4012d9473de2cee,"Mahasiswa atau early-career candidate untuk Machine Learning di domain software development. Memiliki minat pada machine_learning cloud data_analysis cybersecurity, pengalaman proyek digital, dan mencari lowongan yang sesuai skill inti.","Solutions Consultant, Machine Learning",cradlebio,3,,,,"grade 0=irrelevant, 1=marginal, 2=relevant, 3=highly relevant"
20260607_sbert_final_validation-ann-0640,sbert-v2-profile-05765,sbert-v2-job-032869f38652a6e83fe8,"Mahasiswa atau early-career candidate untuk Cloud Devops di domain software development. Memiliki minat pada cloud machine_learning business_analysis it_support, pengalaman proyek digital, dan mencari lowongan yang sesuai skill inti.",Support Engineer,antithesis,3,,,,"grade 0=irrelevant, 1=marginal, 2=relevant, 3=highly relevant"
20260607_sbert_final_validation-ann-0641,sbert-v2-profile-05766,sbert-v2-job-05e48f0890bb7b4a9271,"Mahasiswa atau early-career candidate untuk Frontend di domain software development. Memiliki minat pada frontend machine_learning javascript data_analysis, pengalaman proyek digital, dan mencari lowongan yang sesuai skill inti.",Computational Scientist (Mass Spectrometry),axiombio,3,,,,"grade 0=irrelevant, 1=marginal, 2=relevant, 3=highly relevant"
20260607_sbert_final_validation-ann-0642,sbert-v2-profile-05767,sbert-v2-job-0d95ec42cb9a216bc574,"Mahasiswa atau early-career candidate untuk Data Analysis di domain data ai. Memiliki minat pada data_analysis machine_learning business_analysis digital_marketing, pengalaman proyek digital, dan mencari lowongan yang sesuai skill inti.",Analyst Relations Lead (Contract),ambiencehealthcare,3,,,,"grade 0=irrelevant, 1=marginal, 2=relevant, 3=highly relevant"
20260607_sbert_final_validation-ann-0643,sbert-v2-profile-05768,sbert-v2-job-141c029a9a5172460857,"Mahasiswa atau early-career candidate untuk Qa Testing di domain software development. Memiliki minat pada qa_testing machine_learning business_analysis data_analysis, pengalaman proyek digital, dan mencari lowongan yang sesuai skill inti.",Product Manager,casca,3,,,,"grade 0=irrelevant, 1=marginal, 2=relevant, 3=highly relevant"
20260607_sbert_final_validation-ann-0644,sbert-v2-profile-05769,sbert-v2-job-1612c824efc2fb256256,"Mahasiswa atau early-career candidate untuk Cloud Devops di domain data ai. Memiliki minat pada cloud machine_learning business_analysis data_analysis, pengalaman proyek digital, dan mencari lowongan yang sesuai skill inti.",Open Application,bio,3,,,,"grade 0=irrelevant, 1=marginal, 2=relevant, 3=highly relevant"
20260607_sbert_final_validation-ann-0645,sbert-v2-profile-05770,sbert-v2-job-15ab1e8b15838e47fa8d,"Mahasiswa atau early-career candidate untuk Machine Learning di domain data ai. Memiliki minat pada machine_learning data_analysis cloud business_analysis, pengalaman proyek digital, dan mencari lowongan yang sesuai skill inti.","Senior Manager, Business Development",1password,3,,,,"grade 0=irrelevant, 1=marginal, 2=relevant, 3=highly relevant"
20260607_sbert_final_validation-ann-0646,sbert-v2-profile-05771,sbert-v2-job-1742d28195a0fd176b24,"Mahasiswa atau early-career candidate untuk Qa Testing di domain data ai. Memiliki minat pada machine_learning qa_testing business_analysis data_analysis, pengalaman proyek digital, dan mencari lowongan yang sesuai skill inti.",Lead Claims Quality Auditor,centivo,3,,,,"grade 0=irrelevant, 1=marginal, 2=relevant, 3=highly relevant"
20260607_sbert_final_validation-ann-0647,sbert-v2-profile-05772,sbert-v2-job-03778ec6e7d3e73e11a0,"Mahasiswa atau early-career candidate untuk Data Ai di domain data ai. Memiliki minat pada machine_learning data_analysis sql digital_marketing, pengalaman proyek digital, dan mencari lowongan yang sesuai skill inti.",AI ソリューション・コンサルタント,citadel-ai,3,,,,"grade 0=irrelevant, 1=marginal, 2=relevant, 3=highly relevant"
20260607_sbert_final_validation-ann-0648,sbert-v2-profile-05773,sbert-v2-job-1087405a799cad6790ee,"Mahasiswa atau early-career candidate untuk Software Development di domain software development. Memiliki minat pada machine_learning it_support business_analysis data_analysis, pengalaman proyek digital, dan mencari lowongan yang sesuai skill inti.",Senior Service Desk Specialist – Network Operations,agent,3,,,,"grade 0=irrelevant, 1=marginal, 2=relevant, 3=highly relevant"
20260607_sbert_final_validation-ann-0649,sbert-v2-profile-05774,sbert-v2-job-166fc7515fe4908995f6,"Mahasiswa atau early-career candidate untuk Business Analysis di domain software development. Memiliki minat pada business_analysis machine_learning qa_testing data_analysis, pengalaman proyek digital, dan mencari lowongan yang sesuai skill inti.",Senior Accountant,bjakcareer,3,,,,"grade 0=irrelevant, 1=marginal, 2=relevant, 3=highly relevant"
20260607_sbert_final_validation-ann-0650,sbert-v2-profile-05775,sbert-v2-job-08ca93f0f09a879ddffe,"Mahasiswa atau early-career candidate untuk Backend di domain data ai. Memiliki minat pada machine_learning cybersecurity product_design business_analysis, pengalaman proyek digital, dan mencari lowongan yang sesuai skill inti.",Registered Nurse- Operating Room PRN,compass-surgical-partners,3,,,,"grade 0=irrelevant, 1=marginal, 2=relevant, 3=highly relevant"
20260607_sbert_final_validation-ann-0651,sbert-v2-profile-05776,sbert-v2-job-101ef11705002382e6d1,"Mahasiswa atau early-career candidate untuk Business Analysis di domain data ai. Memiliki minat pada machine_learning business_analysis digital_marketing qa_testing, pengalaman proyek digital, dan mencari lowongan yang sesuai skill inti.","Account Executive - New York, NY",blackbird-labs-inc,3,,,,"grade 0=irrelevant, 1=marginal, 2=relevant, 3=highly relevant"
20260607_sbert_final_validation-ann-0652,sbert-v2-profile-05777,sbert-v2-job-0ab246c4ecf9398f0bba,"Mahasiswa atau early-career candidate untuk Digital Marketing di domain data ai. Memiliki minat pada it_support data_analysis digital_marketing machine_learning, pengalaman proyek digital, dan mencari lowongan yang sesuai skill inti.",Overnight Camp Assistant Director of Operations,avid4,3,,,,"grade 0=irrelevant, 1=marginal, 2=relevant, 3=highly relevant"
20260607_sbert_final_validation-ann-0653,sbert-v2-profile-05778,sbert-v2-job-01b159094a91734c51d4,"Mahasiswa atau early-career candidate untuk Digital Marketing di domain digital marketing. Memiliki minat pada digital_marketing, pengalaman proyek digital, dan mencari lowongan yang sesuai skill inti.","Sales Associate, NorthPark (Part-Time)",away,3,,,,"grade 0=irrelevant, 1=marginal, 2=relevant, 3=highly relevant"
20260607_sbert_final_validation-ann-0654,sbert-v2-profile-05779,sbert-v2-job-0e3e20f267e633ab6556,"Mahasiswa atau early-career candidate untuk Ui Ux Product di domain ui ux product. Memiliki minat pada product_design qa_testing, pengalaman proyek digital, dan mencari lowongan yang sesuai skill inti.",Account Executive,browserbase,3,,,,"grade 0=irrelevant, 1=marginal, 2=relevant, 3=highly relevant"
20260607_sbert_final_validation-ann-0655,sbert-v2-profile-05780,sbert-v2-job-053312eaf6e938977f6f,"Mahasiswa atau early-career candidate untuk Cloud Devops di domain digital marketing. Memiliki minat pada cloud cybersecurity digital_marketing, pengalaman proyek digital, dan mencari lowongan yang sesuai skill inti.",Electronics Mechanical Design Engineer,Ridealso,3,,,,"grade 0=irrelevant, 1=marginal, 2=relevant, 3=highly relevant"
20260607_sbert_final_validation-ann-0656,sbert-v2-profile-05781,sbert-v2-job-0f258e4eba885ac835ed,"Mahasiswa atau early-career candidate untuk Ui Ux Product di domain digital marketing. Memiliki minat pada digital_marketing machine_learning, pengalaman proyek digital, dan mencari lowongan yang sesuai skill inti.",Lab Manager,adaptyv,3,,,,"grade 0=irrelevant, 1=marginal, 2=relevant, 3=highly relevant"
20260607_sbert_final_validation-ann-0657,sbert-v2-profile-05782,sbert-v2-job-03497ba2accb85549072,"Mahasiswa atau early-career candidate untuk Digital Marketing di domain software development. Memiliki minat pada machine_learning, pengalaman proyek digital, dan mencari lowongan yang sesuai skill inti.",Power Electronics Engineer (Mid),apex-technology-inc,3,,,,"grade 0=irrelevant, 1=marginal, 2=relevant, 3=highly relevant"
20260607_sbert_final_validation-ann-0658,sbert-v2-profile-05783,sbert-v2-job-11ab6975e70978f761ec,"Mahasiswa atau early-career candidate untuk Cloud Devops di domain ui ux product. Memiliki minat pada cloud it_support, pengalaman proyek digital, dan mencari lowongan yang sesuai skill inti.",Product Architect,apex-technology-inc,3,,,,"grade 0=irrelevant, 1=marginal, 2=relevant, 3=highly relevant"
20260607_sbert_final_validation-ann-0659,sbert-v2-profile-05784,sbert-v2-job-0e7dcefa491748dd06c3,"Mahasiswa atau early-career candidate untuk Backend di domain software development. Memiliki minat pada machine_learning backend business_analysis data_analysis, pengalaman proyek digital, dan mencari lowongan yang sesuai skill inti.","Director, Mechanical Engineering",apex-technology-inc,3,,,,"grade 0=irrelevant, 1=marginal, 2=relevant, 3=highly relevant"
20260607_sbert_final_validation-ann-0660,sbert-v2-profile-05785,sbert-v2-job-1546d3d97010b43f1f1b,"Mahasiswa atau early-career candidate untuk Ui Ux Product di domain software development. Memiliki minat pada machine_learning business_analysis data_analysis it_support, pengalaman proyek digital, dan mencari lowongan yang sesuai skill inti.",Technical Program Manager,Substrate,3,,,,"grade 0=irrelevant, 1=marginal, 2=relevant, 3=highly relevant"
20260607_sbert_final_validation-ann-0661,sbert-v2-profile-05786,sbert-v2-job-18f4a90e6ffec739f013,"Mahasiswa atau early-career candidate untuk Ui Ux Product di domain data ai. Memiliki minat pada machine_learning business_analysis data_analysis it_support, pengalaman proyek digital, dan mencari lowongan yang sesuai skill inti.",Don't See Your Role? Apply Here,asari.ai,3,,,,"grade 0=irrelevant, 1=marginal, 2=relevant, 3=highly relevant"
20260607_sbert_final_validation-ann-0662,sbert-v2-profile-05787,sbert-v2-job-07ad16549c1a692206d2,"Mahasiswa atau early-career candidate untuk Data Analysis di domain software development. Memiliki minat pada data_analysis machine_learning business_analysis cybersecurity, pengalaman proyek digital, dan mencari lowongan yang sesuai skill inti.","Sr. Systems Engineer, IT (Endpoint Engineering)",atlan,3,,,,"grade 0=irrelevant, 1=marginal, 2=relevant, 3=highly relevant"
20260607_sbert_final_validation-ann-0663,sbert-v2-profile-05788,sbert-v2-job-07c525828302c2c63b7d,"Mahasiswa atau early-career candidate untuk Machine Learning di domain software development. Memiliki minat pada machine_learning cloud data_analysis cybersecurity, pengalaman proyek digital, dan mencari lowongan yang sesuai skill inti.",Early Career AI/ML Engineer,brainco,3,,,,"grade 0=irrelevant, 1=marginal, 2=relevant, 3=highly relevant"
20260607_sbert_final_validation-ann-0664,sbert-v2-profile-05789,sbert-v2-job-11bd06dc1143aeadcb92,"Mahasiswa atau early-career candidate untuk Cloud Devops di domain software development. Memiliki minat pada cloud machine_learning business_analysis it_support, pengalaman proyek digital, dan mencari lowongan yang sesuai skill inti.",Senior Salesforce CPQ Administrator,PAR Technology,3,,,,"grade 0=irrelevant, 1=marginal, 2=relevant, 3=highly relevant"
20260607_sbert_final_validation-ann-0665,sbert-v2-profile-05880,sbert-v2-job-25c35d89073420133b22,"Mahasiswa atau early-career candidate untuk Backend di domain software development. Memiliki minat pada machine_learning backend business_analysis data_analysis, pengalaman proyek digital, dan mencari lowongan yang sesuai skill inti.",System Engineer,Exclusive Networks,3,,,,"grade 0=irrelevant, 1=marginal, 2=relevant, 3=highly relevant"
20260607_sbert_final_validation-ann-0666,sbert-v2-profile-05880,sbert-v2-job-a8a8477201b84be762c5,"Mahasiswa atau early-career candidate untuk Backend di domain software development. Memiliki minat pada machine_learning backend business_analysis data_analysis, pengalaman proyek digital, dan mencari lowongan yang sesuai skill inti.",Mgr-Sales I,Marriott International,0,,,,"grade 0=irrelevant, 1=marginal, 2=relevant, 3=highly relevant"
20260607_sbert_final_validation-ann-0667,sbert-v2-profile-05880,sbert-v2-job-d52fb43d0ed2662280db,"Mahasiswa atau early-career candidate untuk Backend di domain software development. Memiliki minat pada machine_learning backend business_analysis data_analysis, pengalaman proyek digital, dan mencari lowongan yang sesuai skill inti.",Data Analyst,PT Adicipta Inovasi Teknologi,0,,,,"grade 0=irrelevant, 1=marginal, 2=relevant, 3=highly relevant"
20260607_sbert_final_validation-ann-0668,sbert-v2-profile-05880,sbert-v2-job-2af65dd47b3328dc6e25,"Mahasiswa atau early-career candidate untuk Backend di domain software development. Memiliki minat pada machine_learning backend business_analysis data_analysis, pengalaman proyek digital, dan mencari lowongan yang sesuai skill inti.",Content Moderator,Innodata Inc.,0,,,,"grade 0=irrelevant, 1=marginal, 2=relevant, 3=highly relevant"
20260607_sbert_final_validation-ann-0669,sbert-v2-profile-05880,sbert-v2-job-cee3df43b7833c4b2498,"Mahasiswa atau early-career candidate untuk Backend di domain software development. Memiliki minat pada machine_learning backend business_analysis data_analysis, pengalaman proyek digital, dan mencari lowongan yang sesuai skill inti.","Manager, R & D",SC Johnson,0,,,,"grade 0=irrelevant, 1=marginal, 2=relevant, 3=highly relevant"
20260607_sbert_final_validation-ann-0670,sbert-v2-profile-05880,sbert-v2-job-9152d035a1fe589f526c,"Mahasiswa atau early-career candidate untuk Backend di domain software development. Memiliki minat pada machine_learning backend business_analysis data_analysis, pengalaman proyek digital, dan mencari lowongan yang sesuai skill inti.",Senior Geotechnical Engineer - Jakarta,Arup,0,,,,"grade 0=irrelevant, 1=marginal, 2=relevant, 3=highly relevant"
20260607_sbert_final_validation-ann-0671,sbert-v2-profile-05880,sbert-v2-job-bbe2555419eaacfe92c6,"Mahasiswa atau early-career candidate untuk Backend di domain software development. Memiliki minat pada machine_learning backend business_analysis data_analysis, pengalaman proyek digital, dan mencari lowongan yang sesuai skill inti.",UI/UX Developer,AMAEKA TECHNOLOGIES,0,,,,"grade 0=irrelevant, 1=marginal, 2=relevant, 3=highly relevant"
20260607_sbert_final_validation-ann-0672,sbert-v2-profile-05880,sbert-v2-job-8b3f857ea7257076e8cd,"Mahasiswa atau early-career candidate untuk Backend di domain software development. Memiliki minat pada machine_learning backend business_analysis data_analysis, pengalaman proyek digital, dan mencari lowongan yang sesuai skill inti.",Product Manager,ANKER INDONESIA,1,,,,"grade 0=irrelevant, 1=marginal, 2=relevant, 3=highly relevant"
20260607_sbert_final_validation-ann-0673,sbert-v2-profile-05880,sbert-v2-job-f2e81cdbbda1cd737673,"Mahasiswa atau early-career candidate untuk Backend di domain software development. Memiliki minat pada machine_learning backend business_analysis data_analysis, pengalaman proyek digital, dan mencari lowongan yang sesuai skill inti.",Frontend Developer,PT Solusi Sinergi Digital Tbk (Surge),1,,,,"grade 0=irrelevant, 1=marginal, 2=relevant, 3=highly relevant"
20260607_sbert_final_validation-ann-0674,sbert-v2-profile-05880,sbert-v2-job-96ec3afe6b74960ca2f6,"Mahasiswa atau early-career candidate untuk Backend di domain software development. Memiliki minat pada machine_learning backend business_analysis data_analysis, pengalaman proyek digital, dan mencari lowongan yang sesuai skill inti.",Frontend Developer Lead,PT Kulego Tiga Kreasi,1,,,,"grade 0=irrelevant, 1=marginal, 2=relevant, 3=highly relevant"
20260607_sbert_final_validation-ann-0675,sbert-v2-profile-05880,sbert-v2-job-04d169c02e1886e96c34,"Mahasiswa atau early-career candidate untuk Backend di domain software development. Memiliki minat pada machine_learning backend business_analysis data_analysis, pengalaman proyek digital, dan mencari lowongan yang sesuai skill inti.",Project Manager (Operations & Delivery) - Hybrid - Bandung,SkytreeDGTL,1,,,,"grade 0=irrelevant, 1=marginal, 2=relevant, 3=highly relevant"
20260607_sbert_final_validation-ann-0676,sbert-v2-profile-05881,sbert-v2-job-1a7a9ceabcfed4d055cf,"Mahasiswa atau early-career candidate untuk Ui Ux Product di domain software development. Memiliki minat pada machine_learning business_analysis data_analysis it_support, pengalaman proyek digital, dan mencari lowongan yang sesuai skill inti.",Assistant Manager - SAP Project Management Transformation,PT. Softex Indonesia,3,,,,"grade 0=irrelevant, 1=marginal, 2=relevant, 3=highly relevant"
20260607_sbert_final_validation-ann-0677,sbert-v2-profile-05881,sbert-v2-job-827a35e552603ec8c19f,"Mahasiswa atau early-career candidate untuk Ui Ux Product di domain software development. Memiliki minat pada machine_learning business_analysis data_analysis it_support, pengalaman proyek digital, dan mencari lowongan yang sesuai skill inti.",Anti Fraud Analyst - Operation,SAMIR,0,,,,"grade 0=irrelevant, 1=marginal, 2=relevant, 3=highly relevant"
20260607_sbert_final_validation-ann-0678,sbert-v2-profile-05881,sbert-v2-job-b01edc1f51dcee19ab9f,"Mahasiswa atau early-career candidate untuk Ui Ux Product di domain software development. Memiliki minat pada machine_learning business_analysis data_analysis it_support, pengalaman proyek digital, dan mencari lowongan yang sesuai skill inti.",Quality Manager,Louis Dreyfus Company,0,,,,"grade 0=irrelevant, 1=marginal, 2=relevant, 3=highly relevant"
20260607_sbert_final_validation-ann-0679,sbert-v2-profile-05881,sbert-v2-job-b8aee2f600548839302a,"Mahasiswa atau early-career candidate untuk Ui Ux Product di domain software development. Memiliki minat pada machine_learning business_analysis data_analysis it_support, pengalaman proyek digital, dan mencari lowongan yang sesuai skill inti.",Acceptance Engineer,ZTE Indonesia,0,,,,"grade 0=irrelevant, 1=marginal, 2=relevant, 3=highly relevant"
20260607_sbert_final_validation-ann-0680,sbert-v2-profile-05881,sbert-v2-job-577e8538b88bc6633c26,"Mahasiswa atau early-career candidate untuk Ui Ux Product di domain software development. Memiliki minat pada machine_learning business_analysis data_analysis it_support, pengalaman proyek digital, dan mencari lowongan yang sesuai skill inti.",Junior Data Engineer (with GCP Experience),Infidea,0,,,,"grade 0=irrelevant, 1=marginal, 2=relevant, 3=highly relevant"
20260607_sbert_final_validation-ann-0681,sbert-v2-profile-05881,sbert-v2-job-938d4b7dfc4ece5d5441,"Mahasiswa atau early-career candidate untuk Ui Ux Product di domain software development. Memiliki minat pada machine_learning business_analysis data_analysis it_support, pengalaman proyek digital, dan mencari lowongan yang sesuai skill inti.",Python Developer - Remote in Indonesia,Anyone AI,0,,,,"grade 0=irrelevant, 1=marginal, 2=relevant, 3=highly relevant"
20260607_sbert_final_validation-ann-0682,sbert-v2-profile-05881,sbert-v2-job-93af2df3a6c87ac2f516,"Mahasiswa atau early-career candidate untuk Ui Ux Product di domain software development. Memiliki minat pada machine_learning business_analysis data_analysis it_support, pengalaman proyek digital, dan mencari lowongan yang sesuai skill inti.",Bash/PowerShell Engineer | $25/hr Remote,Crossing Hurdles,0,,,,"grade 0=irrelevant, 1=marginal, 2=relevant, 3=highly relevant"
20260607_sbert_final_validation-ann-0683,sbert-v2-profile-05881,sbert-v2-job-b70b765a8d9e9b1269a2,"Mahasiswa atau early-career candidate untuk Ui Ux Product di domain software development. Memiliki minat pada machine_learning business_analysis data_analysis it_support, pengalaman proyek digital, dan mencari lowongan yang sesuai skill inti.",Senior Engineer Application Engineering,Infineon Technologies,1,,,,"grade 0=irrelevant, 1=marginal, 2=relevant, 3=highly relevant"
20260607_sbert_final_validation-ann-0684,sbert-v2-profile-05881,sbert-v2-job-bbe2555419eaacfe92c6,"Mahasiswa atau early-career candidate untuk Ui Ux Product di domain software development. Memiliki minat pada machine_learning business_analysis data_analysis it_support, pengalaman proyek digital, dan mencari lowongan yang sesuai skill inti.",UI/UX Developer,AMAEKA TECHNOLOGIES,1,,,,"grade 0=irrelevant, 1=marginal, 2=relevant, 3=highly relevant"
20260607_sbert_final_validation-ann-0685,sbert-v2-profile-05881,sbert-v2-job-1b0ae5cc253b5bd70079,"Mahasiswa atau early-career candidate untuk Ui Ux Product di domain software development. Memiliki minat pada machine_learning business_analysis data_analysis it_support, pengalaman proyek digital, dan mencari lowongan yang sesuai skill inti.",Senior / Project Manager - CSA (Data Centre),Turner & Townsend Pty Limited,1,,,,"grade 0=irrelevant, 1=marginal, 2=relevant, 3=highly relevant"
20260607_sbert_final_validation-ann-0686,sbert-v2-profile-05881,sbert-v2-job-cc3c87311ab2b4d0bd5f,"Mahasiswa atau early-career candidate untuk Ui Ux Product di domain software development. Memiliki minat pada machine_learning business_analysis data_analysis it_support, pengalaman proyek digital, dan mencari lowongan yang sesuai skill inti.",Business Development Manager (KOL Marketing/Creators Economy),IDN,1,,,,"grade 0=irrelevant, 1=marginal, 2=relevant, 3=highly relevant"
20260607_sbert_final_validation-ann-0687,sbert-v2-profile-05882,sbert-v2-job-5e5b531b15682a45efd4,"Mahasiswa atau early-career candidate untuk Ui Ux Product di domain data ai. Memiliki minat pada machine_learning business_analysis data_analysis it_support, pengalaman proyek digital, dan mencari lowongan yang sesuai skill inti.",Project Manager (Creative Service),Boleh Dicoba Digital,3,,,,"grade 0=irrelevant, 1=marginal, 2=relevant, 3=highly relevant"
20260607_sbert_final_validation-ann-0688,sbert-v2-profile-05882,sbert-v2-job-d0ce95c63f7d407067d6,"Mahasiswa atau early-career candidate untuk Ui Ux Product di domain data ai. Memiliki minat pada machine_learning business_analysis data_analysis it_support, pengalaman proyek digital, dan mencari lowongan yang sesuai skill inti.",Fullstack Developer (Golang & Python),"Indocyber Global Teknologi, PT",0,,,,"grade 0=irrelevant, 1=marginal, 2=relevant, 3=highly relevant"
20260607_sbert_final_validation-ann-0689,sbert-v2-profile-05882,sbert-v2-job-6e57ba5fddf175b40f2f,"Mahasiswa atau early-career candidate untuk Ui Ux Product di domain data ai. Memiliki minat pada machine_learning business_analysis data_analysis it_support, pengalaman proyek digital, dan mencari lowongan yang sesuai skill inti.","Product Manager, Card Issuance",StraitsX,0,,,,"grade 0=irrelevant, 1=marginal, 2=relevant, 3=highly relevant"
20260607_sbert_final_validation-ann-0690,sbert-v2-profile-05882,sbert-v2-job-d52fb43d0ed2662280db,"Mahasiswa atau early-career candidate untuk Ui Ux Product di domain data ai. Memiliki minat pada machine_learning business_analysis data_analysis it_support, pengalaman proyek digital, dan mencari lowongan yang sesuai skill inti.",Data Analyst,PT Adicipta Inovasi Teknologi,0,,,,"grade 0=irrelevant, 1=marginal, 2=relevant, 3=highly relevant"
20260607_sbert_final_validation-ann-0691,sbert-v2-profile-05882,sbert-v2-job-5012a4061ed2e47bd5ad,"Mahasiswa atau early-career candidate untuk Ui Ux Product di domain data ai. Memiliki minat pada machine_learning business_analysis data_analysis it_support, pengalaman proyek digital, dan mencari lowongan yang sesuai skill inti.",Business Intelligence (Insurance),Insura Media Solusi,0,,,,"grade 0=irrelevant, 1=marginal, 2=relevant, 3=highly relevant"
20260607_sbert_final_validation-ann-0692,sbert-v2-profile-05882,sbert-v2-job-d5e2d4f4098e1b1b12ff,"Mahasiswa atau early-career candidate untuk Ui Ux Product di domain data ai. Memiliki minat pada machine_learning business_analysis data_analysis it_support, pengalaman proyek digital, dan mencari lowongan yang sesuai skill inti.",Safety Specialist,Goodyear,1,,,,"grade 0=irrelevant, 1=marginal, 2=relevant, 3=highly relevant"
20260607_sbert_final_validation-ann-0693,sbert-v2-profile-05882,sbert-v2-job-9d35163d6ccdea073ce8,"Mahasiswa atau early-career candidate untuk Ui Ux Product di domain data ai. Memiliki minat pada machine_learning business_analysis data_analysis it_support, pengalaman proyek digital, dan mencari lowongan yang sesuai skill inti.",Customer Relation Staff (Jakarta Selatan),VIFX Jakarta Sona Topas,1,,,,"grade 0=irrelevant, 1=marginal, 2=relevant, 3=highly relevant"
20260607_sbert_final_validation-ann-0694,sbert-v2-profile-05882,sbert-v2-job-f2e247dee209030defea,"Mahasiswa atau early-career candidate untuk Ui Ux Product di domain data ai. Memiliki minat pada machine_learning business_analysis data_analysis it_support, pengalaman proyek digital, dan mencari lowongan yang sesuai skill inti.",Fiber R&D Acacia Silviculture Senior Researcher,APRIL,1,,,,"grade 0=irrelevant, 1=marginal, 2=relevant, 3=highly relevant"
20260607_sbert_final_validation-ann-0695,sbert-v2-profile-05882,sbert-v2-job-35a32d433dbe3fe6f4dc,"Mahasiswa atau early-career candidate untuk Ui Ux Product di domain data ai. Memiliki minat pada machine_learning business_analysis data_analysis it_support, pengalaman proyek digital, dan mencari lowongan yang sesuai skill inti.",UI/UX Designer,PT Reka Multi Aptika,1,,,,"grade 0=irrelevant, 1=marginal, 2=relevant, 3=highly relevant"
20260607_sbert_final_validation-ann-0696,sbert-v2-profile-05883,sbert-v2-job-8088afc45fe685e46d2a,"Mahasiswa atau early-career candidate untuk Data Analysis di domain software development. Memiliki minat pada data_analysis machine_learning business_analysis cybersecurity, pengalaman proyek digital, dan mencari lowongan yang sesuai skill inti.","Senior/Staff Data Platform Engineer - (Bangkok based, relocation provided)",Agoda,3,,,,"grade 0=irrelevant, 1=marginal, 2=relevant, 3=highly relevant"
20260607_sbert_final_validation-ann-0697,sbert-v2-profile-05883,sbert-v2-job-0e726c735df45e10e47a,"Mahasiswa atau early-career candidate untuk Data Analysis di domain software development. Memiliki minat pada data_analysis machine_learning business_analysis cybersecurity, pengalaman proyek digital, dan mencari lowongan yang sesuai skill inti.",Business Analyst,KOI Group,0,,,,"grade 0=irrelevant, 1=marginal, 2=relevant, 3=highly relevant"
20260607_sbert_final_validation-ann-0698,sbert-v2-profile-05883,sbert-v2-job-6d118a4fdb122f2afc88,"Mahasiswa atau early-career candidate untuk Data Analysis di domain software development. Memiliki minat pada data_analysis machine_learning business_analysis cybersecurity, pengalaman proyek digital, dan mencari lowongan yang sesuai skill inti.",Junior NetSuite / ERP Administrator - Semarang,Eco Outdoor Group,0,,,,"grade 0=irrelevant, 1=marginal, 2=relevant, 3=highly relevant"
20260607_sbert_final_validation-ann-0699,sbert-v2-profile-05883,sbert-v2-job-93c16488a24210bb2f10,"Mahasiswa atau early-career candidate untuk Data Analysis di domain software development. Memiliki minat pada data_analysis machine_learning business_analysis cybersecurity, pengalaman proyek digital, dan mencari lowongan yang sesuai skill inti.",Data Engineer,Insura Media Solusi,1,,,,"grade 0=irrelevant, 1=marginal, 2=relevant, 3=highly relevant"
20260607_sbert_final_validation-ann-0700,sbert-v2-profile-05883,sbert-v2-job-558d1289e7a3d60bcead,"Mahasiswa atau early-career candidate untuk Data Analysis di domain software development. Memiliki minat pada data_analysis machine_learning business_analysis cybersecurity, pengalaman proyek digital, dan mencari lowongan yang sesuai skill inti.",Procurement Analyst,Amartha Financial,1,,,,"grade 0=irrelevant, 1=marginal, 2=relevant, 3=highly relevant"
20260607_sbert_final_validation-ann-0701,sbert-v2-profile-05884,sbert-v2-job-132f46dbf2cdce37a79b,"Mahasiswa atau early-career candidate untuk Machine Learning di domain software development. Memiliki minat pada machine_learning cloud data_analysis cybersecurity, pengalaman proyek digital, dan mencari lowongan yang sesuai skill inti.",Data Science Manager (Indonesia),Thakral One,3,,,,"grade 0=irrelevant, 1=marginal, 2=relevant, 3=highly relevant"
20260607_sbert_final_validation-ann-0702,sbert-v2-profile-05884,sbert-v2-job-b01edc1f51dcee19ab9f,"Mahasiswa atau early-career candidate untuk Machine Learning di domain software development. Memiliki minat pada machine_learning cloud data_analysis cybersecurity, pengalaman proyek digital, dan mencari lowongan yang sesuai skill inti.",Quality Manager,Louis Dreyfus Company,0,,,,"grade 0=irrelevant, 1=marginal, 2=relevant, 3=highly relevant"
20260607_sbert_final_validation-ann-0703,sbert-v2-profile-05884,sbert-v2-job-df407b63dd61e55004a4,"Mahasiswa atau early-career candidate untuk Machine Learning di domain software development. Memiliki minat pada machine_learning cloud data_analysis cybersecurity, pengalaman proyek digital, dan mencari lowongan yang sesuai skill inti.",Product Apprentice Program,Cermati.com,0,,,,"grade 0=irrelevant, 1=marginal, 2=relevant, 3=highly relevant"
20260607_sbert_final_validation-ann-0704,sbert-v2-profile-05884,sbert-v2-job-899906e21e4a3c4de25b,"Mahasiswa atau early-career candidate untuk Machine Learning di domain software development. Memiliki minat pada machine_learning cloud data_analysis cybersecurity, pengalaman proyek digital, dan mencari lowongan yang sesuai skill inti.",Account Manager (MICE) - tiketPlus,tiket.com,1,,,,"grade 0=irrelevant, 1=marginal, 2=relevant, 3=highly relevant"
20260607_sbert_final_validation-ann-0705,sbert-v2-profile-05885,sbert-v2-job-6a383490c59123432fd9,"Mahasiswa atau early-career candidate untuk Cloud Devops di domain software development. Memiliki minat pada cloud machine_learning business_analysis it_support, pengalaman proyek digital, dan mencari lowongan yang sesuai skill inti.",Data Center Network Engineer (L2),Sycomp,3,,,,"grade 0=irrelevant, 1=marginal, 2=relevant, 3=highly relevant"
20260607_sbert_final_validation-ann-0706,sbert-v2-profile-05885,sbert-v2-job-65289fe2f1a0b7edf8a5,"Mahasiswa atau early-career candidate untuk Cloud Devops di domain software development. Memiliki minat pada cloud machine_learning business_analysis it_support, pengalaman proyek digital, dan mencari lowongan yang sesuai skill inti.",Management Service Business Analyst,PT Indofood CBP Sukses Makmur Tbk - Noodle Division,1,,,,"grade 0=irrelevant, 1=marginal, 2=relevant, 3=highly relevant"
20260607_sbert_final_validation-ann-0707,sbert-v2-profile-05886,sbert-v2-job-47c597b792bc3e9e84af,"Mahasiswa atau early-career candidate untuk Frontend di domain software development. Memiliki minat pada frontend machine_learning javascript data_analysis, pengalaman proyek digital, dan mencari lowongan yang sesuai skill inti.",Android Developer - Banking Syariah Industry,PT Sigma Global Teknologi,3,,,,"grade 0=irrelevant, 1=marginal, 2=relevant, 3=highly relevant"
20260607_sbert_final_validation-ann-0708,sbert-v2-profile-05886,sbert-v2-job-df407b63dd61e55004a4,"Mahasiswa atau early-career candidate untuk Frontend di domain software development. Memiliki minat pada frontend machine_learning javascript data_analysis, pengalaman proyek digital, dan mencari lowongan yang sesuai skill inti.",Product Apprentice Program,Cermati.com,1,,,,"grade 0=irrelevant, 1=marginal, 2=relevant, 3=highly relevant"
20260607_sbert_final_validation-ann-0709,sbert-v2-profile-05887,sbert-v2-job-bb34680194b4504931ae,"Mahasiswa atau early-career candidate untuk Data Analysis di domain data ai. Memiliki minat pada data_analysis machine_learning business_analysis digital_marketing, pengalaman proyek digital, dan mencari lowongan yang sesuai skill inti.",Junior Salesforce / CRM Administrator - Semarang,Eco Outdoor Group,3,,,,"grade 0=irrelevant, 1=marginal, 2=relevant, 3=highly relevant"
20260607_sbert_final_validation-ann-0710,sbert-v2-profile-05887,sbert-v2-job-5390ad1ee84051ff6017,"Mahasiswa atau early-career candidate untuk Data Analysis di domain data ai. Memiliki minat pada data_analysis machine_learning business_analysis digital_marketing, pengalaman proyek digital, dan mencari lowongan yang sesuai skill inti.",Network Security Engineer,PT Focus Solusi Infotama,1,,,,"grade 0=irrelevant, 1=marginal, 2=relevant, 3=highly relevant"
20260607_sbert_final_validation-ann-0711,sbert-v2-profile-05888,sbert-v2-job-ccc4662507b27ff4f501,"Mahasiswa atau early-career candidate untuk Qa Testing di domain software development. Memiliki minat pada qa_testing machine_learning business_analysis data_analysis, pengalaman proyek digital, dan mencari lowongan yang sesuai skill inti.",Quality Assurance,PT Barrans Global Mandiri,3,,,,"grade 0=irrelevant, 1=marginal, 2=relevant, 3=highly relevant"
20260607_sbert_final_validation-ann-0712,sbert-v2-profile-05888,sbert-v2-job-6b50ac36797eee7145bf,"Mahasiswa atau early-career candidate untuk Qa Testing di domain software development. Memiliki minat pada qa_testing machine_learning business_analysis data_analysis, pengalaman proyek digital, dan mencari lowongan yang sesuai skill inti.",Senior Account Manager,HH Global,1,,,,"grade 0=irrelevant, 1=marginal, 2=relevant, 3=highly relevant"
20260607_sbert_final_validation-ann-0713,sbert-v2-profile-05889,sbert-v2-job-e68de7452a4d50d1b871,"Mahasiswa atau early-career candidate untuk Cloud Devops di domain data ai. Memiliki minat pada cloud machine_learning business_analysis data_analysis, pengalaman proyek digital, dan mencari lowongan yang sesuai skill inti.",SOC L2 Analyst - Cybersecurity Technology Consulting,EY,3,,,,"grade 0=irrelevant, 1=marginal, 2=relevant, 3=highly relevant"
20260607_sbert_final_validation-ann-0714,sbert-v2-profile-05889,sbert-v2-job-8150b8aebe8d148cb53c,"Mahasiswa atau early-career candidate untuk Cloud Devops di domain data ai. Memiliki minat pada cloud machine_learning business_analysis data_analysis, pengalaman proyek digital, dan mencari lowongan yang sesuai skill inti.",IT Manager,Marriott International,1,,,,"grade 0=irrelevant, 1=marginal, 2=relevant, 3=highly relevant"
20260607_sbert_final_validation-ann-0715,sbert-v2-profile-05890,sbert-v2-job-1c4c5fece4f7a26e8b77,"Mahasiswa atau early-career candidate untuk Machine Learning di domain data ai. Memiliki minat pada machine_learning data_analysis cloud business_analysis, pengalaman proyek digital, dan mencari lowongan yang sesuai skill inti.",Actuary Pricing Analyst,Allianz,3,,,,"grade 0=irrelevant, 1=marginal, 2=relevant, 3=highly relevant"
20260607_sbert_final_validation-ann-0716,sbert-v2-profile-05891,sbert-v2-job-fb0f496c153db8a6ce82,"Mahasiswa atau early-career candidate untuk Qa Testing di domain data ai. Memiliki minat pada machine_learning qa_testing business_analysis data_analysis, pengalaman proyek digital, dan mencari lowongan yang sesuai skill inti.",Penetration Tester,Crowe Indonesia,3,,,,"grade 0=irrelevant, 1=marginal, 2=relevant, 3=highly relevant"
20260607_sbert_final_validation-ann-0717,sbert-v2-profile-05892,sbert-v2-job-c8f00d3dc3282b466dd7,"Mahasiswa atau early-career candidate untuk Data Ai di domain data ai. Memiliki minat pada machine_learning data_analysis sql digital_marketing, pengalaman proyek digital, dan mencari lowongan yang sesuai skill inti.",Senior Account Manager B2B B2G,PT Distributor Gadget Indonesia,3,,,,"grade 0=irrelevant, 1=marginal, 2=relevant, 3=highly relevant"
20260607_sbert_final_validation-ann-0718,sbert-v2-profile-05893,sbert-v2-job-d360a550fce89c901960,"Mahasiswa atau early-career candidate untuk Software Development di domain software development. Memiliki minat pada machine_learning it_support business_analysis data_analysis, pengalaman proyek digital, dan mencari lowongan yang sesuai skill inti.",[Urgent] AI Programmer [Jakarta],Neuram.ai,3,,,,"grade 0=irrelevant, 1=marginal, 2=relevant, 3=highly relevant"
20260607_sbert_final_validation-ann-0719,sbert-v2-profile-05894,sbert-v2-job-10de25edc1517aed5b7d,"Mahasiswa atau early-career candidate untuk Business Analysis di domain software development. Memiliki minat pada business_analysis machine_learning qa_testing data_analysis, pengalaman proyek digital, dan mencari lowongan yang sesuai skill inti.",Business Analyst,PT Akarsa Garment Indonesia,3,,,,"grade 0=irrelevant, 1=marginal, 2=relevant, 3=highly relevant"
20260607_sbert_final_validation-ann-0720,sbert-v2-profile-05895,sbert-v2-job-b2681c2fdebbb4e8928d,"Mahasiswa atau early-career candidate untuk Backend di domain data ai. Memiliki minat pada machine_learning cybersecurity product_design business_analysis, pengalaman proyek digital, dan mencari lowongan yang sesuai skill inti.",Server PASOLA Restaurant,Marriott International,3,,,,"grade 0=irrelevant, 1=marginal, 2=relevant, 3=highly relevant"
20260607_sbert_final_validation-ann-0721,sbert-v2-profile-05896,sbert-v2-job-bba19d26d6fc6ef110f1,"Mahasiswa atau early-career candidate untuk Business Analysis di domain data ai. Memiliki minat pada machine_learning business_analysis digital_marketing qa_testing, pengalaman proyek digital, dan mencari lowongan yang sesuai skill inti.",System Analyst,PT. Istidata Indopacific Solution Centre,3,,,,"grade 0=irrelevant, 1=marginal, 2=relevant, 3=highly relevant"
20260607_sbert_final_validation-ann-0722,sbert-v2-profile-05897,sbert-v2-job-5f1a1b9099333af2fd2f,"Mahasiswa atau early-career candidate untuk Digital Marketing di domain data ai. Memiliki minat pada it_support data_analysis digital_marketing machine_learning, pengalaman proyek digital, dan mencari lowongan yang sesuai skill inti.","Data Analyst, Business Intelligence",Shopee,3,,,,"grade 0=irrelevant, 1=marginal, 2=relevant, 3=highly relevant"
20260607_sbert_final_validation-ann-0723,sbert-v2-profile-05898,sbert-v2-job-7de00bae7fd9b344c0e2,"Mahasiswa atau early-career candidate untuk Digital Marketing di domain digital marketing. Memiliki minat pada digital_marketing, pengalaman proyek digital, dan mencari lowongan yang sesuai skill inti.",DevOps Engineer,BJAK,3,,,,"grade 0=irrelevant, 1=marginal, 2=relevant, 3=highly relevant"
20260607_sbert_final_validation-ann-0724,sbert-v2-profile-05899,sbert-v2-job-52787397fef5e8b48ab8,"Mahasiswa atau early-career candidate untuk Ui Ux Product di domain ui ux product. Memiliki minat pada product_design qa_testing, pengalaman proyek digital, dan mencari lowongan yang sesuai skill inti.",UI/UX Designer,Insura Media Solusi,3,,,,"grade 0=irrelevant, 1=marginal, 2=relevant, 3=highly relevant"
20260607_sbert_final_validation-ann-0725,sbert-v2-profile-05900,sbert-v2-job-503e8a59f254b921b779,"Mahasiswa atau early-career candidate untuk Cloud Devops di domain digital marketing. Memiliki minat pada cloud cybersecurity digital_marketing, pengalaman proyek digital, dan mencari lowongan yang sesuai skill inti.",Key Account Manager,Solenis,3,,,,"grade 0=irrelevant, 1=marginal, 2=relevant, 3=highly relevant"
20260607_sbert_final_validation-ann-0726,sbert-v2-profile-05901,sbert-v2-job-d806bb1a3063bb1834a0,"Mahasiswa atau early-career candidate untuk Ui Ux Product di domain digital marketing. Memiliki minat pada digital_marketing machine_learning, pengalaman proyek digital, dan mencari lowongan yang sesuai skill inti.",Financial Analyst Sr Specialist,Arya Noble,3,,,,"grade 0=irrelevant, 1=marginal, 2=relevant, 3=highly relevant"
20260607_sbert_final_validation-ann-0727,sbert-v2-profile-05902,sbert-v2-job-634534be7dcc6d393c7d,"Mahasiswa atau early-career candidate untuk Digital Marketing di domain software development. Memiliki minat pada machine_learning, pengalaman proyek digital, dan mencari lowongan yang sesuai skill inti.",Frontend Developer,PT Aktivitas Insani Madani (AKSIMA),3,,,,"grade 0=irrelevant, 1=marginal, 2=relevant, 3=highly relevant"
20260607_sbert_final_validation-ann-0728,sbert-v2-profile-05903,sbert-v2-job-52787397fef5e8b48ab8,"Mahasiswa atau early-career candidate untuk Cloud Devops di domain ui ux product. Memiliki minat pada cloud it_support, pengalaman proyek digital, dan mencari lowongan yang sesuai skill inti.",UI/UX Designer,Insura Media Solusi,3,,,,"grade 0=irrelevant, 1=marginal, 2=relevant, 3=highly relevant"
20260607_sbert_final_validation-ann-0729,sbert-v2-profile-05904,sbert-v2-job-d44d32e704ecc6dd9245,"Mahasiswa atau early-career candidate untuk Backend di domain software development. Memiliki minat pada machine_learning backend business_analysis data_analysis, pengalaman proyek digital, dan mencari lowongan yang sesuai skill inti.",Software Engineer,GLOW FX Beauty,3,,,,"grade 0=irrelevant, 1=marginal, 2=relevant, 3=highly relevant"
20260607_sbert_final_validation-ann-0730,sbert-v2-profile-05905,sbert-v2-job-24d6f9bcb9d18b70d14e,"Mahasiswa atau early-career candidate untuk Ui Ux Product di domain software development. Memiliki minat pada machine_learning business_analysis data_analysis it_support, pengalaman proyek digital, dan mencari lowongan yang sesuai skill inti.",Information Technology Developer,PT. Altama Surya Anugerah,3,,,,"grade 0=irrelevant, 1=marginal, 2=relevant, 3=highly relevant"
20260607_sbert_final_validation-ann-0731,sbert-v2-profile-05906,sbert-v2-job-68e68a6727852e234002,"Mahasiswa atau early-career candidate untuk Ui Ux Product di domain data ai. Memiliki minat pada machine_learning business_analysis data_analysis it_support, pengalaman proyek digital, dan mencari lowongan yang sesuai skill inti.",Senior Business Development Manager,IDN,3,,,,"grade 0=irrelevant, 1=marginal, 2=relevant, 3=highly relevant"
20260607_sbert_final_validation-ann-0732,sbert-v2-profile-05907,sbert-v2-job-2fefb66df7bc8fb46a6e,"Mahasiswa atau early-career candidate untuk Data Analysis di domain software development. Memiliki minat pada data_analysis machine_learning business_analysis cybersecurity, pengalaman proyek digital, dan mencari lowongan yang sesuai skill inti.",Ai Data Reviewer - Remote,YO IT Consulting,3,,,,"grade 0=irrelevant, 1=marginal, 2=relevant, 3=highly relevant"
20260607_sbert_final_validation-ann-0733,sbert-v2-profile-05908,sbert-v2-job-2af65dd47b3328dc6e25,"Mahasiswa atau early-career candidate untuk Machine Learning di domain software development. Memiliki minat pada machine_learning cloud data_analysis cybersecurity, pengalaman proyek digital, dan mencari lowongan yang sesuai skill inti.",Content Moderator,Innodata Inc.,3,,,,"grade 0=irrelevant, 1=marginal, 2=relevant, 3=highly relevant"
20260607_sbert_final_validation-ann-0734,sbert-v2-profile-05909,sbert-v2-job-7c16fd89d5b5b7033397,"Mahasiswa atau early-career candidate untuk Cloud Devops di domain software development. Memiliki minat pada cloud machine_learning business_analysis it_support, pengalaman proyek digital, dan mencari lowongan yang sesuai skill inti.",Senior Systems Engineer (Mobile Device Management),Grab,3,,,,"grade 0=irrelevant, 1=marginal, 2=relevant, 3=highly relevant"
20260607_sbert_final_validation-ann-0735,sbert-v2-profile-05910,sbert-v2-job-dcb331bc46af68b7e46b,"Mahasiswa atau early-career candidate untuk Frontend di domain software development. Memiliki minat pada frontend machine_learning javascript data_analysis, pengalaman proyek digital, dan mencari lowongan yang sesuai skill inti.",Maintenance Engineer,Pure Data Centres Group,3,,,,"grade 0=irrelevant, 1=marginal, 2=relevant, 3=highly relevant"
20260607_sbert_final_validation-ann-0736,sbert-v2-profile-05911,sbert-v2-job-0a243ff05892c317638c,"Mahasiswa atau early-career candidate untuk Data Analysis di domain data ai. Memiliki minat pada data_analysis machine_learning business_analysis digital_marketing, pengalaman proyek digital, dan mencari lowongan yang sesuai skill inti.",Fleet Quality Associate,Grab,3,,,,"grade 0=irrelevant, 1=marginal, 2=relevant, 3=highly relevant"
20260607_sbert_final_validation-ann-0737,sbert-v2-profile-05912,sbert-v2-job-35f136dc018fc237bf3b,"Mahasiswa atau early-career candidate untuk Qa Testing di domain software development. Memiliki minat pada qa_testing machine_learning business_analysis data_analysis, pengalaman proyek digital, dan mencari lowongan yang sesuai skill inti.",Quality Analyst - MOSH MOAH (Project Based),Louis Dreyfus Company,3,,,,"grade 0=irrelevant, 1=marginal, 2=relevant, 3=highly relevant"
20260607_sbert_final_validation-ann-0738,sbert-v2-profile-05913,sbert-v2-job-0ae469bf9fc251d8b3bc,"Mahasiswa atau early-career candidate untuk Cloud Devops di domain data ai. Memiliki minat pada cloud machine_learning business_analysis data_analysis, pengalaman proyek digital, dan mencari lowongan yang sesuai skill inti.",TC - SOC Cybersecurity Consultant Manager,EY,3,,,,"grade 0=irrelevant, 1=marginal, 2=relevant, 3=highly relevant"
20260607_sbert_final_validation-ann-0739,sbert-v2-profile-05914,sbert-v2-job-f1cbb1e9d37e9e7b560d,"Mahasiswa atau early-career candidate untuk Machine Learning di domain data ai. Memiliki minat pada machine_learning data_analysis cloud business_analysis, pengalaman proyek digital, dan mencari lowongan yang sesuai skill inti.",Actuarial Pricing Analyst,Allianz,3,,,,"grade 0=irrelevant, 1=marginal, 2=relevant, 3=highly relevant"
20260607_sbert_final_validation-ann-0740,sbert-v2-profile-05915,sbert-v2-job-1a5eb87caf4298d9ee20,"Mahasiswa atau early-career candidate untuk Qa Testing di domain data ai. Memiliki minat pada machine_learning qa_testing business_analysis data_analysis, pengalaman proyek digital, dan mencari lowongan yang sesuai skill inti.",QA System,Bayer,3,,,,"grade 0=irrelevant, 1=marginal, 2=relevant, 3=highly relevant"
20260607_sbert_final_validation-ann-0741,sbert-v2-profile-05916,sbert-v2-job-c8f00d3dc3282b466dd7,"Mahasiswa atau early-career candidate untuk Data Ai di domain data ai. Memiliki minat pada machine_learning data_analysis sql digital_marketing, pengalaman proyek digital, dan mencari lowongan yang sesuai skill inti.",Senior Account Manager B2B B2G,PT Distributor Gadget Indonesia,3,,,,"grade 0=irrelevant, 1=marginal, 2=relevant, 3=highly relevant"
20260607_sbert_final_validation-ann-0742,sbert-v2-profile-05917,sbert-v2-job-e792fc8726a2f40138bb,"Mahasiswa atau early-career candidate untuk Software Development di domain software development. Memiliki minat pada machine_learning it_support business_analysis data_analysis, pengalaman proyek digital, dan mencari lowongan yang sesuai skill inti.",Project Manager – Civil & Industrial Projects,Cushman & Wakefield,3,,,,"grade 0=irrelevant, 1=marginal, 2=relevant, 3=highly relevant"
20260607_sbert_final_validation-ann-0743,sbert-v2-profile-05918,sbert-v2-job-d8701725376abd9ef6ed,"Mahasiswa atau early-career candidate untuk Business Analysis di domain software development. Memiliki minat pada business_analysis machine_learning qa_testing data_analysis, pengalaman proyek digital, dan mencari lowongan yang sesuai skill inti.",Business Analyst,PT Solusindo Digital Holistik,3,,,,"grade 0=irrelevant, 1=marginal, 2=relevant, 3=highly relevant"
20260607_sbert_final_validation-ann-0744,sbert-v2-profile-05919,sbert-v2-job-b2681c2fdebbb4e8928d,"Mahasiswa atau early-career candidate untuk Backend di domain data ai. Memiliki minat pada machine_learning cybersecurity product_design business_analysis, pengalaman proyek digital, dan mencari lowongan yang sesuai skill inti.",Server PASOLA Restaurant,Marriott International,3,,,,"grade 0=irrelevant, 1=marginal, 2=relevant, 3=highly relevant"
