qid,cid,relevance,label_source,notes
sbert-v2-profile-04200,sbert-v2-job-e7cd95e2b00ebe551529,3,silver_heuristic,"positive: domain, occupation group, and generated profile skill intent align"
sbert-v2-profile-04200,sbert-v2-job-27c0d6cbe2c00289cbdb,0,silver_heuristic,easy negative: sampled by documented SBERT v2 negative policy
sbert-v2-profile-04200,sbert-v2-job-fa01dd2dd64d90480e6c,0,silver_heuristic,easy negative: sampled by documented SBERT v2 negative policy
sbert-v2-profile-04200,sbert-v2-job-60da1689958b2410942e,0,silver_heuristic,medium negative: sampled by documented SBERT v2 negative policy
sbert-v2-profile-04200,sbert-v2-job-7415a363fe29b708b3c8,0,silver_heuristic,medium negative: sampled by documented SBERT v2 negative policy
sbert-v2-profile-04200,sbert-v2-job-225f6095d59b2b54815f,0,silver_heuristic,medium negative: sampled by documented SBERT v2 negative policy
sbert-v2-profile-04200,sbert-v2-job-ff9797a42d8e554729d9,0,silver_heuristic,medium negative: sampled by documented SBERT v2 negative policy
sbert-v2-profile-04200,sbert-v2-job-35085ddccb426c69932d,1,silver_heuristic,hard negative: sampled by documented SBERT v2 negative policy
sbert-v2-profile-04200,sbert-v2-job-4e74ee66b0b8b1167183,1,silver_heuristic,hard negative: sampled by documented SBERT v2 negative policy
sbert-v2-profile-04200,sbert-v2-job-f434f3c7cb447ccd1517,1,silver_heuristic,hard negative: sampled by documented SBERT v2 negative policy
sbert-v2-profile-04200,sbert-v2-job-3f753b5436588121e99c,1,silver_heuristic,adversarial negative: sampled by documented SBERT v2 negative policy
sbert-v2-profile-04201,sbert-v2-job-c8303599ec5006a86994,3,silver_heuristic,"positive: domain, occupation group, and generated profile skill intent align"
sbert-v2-profile-04201,sbert-v2-job-daf63a1676fa62e5899d,0,silver_heuristic,easy negative: sampled by documented SBERT v2 negative policy
sbert-v2-profile-04201,sbert-v2-job-33e131526a39fe53e9a0,0,silver_heuristic,easy negative: sampled by documented SBERT v2 negative policy
sbert-v2-profile-04201,sbert-v2-job-412cdb372311dfa5833d,0,silver_heuristic,medium negative: sampled by documented SBERT v2 negative policy
sbert-v2-profile-04201,sbert-v2-job-98ca64340722a15a183d,0,silver_heuristic,medium negative: sampled by documented SBERT v2 negative policy
sbert-v2-profile-04201,sbert-v2-job-8cece8409cb608af55bc,0,silver_heuristic,medium negative: sampled by documented SBERT v2 negative policy
sbert-v2-profile-04201,sbert-v2-job-b1bdfa787b70aab81263,0,silver_heuristic,medium negative: sampled by documented SBERT v2 negative policy
sbert-v2-profile-04201,sbert-v2-job-2686cbd4f18cceeb1337,1,silver_heuristic,hard negative: sampled by documented SBERT v2 negative policy
sbert-v2-profile-04201,sbert-v2-job-a49024881273726ff0ea,1,silver_heuristic,hard negative: sampled by documented SBERT v2 negative policy
sbert-v2-profile-04201,sbert-v2-job-cb4718073c61a23f7417,1,silver_heuristic,hard negative: sampled by documented SBERT v2 negative policy
sbert-v2-profile-04201,sbert-v2-job-220b0c4219dd3671f1c3,1,silver_heuristic,adversarial negative: sampled by documented SBERT v2 negative policy
sbert-v2-profile-04202,sbert-v2-job-be2020f020e1c64fce52,3,silver_heuristic,"positive: domain, occupation group, and generated profile skill intent align"
sbert-v2-profile-04202,sbert-v2-job-767208cc626dab1de380,0,silver_heuristic,easy negative: sampled by documented SBERT v2 negative policy
sbert-v2-profile-04202,sbert-v2-job-9e8e78f6d6c3cfe2c022,0,silver_heuristic,easy negative: sampled by documented SBERT v2 negative policy
sbert-v2-profile-04202,sbert-v2-job-e662619c4cc3404510e4,0,silver_heuristic,medium negative: sampled by documented SBERT v2 negative policy
sbert-v2-profile-04202,sbert-v2-job-6c846c14194c68ad954e,0,silver_heuristic,medium negative: sampled by documented SBERT v2 negative policy
sbert-v2-profile-04202,sbert-v2-job-eb96769248e6c3f30595,0,silver_heuristic,medium negative: sampled by documented SBERT v2 negative policy
sbert-v2-profile-04202,sbert-v2-job-83ae0571e108c700132d,0,silver_heuristic,medium negative: sampled by documented SBERT v2 negative policy
sbert-v2-profile-04202,sbert-v2-job-e65c7747f11300cc6949,1,silver_heuristic,hard negative: sampled by documented SBERT v2 negative policy
sbert-v2-profile-04202,sbert-v2-job-d063ad6584ed25ca3feb,1,silver_heuristic,hard negative: sampled by documented SBERT v2 negative policy
sbert-v2-profile-04202,sbert-v2-job-51976a1749ec71667117,1,silver_heuristic,hard negative: sampled by documented SBERT v2 negative policy
sbert-v2-profile-04202,sbert-v2-job-e87483dda4915b1ef6b8,1,silver_heuristic,adversarial negative: sampled by documented SBERT v2 negative policy
sbert-v2-profile-04203,sbert-v2-job-5ee105346995c7775324,3,silver_heuristic,"positive: domain, occupation group, and generated profile skill intent align"
sbert-v2-profile-04203,sbert-v2-job-f209daae727b9d3c4710,0,silver_heuristic,easy negative: sampled by documented SBERT v2 negative policy
sbert-v2-profile-04203,sbert-v2-job-256e043c760a6b142536,0,silver_heuristic,easy negative: sampled by documented SBERT v2 negative policy
sbert-v2-profile-04203,sbert-v2-job-805ccf29295bd25af899,0,silver_heuristic,medium negative: sampled by documented SBERT v2 negative policy
sbert-v2-profile-04203,sbert-v2-job-99f25cd776d1c7e8ad3b,0,silver_heuristic,medium negative: sampled by documented SBERT v2 negative policy
sbert-v2-profile-04203,sbert-v2-job-6167a107d5dadb198013,0,silver_heuristic,medium negative: sampled by documented SBERT v2 negative policy
sbert-v2-profile-04203,sbert-v2-job-38c916509a138b55a729,0,silver_heuristic,medium negative: sampled by documented SBERT v2 negative policy
sbert-v2-profile-04203,sbert-v2-job-77986a28011a452e328c,1,silver_heuristic,hard negative: sampled by documented SBERT v2 negative policy
sbert-v2-profile-04203,sbert-v2-job-f6603d950a89702d245a,1,silver_heuristic,hard negative: sampled by documented SBERT v2 negative policy
sbert-v2-profile-04203,sbert-v2-job-4b3702787a089968b715,1,silver_heuristic,hard negative: sampled by documented SBERT v2 negative policy
sbert-v2-profile-04203,sbert-v2-job-3d34bffdd43aba5b1aea,1,silver_heuristic,adversarial negative: sampled by documented SBERT v2 negative policy
sbert-v2-profile-04204,sbert-v2-job-9ab59c70eccd3533fce6,3,silver_heuristic,"positive: domain, occupation group, and generated profile skill intent align"
sbert-v2-profile-04204,sbert-v2-job-37b327c6709032ad79f0,0,silver_heuristic,easy negative: sampled by documented SBERT v2 negative policy
sbert-v2-profile-04204,sbert-v2-job-e5088c20d182cbd5536f,0,silver_heuristic,easy negative: sampled by documented SBERT v2 negative policy
sbert-v2-profile-04204,sbert-v2-job-8e6cc39a12a9c5a2709e,0,silver_heuristic,medium negative: sampled by documented SBERT v2 negative policy
sbert-v2-profile-04204,sbert-v2-job-cd8aa95ee839a50f46b0,0,silver_heuristic,medium negative: sampled by documented SBERT v2 negative policy
sbert-v2-profile-04204,sbert-v2-job-86ddb4ec2e485bc17bd3,1,silver_heuristic,hard negative: sampled by documented SBERT v2 negative policy
sbert-v2-profile-04204,sbert-v2-job-5399f066c6ca7f20c02b,1,silver_heuristic,hard negative: sampled by documented SBERT v2 negative policy
sbert-v2-profile-04204,sbert-v2-job-4d8b601e240b0aa54a11,1,silver_heuristic,hard negative: sampled by documented SBERT v2 negative policy
sbert-v2-profile-04204,sbert-v2-job-f1536eeeaefc551bf5c8,1,silver_heuristic,adversarial negative: sampled by documented SBERT v2 negative policy
sbert-v2-profile-04205,sbert-v2-job-497525f9deea1b2ce787,3,silver_heuristic,"positive: domain, occupation group, and generated profile skill intent align"
sbert-v2-profile-04205,sbert-v2-job-c10137db647f2d12f080,0,silver_heuristic,easy negative: sampled by documented SBERT v2 negative policy
sbert-v2-profile-04205,sbert-v2-job-967e5c2c5d7247805946,0,silver_heuristic,easy negative: sampled by documented SBERT v2 negative policy
sbert-v2-profile-04205,sbert-v2-job-ecad6f37010068cbafc0,1,silver_heuristic,hard negative: sampled by documented SBERT v2 negative policy
sbert-v2-profile-04205,sbert-v2-job-db6cb92885e0efc47985,1,silver_heuristic,hard negative: sampled by documented SBERT v2 negative policy
sbert-v2-profile-04205,sbert-v2-job-324ccb0daa1359a714c0,1,silver_heuristic,hard negative: sampled by documented SBERT v2 negative policy
sbert-v2-profile-04205,sbert-v2-job-7b0622e113f6966fb309,1,silver_heuristic,adversarial negative: sampled by documented SBERT v2 negative policy
sbert-v2-profile-04206,sbert-v2-job-9ab8fb2c4a3ad46a63ba,3,silver_heuristic,"positive: domain, occupation group, and generated profile skill intent align"
sbert-v2-profile-04206,sbert-v2-job-55d28d089c8ccaf1b93b,0,silver_heuristic,easy negative: sampled by documented SBERT v2 negative policy
sbert-v2-profile-04206,sbert-v2-job-c4365ec1784b800b81a7,0,silver_heuristic,easy negative: sampled by documented SBERT v2 negative policy
sbert-v2-profile-04206,sbert-v2-job-ffbbf9375edc64aea1ae,1,silver_heuristic,adversarial negative: sampled by documented SBERT v2 negative policy
sbert-v2-profile-04207,sbert-v2-job-de8782fbb073ec70ede0,3,silver_heuristic,"positive: domain, occupation group, and generated profile skill intent align"
sbert-v2-profile-04207,sbert-v2-job-1d74db9dbb8bce9a5358,0,silver_heuristic,easy negative: sampled by documented SBERT v2 negative policy
sbert-v2-profile-04207,sbert-v2-job-c69e9f032c09f85e5732,0,silver_heuristic,easy negative: sampled by documented SBERT v2 negative policy
sbert-v2-profile-04207,sbert-v2-job-8e7bde649cf349bf28f4,1,silver_heuristic,adversarial negative: sampled by documented SBERT v2 negative policy
sbert-v2-profile-04208,sbert-v2-job-560d008a4d0878109572,3,silver_heuristic,"positive: domain, occupation group, and generated profile skill intent align"
sbert-v2-profile-04208,sbert-v2-job-e662619c4cc3404510e4,0,silver_heuristic,easy negative: sampled by documented SBERT v2 negative policy
sbert-v2-profile-04208,sbert-v2-job-4bde9902a1f679397535,0,silver_heuristic,easy negative: sampled by documented SBERT v2 negative policy
sbert-v2-profile-04208,sbert-v2-job-d1598def7216ccc74d7f,1,silver_heuristic,adversarial negative: sampled by documented SBERT v2 negative policy
sbert-v2-profile-04209,sbert-v2-job-e110e3cee6c84aac5243,3,silver_heuristic,"positive: domain, occupation group, and generated profile skill intent align"
sbert-v2-profile-04209,sbert-v2-job-4f214f67332dc636ff7d,1,silver_heuristic,adversarial negative: sampled by documented SBERT v2 negative policy
sbert-v2-profile-04210,sbert-v2-job-af45055f2d0c42d0b57b,3,silver_heuristic,"positive: domain, occupation group, and generated profile skill intent align"
sbert-v2-profile-04210,sbert-v2-job-afb621bc8293579806ad,1,silver_heuristic,adversarial negative: sampled by documented SBERT v2 negative policy
sbert-v2-profile-04211,sbert-v2-job-897e532ed7c729c8505f,3,silver_heuristic,"positive: domain, occupation group, and generated profile skill intent align"
sbert-v2-profile-04211,sbert-v2-job-490de78e8e1f2715d4a7,1,silver_heuristic,adversarial negative: sampled by documented SBERT v2 negative policy
sbert-v2-profile-04212,sbert-v2-job-a652f878aea76bdfe257,3,silver_heuristic,"positive: domain, occupation group, and generated profile skill intent align"
sbert-v2-profile-04212,sbert-v2-job-eb9be7b535068389a1e0,1,silver_heuristic,adversarial negative: sampled by documented SBERT v2 negative policy
sbert-v2-profile-04213,sbert-v2-job-66968dda70e2445076be,3,silver_heuristic,"positive: domain, occupation group, and generated profile skill intent align"
sbert-v2-profile-04213,sbert-v2-job-df8c5f0d0c7813dc345e,1,silver_heuristic,adversarial negative: sampled by documented SBERT v2 negative policy
sbert-v2-profile-04214,sbert-v2-job-9782f9eca038fc8d474c,3,silver_heuristic,"positive: domain, occupation group, and generated profile skill intent align"
sbert-v2-profile-04214,sbert-v2-job-1e0fe18a0246aaa30478,1,silver_heuristic,adversarial negative: sampled by documented SBERT v2 negative policy
sbert-v2-profile-04215,sbert-v2-job-435152adfaa887f18f5b,3,silver_heuristic,"positive: domain, occupation group, and generated profile skill intent align"
sbert-v2-profile-04215,sbert-v2-job-801889588b14dfd95d47,1,silver_heuristic,adversarial negative: sampled by documented SBERT v2 negative policy
sbert-v2-profile-04216,sbert-v2-job-5ba9f36a9ecfc4ae31af,3,silver_heuristic,"positive: domain, occupation group, and generated profile skill intent align"
sbert-v2-profile-04216,sbert-v2-job-a7df031cdec89ffcdb72,1,silver_heuristic,adversarial negative: sampled by documented SBERT v2 negative policy
sbert-v2-profile-04217,sbert-v2-job-9860a86aea15454b8bc4,3,silver_heuristic,"positive: domain, occupation group, and generated profile skill intent align"
sbert-v2-profile-04217,sbert-v2-job-ad345360f65827b1ff92,1,silver_heuristic,adversarial negative: sampled by documented SBERT v2 negative policy
sbert-v2-profile-04218,sbert-v2-job-a21678d0d612178dd522,3,silver_heuristic,"positive: domain, occupation group, and generated profile skill intent align"
sbert-v2-profile-04219,sbert-v2-job-bfc1289aa5e2e8c5088f,3,silver_heuristic,"positive: domain, occupation group, and generated profile skill intent align"
sbert-v2-profile-04220,sbert-v2-job-c9549c5710eacd626d51,3,silver_heuristic,"positive: domain, occupation group, and generated profile skill intent align"
sbert-v2-profile-04221,sbert-v2-job-b6b572c99336402dab73,3,silver_heuristic,"positive: domain, occupation group, and generated profile skill intent align"
sbert-v2-profile-04222,sbert-v2-job-7613438d7b8064a5c492,3,silver_heuristic,"positive: domain, occupation group, and generated profile skill intent align"
sbert-v2-profile-04223,sbert-v2-job-f0b856ff4fbf2ba82876,3,silver_heuristic,"positive: domain, occupation group, and generated profile skill intent align"
sbert-v2-profile-04224,sbert-v2-job-c6b6560397ec38c357b1,3,silver_heuristic,"positive: domain, occupation group, and generated profile skill intent align"
sbert-v2-profile-04225,sbert-v2-job-529b4b36c2fd185bf9af,3,silver_heuristic,"positive: domain, occupation group, and generated profile skill intent align"
sbert-v2-profile-04226,sbert-v2-job-2eeda715fe6a8e4da599,3,silver_heuristic,"positive: domain, occupation group, and generated profile skill intent align"
sbert-v2-profile-04227,sbert-v2-job-422740deeb7ede6423d0,3,silver_heuristic,"positive: domain, occupation group, and generated profile skill intent align"
sbert-v2-profile-04228,sbert-v2-job-8e6c1072b15ff49c9d0d,3,silver_heuristic,"positive: domain, occupation group, and generated profile skill intent align"
sbert-v2-profile-04229,sbert-v2-job-43b8dc31293c76ae2231,3,silver_heuristic,"positive: domain, occupation group, and generated profile skill intent align"
sbert-v2-profile-04230,sbert-v2-job-6aa172152a2d146cc950,3,silver_heuristic,"positive: domain, occupation group, and generated profile skill intent align"
sbert-v2-profile-04231,sbert-v2-job-ec0fd18cac14856001bb,3,silver_heuristic,"positive: domain, occupation group, and generated profile skill intent align"
sbert-v2-profile-04232,sbert-v2-job-eec33b28b2e9a0a81efc,3,silver_heuristic,"positive: domain, occupation group, and generated profile skill intent align"
sbert-v2-profile-04233,sbert-v2-job-79294af272a1c8caa8c9,3,silver_heuristic,"positive: domain, occupation group, and generated profile skill intent align"
sbert-v2-profile-04234,sbert-v2-job-31d68e90b928d9098662,3,silver_heuristic,"positive: domain, occupation group, and generated profile skill intent align"
sbert-v2-profile-04235,sbert-v2-job-7d1e73f3d11d13c28ad0,3,silver_heuristic,"positive: domain, occupation group, and generated profile skill intent align"
sbert-v2-profile-04236,sbert-v2-job-cf494340293a8cf78300,3,silver_heuristic,"positive: domain, occupation group, and generated profile skill intent align"
sbert-v2-profile-04237,sbert-v2-job-65c031add15d1d4acb89,3,silver_heuristic,"positive: domain, occupation group, and generated profile skill intent align"
sbert-v2-profile-04238,sbert-v2-job-a54177ca3f0a75c0dddd,3,silver_heuristic,"positive: domain, occupation group, and generated profile skill intent align"
sbert-v2-profile-04239,sbert-v2-job-435152adfaa887f18f5b,3,silver_heuristic,"positive: domain, occupation group, and generated profile skill intent align"
sbert-v2-profile-04240,sbert-v2-job-91de57c515c19ab62d28,3,silver_heuristic,"positive: domain, occupation group, and generated profile skill intent align"
sbert-v2-profile-04241,sbert-v2-job-9860a86aea15454b8bc4,3,silver_heuristic,"positive: domain, occupation group, and generated profile skill intent align"
sbert-v2-profile-04242,sbert-v2-job-a21678d0d612178dd522,3,silver_heuristic,"positive: domain, occupation group, and generated profile skill intent align"
sbert-v2-profile-04243,sbert-v2-job-bfc1289aa5e2e8c5088f,3,silver_heuristic,"positive: domain, occupation group, and generated profile skill intent align"
sbert-v2-profile-04244,sbert-v2-job-c9549c5710eacd626d51,3,silver_heuristic,"positive: domain, occupation group, and generated profile skill intent align"
sbert-v2-profile-04245,sbert-v2-job-b6b572c99336402dab73,3,silver_heuristic,"positive: domain, occupation group, and generated profile skill intent align"
sbert-v2-profile-04246,sbert-v2-job-7613438d7b8064a5c492,3,silver_heuristic,"positive: domain, occupation group, and generated profile skill intent align"
sbert-v2-profile-04247,sbert-v2-job-f0b856ff4fbf2ba82876,3,silver_heuristic,"positive: domain, occupation group, and generated profile skill intent align"
sbert-v2-profile-04248,sbert-v2-job-fe48f22c0fee50a669e9,3,silver_heuristic,"positive: domain, occupation group, and generated profile skill intent align"
sbert-v2-profile-04249,sbert-v2-job-acbc95749e99d9653720,3,silver_heuristic,"positive: domain, occupation group, and generated profile skill intent align"
sbert-v2-profile-04250,sbert-v2-job-d6e13c39f4d3fbfcbf7d,3,silver_heuristic,"positive: domain, occupation group, and generated profile skill intent align"
sbert-v2-profile-04251,sbert-v2-job-6d1252344c3f68a71dbb,3,silver_heuristic,"positive: domain, occupation group, and generated profile skill intent align"
sbert-v2-profile-04252,sbert-v2-job-8a3a2aee5a0206f635fa,3,silver_heuristic,"positive: domain, occupation group, and generated profile skill intent align"
sbert-v2-profile-04253,sbert-v2-job-784e5c54ea7aee7375ba,3,silver_heuristic,"positive: domain, occupation group, and generated profile skill intent align"
sbert-v2-profile-04254,sbert-v2-job-d30a83376401a1f1afc9,3,silver_heuristic,"positive: domain, occupation group, and generated profile skill intent align"
sbert-v2-profile-04255,sbert-v2-job-5bc893819a528b9d58eb,3,silver_heuristic,"positive: domain, occupation group, and generated profile skill intent align"
sbert-v2-profile-04256,sbert-v2-job-888b60166a2d688fe905,3,silver_heuristic,"positive: domain, occupation group, and generated profile skill intent align"
sbert-v2-profile-04257,sbert-v2-job-f2fc62a2e6a40323cd14,3,silver_heuristic,"positive: domain, occupation group, and generated profile skill intent align"
sbert-v2-profile-04258,sbert-v2-job-be7b28cf14976bfeea15,3,silver_heuristic,"positive: domain, occupation group, and generated profile skill intent align"
sbert-v2-profile-04259,sbert-v2-job-7c73dc6155032275ddf6,3,silver_heuristic,"positive: domain, occupation group, and generated profile skill intent align"
sbert-v2-profile-04260,sbert-v2-job-cf494340293a8cf78300,3,silver_heuristic,"positive: domain, occupation group, and generated profile skill intent align"
sbert-v2-profile-04261,sbert-v2-job-66968dda70e2445076be,3,silver_heuristic,"positive: domain, occupation group, and generated profile skill intent align"
sbert-v2-profile-04262,sbert-v2-job-a54177ca3f0a75c0dddd,3,silver_heuristic,"positive: domain, occupation group, and generated profile skill intent align"
sbert-v2-profile-04263,sbert-v2-job-1d7d2a461521c9e75a88,3,silver_heuristic,"positive: domain, occupation group, and generated profile skill intent align"
sbert-v2-profile-04264,sbert-v2-job-891941d69e4d572031f0,3,silver_heuristic,"positive: domain, occupation group, and generated profile skill intent align"
sbert-v2-profile-04265,sbert-v2-job-9860a86aea15454b8bc4,3,silver_heuristic,"positive: domain, occupation group, and generated profile skill intent align"
sbert-v2-profile-04266,sbert-v2-job-3400e40efc5045502ff9,3,silver_heuristic,"positive: domain, occupation group, and generated profile skill intent align"
sbert-v2-profile-04267,sbert-v2-job-bfc1289aa5e2e8c5088f,3,silver_heuristic,"positive: domain, occupation group, and generated profile skill intent align"
sbert-v2-profile-04268,sbert-v2-job-c9549c5710eacd626d51,3,silver_heuristic,"positive: domain, occupation group, and generated profile skill intent align"
sbert-v2-profile-04269,sbert-v2-job-b6b572c99336402dab73,3,silver_heuristic,"positive: domain, occupation group, and generated profile skill intent align"
sbert-v2-profile-04270,sbert-v2-job-7613438d7b8064a5c492,3,silver_heuristic,"positive: domain, occupation group, and generated profile skill intent align"
sbert-v2-profile-04271,sbert-v2-job-f0b856ff4fbf2ba82876,3,silver_heuristic,"positive: domain, occupation group, and generated profile skill intent align"
sbert-v2-profile-04272,sbert-v2-job-68dc7160d4d65562edbc,3,silver_heuristic,"positive: domain, occupation group, and generated profile skill intent align"
sbert-v2-profile-04273,sbert-v2-job-52f2c17d94c14261475e,3,silver_heuristic,"positive: domain, occupation group, and generated profile skill intent align"
sbert-v2-profile-04274,sbert-v2-job-5ba9f36a9ecfc4ae31af,3,silver_heuristic,"positive: domain, occupation group, and generated profile skill intent align"
sbert-v2-profile-04275,sbert-v2-job-1b15c048ad2477fd3bd2,3,silver_heuristic,"positive: domain, occupation group, and generated profile skill intent align"
sbert-v2-profile-04276,sbert-v2-job-f370ce19665dc2bf4fc8,3,silver_heuristic,"positive: domain, occupation group, and generated profile skill intent align"
sbert-v2-profile-04277,sbert-v2-job-9ef67877eece73b0b101,3,silver_heuristic,"positive: domain, occupation group, and generated profile skill intent align"
sbert-v2-profile-04278,sbert-v2-job-d83cc9bf10afc8c0acd6,3,silver_heuristic,"positive: domain, occupation group, and generated profile skill intent align"
sbert-v2-profile-04279,sbert-v2-job-41d4c49ad023a66454cd,3,silver_heuristic,"positive: domain, occupation group, and generated profile skill intent align"
sbert-v2-profile-04280,sbert-v2-job-e80682f7df1d154d83f7,3,silver_heuristic,"positive: domain, occupation group, and generated profile skill intent align"
sbert-v2-profile-04281,sbert-v2-job-56bc9c2801dbf1def682,3,silver_heuristic,"positive: domain, occupation group, and generated profile skill intent align"
sbert-v2-profile-04282,sbert-v2-job-de98f5fd0c36aea66706,3,silver_heuristic,"positive: domain, occupation group, and generated profile skill intent align"
sbert-v2-profile-04283,sbert-v2-job-b9b690bbe41e2829b52e,3,silver_heuristic,"positive: domain, occupation group, and generated profile skill intent align"
sbert-v2-profile-04284,sbert-v2-job-72162a62349d05d3b5a9,3,silver_heuristic,"positive: domain, occupation group, and generated profile skill intent align"
sbert-v2-profile-04285,sbert-v2-job-66968dda70e2445076be,3,silver_heuristic,"positive: domain, occupation group, and generated profile skill intent align"
sbert-v2-profile-04286,sbert-v2-job-a54177ca3f0a75c0dddd,3,silver_heuristic,"positive: domain, occupation group, and generated profile skill intent align"
sbert-v2-profile-04287,sbert-v2-job-435152adfaa887f18f5b,3,silver_heuristic,"positive: domain, occupation group, and generated profile skill intent align"
sbert-v2-profile-04288,sbert-v2-job-7f4913d856bf2e394a4d,3,silver_heuristic,"positive: domain, occupation group, and generated profile skill intent align"
sbert-v2-profile-04289,sbert-v2-job-9860a86aea15454b8bc4,3,silver_heuristic,"positive: domain, occupation group, and generated profile skill intent align"
sbert-v2-profile-04290,sbert-v2-job-a21678d0d612178dd522,3,silver_heuristic,"positive: domain, occupation group, and generated profile skill intent align"
sbert-v2-profile-04291,sbert-v2-job-bfc1289aa5e2e8c5088f,3,silver_heuristic,"positive: domain, occupation group, and generated profile skill intent align"
sbert-v2-profile-04292,sbert-v2-job-c9549c5710eacd626d51,3,silver_heuristic,"positive: domain, occupation group, and generated profile skill intent align"
sbert-v2-profile-04293,sbert-v2-job-b6b572c99336402dab73,3,silver_heuristic,"positive: domain, occupation group, and generated profile skill intent align"
sbert-v2-profile-04294,sbert-v2-job-7613438d7b8064a5c492,3,silver_heuristic,"positive: domain, occupation group, and generated profile skill intent align"
sbert-v2-profile-04295,sbert-v2-job-f0b856ff4fbf2ba82876,3,silver_heuristic,"positive: domain, occupation group, and generated profile skill intent align"
sbert-v2-profile-04296,sbert-v2-job-db2414f6de60bcec4caa,3,silver_heuristic,"positive: domain, occupation group, and generated profile skill intent align"
sbert-v2-profile-04297,sbert-v2-job-c59802423012e1845bff,3,silver_heuristic,"positive: domain, occupation group, and generated profile skill intent align"
sbert-v2-profile-04298,sbert-v2-job-7d6c3e07833ffa7989ce,3,silver_heuristic,"positive: domain, occupation group, and generated profile skill intent align"
sbert-v2-profile-04299,sbert-v2-job-815801a29246882a3e01,3,silver_heuristic,"positive: domain, occupation group, and generated profile skill intent align"
sbert-v2-profile-04300,sbert-v2-job-f81e06072b7a64af603e,3,silver_heuristic,"positive: domain, occupation group, and generated profile skill intent align"
sbert-v2-profile-04301,sbert-v2-job-2b2d695ed1d27ffaa93e,3,silver_heuristic,"positive: domain, occupation group, and generated profile skill intent align"
sbert-v2-profile-04302,sbert-v2-job-3dc79c7193b93ae78a30,3,silver_heuristic,"positive: domain, occupation group, and generated profile skill intent align"
sbert-v2-profile-04303,sbert-v2-job-7931a8f573472ace6564,3,silver_heuristic,"positive: domain, occupation group, and generated profile skill intent align"
sbert-v2-profile-04304,sbert-v2-job-bf8ec3e2af60b7767fe9,3,silver_heuristic,"positive: domain, occupation group, and generated profile skill intent align"
sbert-v2-profile-04305,sbert-v2-job-60306f1d34e63e5a6f53,3,silver_heuristic,"positive: domain, occupation group, and generated profile skill intent align"
sbert-v2-profile-04306,sbert-v2-job-40f6fdd011533620f619,3,silver_heuristic,"positive: domain, occupation group, and generated profile skill intent align"
sbert-v2-profile-04307,sbert-v2-job-897e532ed7c729c8505f,3,silver_heuristic,"positive: domain, occupation group, and generated profile skill intent align"
sbert-v2-profile-04308,sbert-v2-job-72162a62349d05d3b5a9,3,silver_heuristic,"positive: domain, occupation group, and generated profile skill intent align"
sbert-v2-profile-04309,sbert-v2-job-66968dda70e2445076be,3,silver_heuristic,"positive: domain, occupation group, and generated profile skill intent align"
sbert-v2-profile-04800,sbert-v2-job-c74e87e576c514bcd753,3,silver_heuristic,"positive: domain, occupation group, and generated profile skill intent align"
sbert-v2-profile-04800,sbert-v2-job-ce2f8f4220f19907bfbb,0,silver_heuristic,easy negative: sampled by documented SBERT v2 negative policy
sbert-v2-profile-04800,sbert-v2-job-99d192af0da5094b1e1d,0,silver_heuristic,easy negative: sampled by documented SBERT v2 negative policy
sbert-v2-profile-04800,sbert-v2-job-dcc6566f69b7abafaf54,0,silver_heuristic,medium negative: sampled by documented SBERT v2 negative policy
sbert-v2-profile-04800,sbert-v2-job-d71e13a66d9aed9030a1,0,silver_heuristic,medium negative: sampled by documented SBERT v2 negative policy
sbert-v2-profile-04800,sbert-v2-job-4a810e7b437359f45cd8,0,silver_heuristic,medium negative: sampled by documented SBERT v2 negative policy
sbert-v2-profile-04800,sbert-v2-job-f4db2d1dd7eb7a0f6a32,0,silver_heuristic,medium negative: sampled by documented SBERT v2 negative policy
sbert-v2-profile-04800,sbert-v2-job-f10b974de2642deeb693,1,silver_heuristic,hard negative: sampled by documented SBERT v2 negative policy
sbert-v2-profile-04800,sbert-v2-job-232c8a78719a1b95cae1,1,silver_heuristic,hard negative: sampled by documented SBERT v2 negative policy
sbert-v2-profile-04800,sbert-v2-job-7450acdac5fafa239c9e,1,silver_heuristic,hard negative: sampled by documented SBERT v2 negative policy
sbert-v2-profile-04800,sbert-v2-job-aff7720d04286d027279,1,silver_heuristic,adversarial negative: sampled by documented SBERT v2 negative policy
sbert-v2-profile-04801,sbert-v2-job-ac0669d3bcc187ae649f,3,silver_heuristic,"positive: domain, occupation group, and generated profile skill intent align"
sbert-v2-profile-04801,sbert-v2-job-871a3a869eb184c95ded,0,silver_heuristic,easy negative: sampled by documented SBERT v2 negative policy
sbert-v2-profile-04801,sbert-v2-job-439e1d3e2ef02407fd1f,0,silver_heuristic,easy negative: sampled by documented SBERT v2 negative policy
sbert-v2-profile-04801,sbert-v2-job-5e288ea2be5493991e8d,0,silver_heuristic,medium negative: sampled by documented SBERT v2 negative policy
sbert-v2-profile-04801,sbert-v2-job-5de11087c9df91b655d4,0,silver_heuristic,medium negative: sampled by documented SBERT v2 negative policy
sbert-v2-profile-04801,sbert-v2-job-1ccc54f23575a3e13c7e,0,silver_heuristic,medium negative: sampled by documented SBERT v2 negative policy
sbert-v2-profile-04801,sbert-v2-job-4c381873d52bd29ca67e,0,silver_heuristic,medium negative: sampled by documented SBERT v2 negative policy
sbert-v2-profile-04801,sbert-v2-job-db80daa3ce9603fe447a,1,silver_heuristic,hard negative: sampled by documented SBERT v2 negative policy
sbert-v2-profile-04801,sbert-v2-job-2e0b81578f739d94562a,1,silver_heuristic,hard negative: sampled by documented SBERT v2 negative policy
sbert-v2-profile-04801,sbert-v2-job-88bc098a8732c14c052a,1,silver_heuristic,hard negative: sampled by documented SBERT v2 negative policy
sbert-v2-profile-04801,sbert-v2-job-91d8b46eee9731359c16,1,silver_heuristic,adversarial negative: sampled by documented SBERT v2 negative policy
sbert-v2-profile-04802,sbert-v2-job-a2f5412761476ab98311,3,silver_heuristic,"positive: domain, occupation group, and generated profile skill intent align"
sbert-v2-profile-04802,sbert-v2-job-44f82fa94c8da2d349ef,0,silver_heuristic,easy negative: sampled by documented SBERT v2 negative policy
sbert-v2-profile-04802,sbert-v2-job-59ae01da302e90ec503e,0,silver_heuristic,easy negative: sampled by documented SBERT v2 negative policy
sbert-v2-profile-04802,sbert-v2-job-c0eaaf858973c4f0b121,0,silver_heuristic,medium negative: sampled by documented SBERT v2 negative policy
sbert-v2-profile-04802,sbert-v2-job-75cdbf189e47f0068999,0,silver_heuristic,medium negative: sampled by documented SBERT v2 negative policy
sbert-v2-profile-04802,sbert-v2-job-72162a62349d05d3b5a9,0,silver_heuristic,medium negative: sampled by documented SBERT v2 negative policy
sbert-v2-profile-04802,sbert-v2-job-3645ccccd37457a54297,0,silver_heuristic,medium negative: sampled by documented SBERT v2 negative policy
sbert-v2-profile-04802,sbert-v2-job-39d632741e002ac69d2b,1,silver_heuristic,hard negative: sampled by documented SBERT v2 negative policy
sbert-v2-profile-04802,sbert-v2-job-aff46d120a420248759a,1,silver_heuristic,hard negative: sampled by documented SBERT v2 negative policy
sbert-v2-profile-04802,sbert-v2-job-37d336867a65bd7b35de,1,silver_heuristic,hard negative: sampled by documented SBERT v2 negative policy
sbert-v2-profile-04802,sbert-v2-job-7dc84084914ebe5a766d,1,silver_heuristic,adversarial negative: sampled by documented SBERT v2 negative policy
sbert-v2-profile-04803,sbert-v2-job-e1410028fb47eabe6a1e,3,silver_heuristic,"positive: domain, occupation group, and generated profile skill intent align"
sbert-v2-profile-04803,sbert-v2-job-c35a63b9667d9bf66ca7,0,silver_heuristic,easy negative: sampled by documented SBERT v2 negative policy
sbert-v2-profile-04803,sbert-v2-job-230c92d3c817d0b42d5e,0,silver_heuristic,easy negative: sampled by documented SBERT v2 negative policy
sbert-v2-profile-04803,sbert-v2-job-33065ffee24806515827,0,silver_heuristic,medium negative: sampled by documented SBERT v2 negative policy
sbert-v2-profile-04803,sbert-v2-job-ae81a4a5fc0cf98dd3ce,0,silver_heuristic,medium negative: sampled by documented SBERT v2 negative policy
sbert-v2-profile-04803,sbert-v2-job-7b34308a312bc23278e9,0,silver_heuristic,medium negative: sampled by documented SBERT v2 negative policy
sbert-v2-profile-04803,sbert-v2-job-61960b0a3c72e1e8a1ec,0,silver_heuristic,medium negative: sampled by documented SBERT v2 negative policy
sbert-v2-profile-04803,sbert-v2-job-593c8c1f0c0c15303f44,1,silver_heuristic,hard negative: sampled by documented SBERT v2 negative policy
sbert-v2-profile-04803,sbert-v2-job-bbc6d93c688240af247f,1,silver_heuristic,hard negative: sampled by documented SBERT v2 negative policy
sbert-v2-profile-04803,sbert-v2-job-b39a1e3fbd2955b3da14,1,silver_heuristic,hard negative: sampled by documented SBERT v2 negative policy
sbert-v2-profile-04803,sbert-v2-job-f5b03dad1b89ec500937,1,silver_heuristic,adversarial negative: sampled by documented SBERT v2 negative policy
sbert-v2-profile-04804,sbert-v2-job-f89271afe56143adff8c,3,silver_heuristic,"positive: domain, occupation group, and generated profile skill intent align"
sbert-v2-profile-04804,sbert-v2-job-d65659bfbbd4b20ca220,0,silver_heuristic,easy negative: sampled by documented SBERT v2 negative policy
sbert-v2-profile-04804,sbert-v2-job-eae6afbb92b428c1de10,0,silver_heuristic,easy negative: sampled by documented SBERT v2 negative policy
sbert-v2-profile-04804,sbert-v2-job-f19ab0aede3dacf35d3e,0,silver_heuristic,medium negative: sampled by documented SBERT v2 negative policy
sbert-v2-profile-04804,sbert-v2-job-8d29b9faabb7995981ff,0,silver_heuristic,medium negative: sampled by documented SBERT v2 negative policy
sbert-v2-profile-04804,sbert-v2-job-ca03f9ca96856e220888,1,silver_heuristic,hard negative: sampled by documented SBERT v2 negative policy
sbert-v2-profile-04804,sbert-v2-job-2013f9ead08d3e67788f,1,silver_heuristic,hard negative: sampled by documented SBERT v2 negative policy
sbert-v2-profile-04804,sbert-v2-job-75e016d82694f166d730,1,silver_heuristic,hard negative: sampled by documented SBERT v2 negative policy
sbert-v2-profile-04804,sbert-v2-job-4bde9902a1f679397535,1,silver_heuristic,adversarial negative: sampled by documented SBERT v2 negative policy
sbert-v2-profile-04805,sbert-v2-job-514bb65233040c3de771,3,silver_heuristic,"positive: domain, occupation group, and generated profile skill intent align"
sbert-v2-profile-04805,sbert-v2-job-f7a91e80c62fdbf29550,0,silver_heuristic,easy negative: sampled by documented SBERT v2 negative policy
sbert-v2-profile-04805,sbert-v2-job-e2400aa56c05de845bb7,0,silver_heuristic,easy negative: sampled by documented SBERT v2 negative policy
sbert-v2-profile-04805,sbert-v2-job-c33bfced7ec06c48b6e0,1,silver_heuristic,hard negative: sampled by documented SBERT v2 negative policy
sbert-v2-profile-04805,sbert-v2-job-de8ccb6d5e4b6f6fecbb,1,silver_heuristic,hard negative: sampled by documented SBERT v2 negative policy
sbert-v2-profile-04805,sbert-v2-job-e3e789c4897f282cd1b1,1,silver_heuristic,hard negative: sampled by documented SBERT v2 negative policy
sbert-v2-profile-04805,sbert-v2-job-6535c64894544a74d7ef,1,silver_heuristic,adversarial negative: sampled by documented SBERT v2 negative policy
sbert-v2-profile-04806,sbert-v2-job-c5399fc8069db7cad46f,3,silver_heuristic,"positive: domain, occupation group, and generated profile skill intent align"
sbert-v2-profile-04806,sbert-v2-job-bbb2a81f949a5a35933c,0,silver_heuristic,easy negative: sampled by documented SBERT v2 negative policy
sbert-v2-profile-04806,sbert-v2-job-cc262b86615684d417ef,0,silver_heuristic,easy negative: sampled by documented SBERT v2 negative policy
sbert-v2-profile-04806,sbert-v2-job-50561731c5625ac3db5b,1,silver_heuristic,adversarial negative: sampled by documented SBERT v2 negative policy
sbert-v2-profile-04807,sbert-v2-job-59d097f6d26c7a29a3c8,3,silver_heuristic,"positive: domain, occupation group, and generated profile skill intent align"
sbert-v2-profile-04807,sbert-v2-job-26d1756b05f32ced94bf,0,silver_heuristic,easy negative: sampled by documented SBERT v2 negative policy
sbert-v2-profile-04807,sbert-v2-job-47ff79b131ecee2a25f3,0,silver_heuristic,easy negative: sampled by documented SBERT v2 negative policy
sbert-v2-profile-04807,sbert-v2-job-7f3afa56c9e139065e1b,1,silver_heuristic,adversarial negative: sampled by documented SBERT v2 negative policy
sbert-v2-profile-04808,sbert-v2-job-2659ddedad02ab3cd48b,3,silver_heuristic,"positive: domain, occupation group, and generated profile skill intent align"
sbert-v2-profile-04808,sbert-v2-job-e5e68623693cac701c69,0,silver_heuristic,easy negative: sampled by documented SBERT v2 negative policy
sbert-v2-profile-04808,sbert-v2-job-ef317a547d6239fe13b4,0,silver_heuristic,easy negative: sampled by documented SBERT v2 negative policy
sbert-v2-profile-04808,sbert-v2-job-4be93abb1f95d59d4577,1,silver_heuristic,adversarial negative: sampled by documented SBERT v2 negative policy
sbert-v2-profile-04809,sbert-v2-job-922e8ed8a513cfd93751,3,silver_heuristic,"positive: domain, occupation group, and generated profile skill intent align"
sbert-v2-profile-04809,sbert-v2-job-a06a6dfeb50d27335839,1,silver_heuristic,adversarial negative: sampled by documented SBERT v2 negative policy
sbert-v2-profile-04810,sbert-v2-job-cebaeb7f04af768cf3bd,3,silver_heuristic,"positive: domain, occupation group, and generated profile skill intent align"
sbert-v2-profile-04810,sbert-v2-job-cad63b820c23ea348213,1,silver_heuristic,adversarial negative: sampled by documented SBERT v2 negative policy
sbert-v2-profile-04811,sbert-v2-job-ef33b5ba8bcdc68a4aaa,3,silver_heuristic,"positive: domain, occupation group, and generated profile skill intent align"
sbert-v2-profile-04811,sbert-v2-job-7c08c643a0cb3d2d8915,1,silver_heuristic,adversarial negative: sampled by documented SBERT v2 negative policy
sbert-v2-profile-04812,sbert-v2-job-72162a62349d05d3b5a9,3,silver_heuristic,"positive: domain, occupation group, and generated profile skill intent align"
sbert-v2-profile-04812,sbert-v2-job-2659ddedad02ab3cd48b,1,silver_heuristic,adversarial negative: sampled by documented SBERT v2 negative policy
sbert-v2-profile-04813,sbert-v2-job-66968dda70e2445076be,3,silver_heuristic,"positive: domain, occupation group, and generated profile skill intent align"
sbert-v2-profile-04813,sbert-v2-job-f4996c227368f2e69731,1,silver_heuristic,adversarial negative: sampled by documented SBERT v2 negative policy
sbert-v2-profile-04814,sbert-v2-job-eded8808795d7f547176,3,silver_heuristic,"positive: domain, occupation group, and generated profile skill intent align"
sbert-v2-profile-04814,sbert-v2-job-84b9787e2cb9779c81e3,1,silver_heuristic,adversarial negative: sampled by documented SBERT v2 negative policy
sbert-v2-profile-04815,sbert-v2-job-1d7d2a461521c9e75a88,3,silver_heuristic,"positive: domain, occupation group, and generated profile skill intent align"
sbert-v2-profile-04815,sbert-v2-job-b1a7e6def92bab1bd6f4,1,silver_heuristic,adversarial negative: sampled by documented SBERT v2 negative policy
sbert-v2-profile-04816,sbert-v2-job-53774e7c396b253cb51d,3,silver_heuristic,"positive: domain, occupation group, and generated profile skill intent align"
sbert-v2-profile-04816,sbert-v2-job-befd358c176c921f97c6,1,silver_heuristic,adversarial negative: sampled by documented SBERT v2 negative policy
sbert-v2-profile-04817,sbert-v2-job-9a6cc04bda6d87cf0467,3,silver_heuristic,"positive: domain, occupation group, and generated profile skill intent align"
sbert-v2-profile-04817,sbert-v2-job-5010c454e8f1dfcd73cd,1,silver_heuristic,adversarial negative: sampled by documented SBERT v2 negative policy
sbert-v2-profile-04818,sbert-v2-job-3400e40efc5045502ff9,3,silver_heuristic,"positive: domain, occupation group, and generated profile skill intent align"
sbert-v2-profile-04819,sbert-v2-job-bfc1289aa5e2e8c5088f,3,silver_heuristic,"positive: domain, occupation group, and generated profile skill intent align"
sbert-v2-profile-04820,sbert-v2-job-c9549c5710eacd626d51,3,silver_heuristic,"positive: domain, occupation group, and generated profile skill intent align"
sbert-v2-profile-04821,sbert-v2-job-b6b572c99336402dab73,3,silver_heuristic,"positive: domain, occupation group, and generated profile skill intent align"
sbert-v2-profile-04822,sbert-v2-job-7613438d7b8064a5c492,3,silver_heuristic,"positive: domain, occupation group, and generated profile skill intent align"
sbert-v2-profile-04823,sbert-v2-job-f0b856ff4fbf2ba82876,3,silver_heuristic,"positive: domain, occupation group, and generated profile skill intent align"
sbert-v2-profile-04824,sbert-v2-job-b9e31ed46d0fe2d98478,3,silver_heuristic,"positive: domain, occupation group, and generated profile skill intent align"
sbert-v2-profile-04825,sbert-v2-job-66f3b40d454972d51cc6,3,silver_heuristic,"positive: domain, occupation group, and generated profile skill intent align"
sbert-v2-profile-04826,sbert-v2-job-93ee856d82884e8be914,3,silver_heuristic,"positive: domain, occupation group, and generated profile skill intent align"
sbert-v2-profile-04827,sbert-v2-job-e1410028fb47eabe6a1e,3,silver_heuristic,"positive: domain, occupation group, and generated profile skill intent align"
sbert-v2-profile-04828,sbert-v2-job-f9eadee7c367bb6d3ac2,3,silver_heuristic,"positive: domain, occupation group, and generated profile skill intent align"
sbert-v2-profile-04829,sbert-v2-job-4ac3fd812cd6f98c9ddb,3,silver_heuristic,"positive: domain, occupation group, and generated profile skill intent align"
sbert-v2-profile-04830,sbert-v2-job-ee8b64af71a8a5dc84f5,3,silver_heuristic,"positive: domain, occupation group, and generated profile skill intent align"
sbert-v2-profile-04831,sbert-v2-job-eac758eab0a6987ea328,3,silver_heuristic,"positive: domain, occupation group, and generated profile skill intent align"
sbert-v2-profile-04832,sbert-v2-job-655d8daf181c225b3b4b,3,silver_heuristic,"positive: domain, occupation group, and generated profile skill intent align"
sbert-v2-profile-04833,sbert-v2-job-56bc9c2801dbf1def682,3,silver_heuristic,"positive: domain, occupation group, and generated profile skill intent align"
sbert-v2-profile-04834,sbert-v2-job-d782455151860fb799ea,3,silver_heuristic,"positive: domain, occupation group, and generated profile skill intent align"
sbert-v2-profile-04835,sbert-v2-job-ef33b5ba8bcdc68a4aaa,3,silver_heuristic,"positive: domain, occupation group, and generated profile skill intent align"
sbert-v2-profile-04836,sbert-v2-job-a2fa0e2cd4ccd705064d,3,silver_heuristic,"positive: domain, occupation group, and generated profile skill intent align"
sbert-v2-profile-04837,sbert-v2-job-66968dda70e2445076be,3,silver_heuristic,"positive: domain, occupation group, and generated profile skill intent align"
sbert-v2-profile-04838,sbert-v2-job-eded8808795d7f547176,3,silver_heuristic,"positive: domain, occupation group, and generated profile skill intent align"
sbert-v2-profile-04839,sbert-v2-job-435152adfaa887f18f5b,3,silver_heuristic,"positive: domain, occupation group, and generated profile skill intent align"
sbert-v2-profile-04840,sbert-v2-job-f9a677f9b39326bc8f1b,3,silver_heuristic,"positive: domain, occupation group, and generated profile skill intent align"
sbert-v2-profile-04841,sbert-v2-job-9860a86aea15454b8bc4,3,silver_heuristic,"positive: domain, occupation group, and generated profile skill intent align"
sbert-v2-profile-04842,sbert-v2-job-3400e40efc5045502ff9,3,silver_heuristic,"positive: domain, occupation group, and generated profile skill intent align"
sbert-v2-profile-04843,sbert-v2-job-bfc1289aa5e2e8c5088f,3,silver_heuristic,"positive: domain, occupation group, and generated profile skill intent align"
sbert-v2-profile-04844,sbert-v2-job-c9549c5710eacd626d51,3,silver_heuristic,"positive: domain, occupation group, and generated profile skill intent align"
sbert-v2-profile-04845,sbert-v2-job-b6b572c99336402dab73,3,silver_heuristic,"positive: domain, occupation group, and generated profile skill intent align"
sbert-v2-profile-04846,sbert-v2-job-7613438d7b8064a5c492,3,silver_heuristic,"positive: domain, occupation group, and generated profile skill intent align"
sbert-v2-profile-04847,sbert-v2-job-f0b856ff4fbf2ba82876,3,silver_heuristic,"positive: domain, occupation group, and generated profile skill intent align"
sbert-v2-profile-04848,sbert-v2-job-359535bfc52e89721206,3,silver_heuristic,"positive: domain, occupation group, and generated profile skill intent align"
sbert-v2-profile-04849,sbert-v2-job-e2507afce814f1bfdb78,3,silver_heuristic,"positive: domain, occupation group, and generated profile skill intent align"
sbert-v2-profile-04850,sbert-v2-job-270c084c1e76b2aeb64e,3,silver_heuristic,"positive: domain, occupation group, and generated profile skill intent align"
sbert-v2-profile-04851,sbert-v2-job-8ada5e6aa99f2a76e5e5,3,silver_heuristic,"positive: domain, occupation group, and generated profile skill intent align"
sbert-v2-profile-04852,sbert-v2-job-4a916479ccb4b2e0f889,3,silver_heuristic,"positive: domain, occupation group, and generated profile skill intent align"
sbert-v2-profile-04853,sbert-v2-job-91b3cc0670c69d9f6f61,3,silver_heuristic,"positive: domain, occupation group, and generated profile skill intent align"
sbert-v2-profile-04854,sbert-v2-job-a323262e99925586b585,3,silver_heuristic,"positive: domain, occupation group, and generated profile skill intent align"
sbert-v2-profile-04855,sbert-v2-job-93b14ad50d2835ffa807,3,silver_heuristic,"positive: domain, occupation group, and generated profile skill intent align"
sbert-v2-profile-04856,sbert-v2-job-a0f4fb5812c8cb3d1216,3,silver_heuristic,"positive: domain, occupation group, and generated profile skill intent align"
sbert-v2-profile-04857,sbert-v2-job-4efc1b52a71d4361f34f,3,silver_heuristic,"positive: domain, occupation group, and generated profile skill intent align"
sbert-v2-profile-04858,sbert-v2-job-318dbed0e4bf1fffc8e5,3,silver_heuristic,"positive: domain, occupation group, and generated profile skill intent align"
sbert-v2-profile-04859,sbert-v2-job-5d18236eab0b0627d0b4,3,silver_heuristic,"positive: domain, occupation group, and generated profile skill intent align"
sbert-v2-profile-04860,sbert-v2-job-72162a62349d05d3b5a9,3,silver_heuristic,"positive: domain, occupation group, and generated profile skill intent align"
sbert-v2-profile-04861,sbert-v2-job-65c031add15d1d4acb89,3,silver_heuristic,"positive: domain, occupation group, and generated profile skill intent align"
sbert-v2-profile-04862,sbert-v2-job-ec3340cc75bbf371829a,3,silver_heuristic,"positive: domain, occupation group, and generated profile skill intent align"
sbert-v2-profile-04863,sbert-v2-job-aa4f32d4d5a7bdcffbcf,3,silver_heuristic,"positive: domain, occupation group, and generated profile skill intent align"
sbert-v2-profile-04864,sbert-v2-job-83ae0571e108c700132d,3,silver_heuristic,"positive: domain, occupation group, and generated profile skill intent align"
sbert-v2-profile-04865,sbert-v2-job-9860a86aea15454b8bc4,3,silver_heuristic,"positive: domain, occupation group, and generated profile skill intent align"
sbert-v2-profile-04866,sbert-v2-job-a21678d0d612178dd522,3,silver_heuristic,"positive: domain, occupation group, and generated profile skill intent align"
sbert-v2-profile-04867,sbert-v2-job-bfc1289aa5e2e8c5088f,3,silver_heuristic,"positive: domain, occupation group, and generated profile skill intent align"
sbert-v2-profile-04868,sbert-v2-job-c9549c5710eacd626d51,3,silver_heuristic,"positive: domain, occupation group, and generated profile skill intent align"
sbert-v2-profile-04869,sbert-v2-job-b6b572c99336402dab73,3,silver_heuristic,"positive: domain, occupation group, and generated profile skill intent align"
sbert-v2-profile-04870,sbert-v2-job-7613438d7b8064a5c492,3,silver_heuristic,"positive: domain, occupation group, and generated profile skill intent align"
sbert-v2-profile-04871,sbert-v2-job-f0b856ff4fbf2ba82876,3,silver_heuristic,"positive: domain, occupation group, and generated profile skill intent align"
sbert-v2-profile-04872,sbert-v2-job-e894908a84a5095b7498,3,silver_heuristic,"positive: domain, occupation group, and generated profile skill intent align"
sbert-v2-profile-04873,sbert-v2-job-9a7306dbbe2e9f28119d,3,silver_heuristic,"positive: domain, occupation group, and generated profile skill intent align"
sbert-v2-profile-04874,sbert-v2-job-5df189d3313c6e5a794b,3,silver_heuristic,"positive: domain, occupation group, and generated profile skill intent align"
sbert-v2-profile-04875,sbert-v2-job-1ebf567d6ce214318154,3,silver_heuristic,"positive: domain, occupation group, and generated profile skill intent align"
sbert-v2-profile-04876,sbert-v2-job-a448bdeee7fc764c77fb,3,silver_heuristic,"positive: domain, occupation group, and generated profile skill intent align"
sbert-v2-profile-04877,sbert-v2-job-61bb82f03283647f7877,3,silver_heuristic,"positive: domain, occupation group, and generated profile skill intent align"
sbert-v2-profile-04878,sbert-v2-job-1c72157f065132c66c03,3,silver_heuristic,"positive: domain, occupation group, and generated profile skill intent align"
sbert-v2-profile-04879,sbert-v2-job-4b37e42effb0c606ae0a,3,silver_heuristic,"positive: domain, occupation group, and generated profile skill intent align"
sbert-v2-profile-04880,sbert-v2-job-96eb228f163d4a4e430d,3,silver_heuristic,"positive: domain, occupation group, and generated profile skill intent align"
sbert-v2-profile-04881,sbert-v2-job-df4b8b9ac70ea3a1770e,3,silver_heuristic,"positive: domain, occupation group, and generated profile skill intent align"
sbert-v2-profile-04882,sbert-v2-job-7e16f57d3ca3a9dd8406,3,silver_heuristic,"positive: domain, occupation group, and generated profile skill intent align"
sbert-v2-profile-04883,sbert-v2-job-7ba83139d8611ee8731a,3,silver_heuristic,"positive: domain, occupation group, and generated profile skill intent align"
sbert-v2-profile-04884,sbert-v2-job-eb96769248e6c3f30595,3,silver_heuristic,"positive: domain, occupation group, and generated profile skill intent align"
sbert-v2-profile-04885,sbert-v2-job-65c031add15d1d4acb89,3,silver_heuristic,"positive: domain, occupation group, and generated profile skill intent align"
sbert-v2-profile-04886,sbert-v2-job-9782f9eca038fc8d474c,3,silver_heuristic,"positive: domain, occupation group, and generated profile skill intent align"
sbert-v2-profile-04887,sbert-v2-job-1d7d2a461521c9e75a88,3,silver_heuristic,"positive: domain, occupation group, and generated profile skill intent align"
sbert-v2-profile-04888,sbert-v2-job-777ba0a83d1278d4cd2b,3,silver_heuristic,"positive: domain, occupation group, and generated profile skill intent align"
sbert-v2-profile-04889,sbert-v2-job-83906ea4975b588d3dbf,3,silver_heuristic,"positive: domain, occupation group, and generated profile skill intent align"
sbert-v2-profile-04890,sbert-v2-job-a21678d0d612178dd522,3,silver_heuristic,"positive: domain, occupation group, and generated profile skill intent align"
sbert-v2-profile-04891,sbert-v2-job-bfc1289aa5e2e8c5088f,3,silver_heuristic,"positive: domain, occupation group, and generated profile skill intent align"
sbert-v2-profile-04892,sbert-v2-job-c9549c5710eacd626d51,3,silver_heuristic,"positive: domain, occupation group, and generated profile skill intent align"
sbert-v2-profile-04893,sbert-v2-job-b6b572c99336402dab73,3,silver_heuristic,"positive: domain, occupation group, and generated profile skill intent align"
sbert-v2-profile-04894,sbert-v2-job-7613438d7b8064a5c492,3,silver_heuristic,"positive: domain, occupation group, and generated profile skill intent align"
sbert-v2-profile-04895,sbert-v2-job-f0b856ff4fbf2ba82876,3,silver_heuristic,"positive: domain, occupation group, and generated profile skill intent align"
sbert-v2-profile-04896,sbert-v2-job-cb8df31db59df48d4c0d,3,silver_heuristic,"positive: domain, occupation group, and generated profile skill intent align"
sbert-v2-profile-04897,sbert-v2-job-61c321fc13e302817701,3,silver_heuristic,"positive: domain, occupation group, and generated profile skill intent align"
sbert-v2-profile-04898,sbert-v2-job-84b9787e2cb9779c81e3,3,silver_heuristic,"positive: domain, occupation group, and generated profile skill intent align"
sbert-v2-profile-04899,sbert-v2-job-df8b572d96a8738dc6cf,3,silver_heuristic,"positive: domain, occupation group, and generated profile skill intent align"
sbert-v2-profile-04900,sbert-v2-job-ddab03ba41c721d3807c,3,silver_heuristic,"positive: domain, occupation group, and generated profile skill intent align"
sbert-v2-profile-04901,sbert-v2-job-1c9eae5936f9f7742f2a,3,silver_heuristic,"positive: domain, occupation group, and generated profile skill intent align"
sbert-v2-profile-04902,sbert-v2-job-c7a8274283befb57c61f,3,silver_heuristic,"positive: domain, occupation group, and generated profile skill intent align"
sbert-v2-profile-04903,sbert-v2-job-1c0cdb99af912058507d,3,silver_heuristic,"positive: domain, occupation group, and generated profile skill intent align"
sbert-v2-profile-04904,sbert-v2-job-f0565914eecc9778ce6f,3,silver_heuristic,"positive: domain, occupation group, and generated profile skill intent align"
sbert-v2-profile-04905,sbert-v2-job-79294af272a1c8caa8c9,3,silver_heuristic,"positive: domain, occupation group, and generated profile skill intent align"
sbert-v2-profile-04906,sbert-v2-job-f0f5564fd8204b53f156,3,silver_heuristic,"positive: domain, occupation group, and generated profile skill intent align"
sbert-v2-profile-04907,sbert-v2-job-7d1e73f3d11d13c28ad0,3,silver_heuristic,"positive: domain, occupation group, and generated profile skill intent align"
sbert-v2-profile-04908,sbert-v2-job-cf494340293a8cf78300,3,silver_heuristic,"positive: domain, occupation group, and generated profile skill intent align"
sbert-v2-profile-04909,sbert-v2-job-65c031add15d1d4acb89,3,silver_heuristic,"positive: domain, occupation group, and generated profile skill intent align"
sbert-v2-profile-05400,sbert-v2-job-3d1291d1fee895a01994,3,silver_heuristic,"positive: domain, occupation group, and generated profile skill intent align"
sbert-v2-profile-05400,sbert-v2-job-46842d8ba4cf3de0f724,0,silver_heuristic,easy negative: sampled by documented SBERT v2 negative policy
sbert-v2-profile-05400,sbert-v2-job-7cbbfebd4f1ed5bd6db3,0,silver_heuristic,easy negative: sampled by documented SBERT v2 negative policy
sbert-v2-profile-05400,sbert-v2-job-5010c454e8f1dfcd73cd,0,silver_heuristic,medium negative: sampled by documented SBERT v2 negative policy
sbert-v2-profile-05400,sbert-v2-job-ee4dbe3f6117d5a42759,0,silver_heuristic,medium negative: sampled by documented SBERT v2 negative policy
sbert-v2-profile-05400,sbert-v2-job-c431469df758c542a4cc,0,silver_heuristic,medium negative: sampled by documented SBERT v2 negative policy
sbert-v2-profile-05400,sbert-v2-job-b7be6b4922ebae75f5cf,0,silver_heuristic,medium negative: sampled by documented SBERT v2 negative policy
sbert-v2-profile-05400,sbert-v2-job-1bdbd16b49444240aca7,1,silver_heuristic,hard negative: sampled by documented SBERT v2 negative policy
sbert-v2-profile-05400,sbert-v2-job-e6df9a5a228dd41f60a3,1,silver_heuristic,hard negative: sampled by documented SBERT v2 negative policy
sbert-v2-profile-05400,sbert-v2-job-8b13b2e54e9215afc149,1,silver_heuristic,hard negative: sampled by documented SBERT v2 negative policy
sbert-v2-profile-05400,sbert-v2-job-fbb2d7fd54d9fd8657e9,1,silver_heuristic,adversarial negative: sampled by documented SBERT v2 negative policy
sbert-v2-profile-05401,sbert-v2-job-46d97c8ee3c6254ece68,3,silver_heuristic,"positive: domain, occupation group, and generated profile skill intent align"
sbert-v2-profile-05401,sbert-v2-job-4e4b68af7dc54086cb80,0,silver_heuristic,easy negative: sampled by documented SBERT v2 negative policy
sbert-v2-profile-05401,sbert-v2-job-aff7720d04286d027279,0,silver_heuristic,easy negative: sampled by documented SBERT v2 negative policy
sbert-v2-profile-05401,sbert-v2-job-72ab97c39e9550becea6,0,silver_heuristic,medium negative: sampled by documented SBERT v2 negative policy
sbert-v2-profile-05401,sbert-v2-job-967b2589b67b6997e516,0,silver_heuristic,medium negative: sampled by documented SBERT v2 negative policy
sbert-v2-profile-05401,sbert-v2-job-ef7c78170657343103f8,0,silver_heuristic,medium negative: sampled by documented SBERT v2 negative policy
sbert-v2-profile-05401,sbert-v2-job-2dd15410801546fcea81,0,silver_heuristic,medium negative: sampled by documented SBERT v2 negative policy
sbert-v2-profile-05401,sbert-v2-job-c6ea35d4d6ce7ce5c4f9,1,silver_heuristic,hard negative: sampled by documented SBERT v2 negative policy
sbert-v2-profile-05401,sbert-v2-job-99033fb1b62097732368,1,silver_heuristic,hard negative: sampled by documented SBERT v2 negative policy
sbert-v2-profile-05401,sbert-v2-job-9462d26693d47d816298,1,silver_heuristic,hard negative: sampled by documented SBERT v2 negative policy
sbert-v2-profile-05401,sbert-v2-job-1a42b2c8fee33bf02e51,1,silver_heuristic,adversarial negative: sampled by documented SBERT v2 negative policy
sbert-v2-profile-05402,sbert-v2-job-ccc7ba87a9d6bd063705,3,silver_heuristic,"positive: domain, occupation group, and generated profile skill intent align"
sbert-v2-profile-05402,sbert-v2-job-8aa3a9b7228aba9fd0df,0,silver_heuristic,easy negative: sampled by documented SBERT v2 negative policy
sbert-v2-profile-05402,sbert-v2-job-902b923ef74306d75707,0,silver_heuristic,easy negative: sampled by documented SBERT v2 negative policy
sbert-v2-profile-05402,sbert-v2-job-56bc9c2801dbf1def682,0,silver_heuristic,medium negative: sampled by documented SBERT v2 negative policy
sbert-v2-profile-05402,sbert-v2-job-e0542e06a659c1ee02f8,0,silver_heuristic,medium negative: sampled by documented SBERT v2 negative policy
sbert-v2-profile-05402,sbert-v2-job-7c6e10094f0813529aae,0,silver_heuristic,medium negative: sampled by documented SBERT v2 negative policy
sbert-v2-profile-05402,sbert-v2-job-798d74695a4024753fab,0,silver_heuristic,medium negative: sampled by documented SBERT v2 negative policy
sbert-v2-profile-05402,sbert-v2-job-8bd2798dd624ff2ad657,1,silver_heuristic,hard negative: sampled by documented SBERT v2 negative policy
sbert-v2-profile-05402,sbert-v2-job-c0f979b43e2fa82fbf69,1,silver_heuristic,hard negative: sampled by documented SBERT v2 negative policy
sbert-v2-profile-05402,sbert-v2-job-4d5d9e78f4456e1e3cf3,1,silver_heuristic,hard negative: sampled by documented SBERT v2 negative policy
sbert-v2-profile-05402,sbert-v2-job-3f3e8b93a2f5923b4a8c,1,silver_heuristic,adversarial negative: sampled by documented SBERT v2 negative policy
sbert-v2-profile-05403,sbert-v2-job-9f45d649e7c611e610c5,3,silver_heuristic,"positive: domain, occupation group, and generated profile skill intent align"
sbert-v2-profile-05403,sbert-v2-job-daf63a1676fa62e5899d,0,silver_heuristic,easy negative: sampled by documented SBERT v2 negative policy
sbert-v2-profile-05403,sbert-v2-job-ff832ecf2abbfaff9f0b,0,silver_heuristic,easy negative: sampled by documented SBERT v2 negative policy
sbert-v2-profile-05403,sbert-v2-job-eed5d78422a560f10542,0,silver_heuristic,medium negative: sampled by documented SBERT v2 negative policy
sbert-v2-profile-05403,sbert-v2-job-fe879cd3616cb6f14dfa,0,silver_heuristic,medium negative: sampled by documented SBERT v2 negative policy
sbert-v2-profile-05403,sbert-v2-job-e9d42886e644abc3b757,0,silver_heuristic,medium negative: sampled by documented SBERT v2 negative policy
sbert-v2-profile-05403,sbert-v2-job-e44f20d9561c9d2e33d3,1,silver_heuristic,hard negative: sampled by documented SBERT v2 negative policy
sbert-v2-profile-05403,sbert-v2-job-4bff327f3f983f14cfea,1,silver_heuristic,hard negative: sampled by documented SBERT v2 negative policy
sbert-v2-profile-05403,sbert-v2-job-7d75658047aadb0aeefa,1,silver_heuristic,hard negative: sampled by documented SBERT v2 negative policy
sbert-v2-profile-05403,sbert-v2-job-213319ffff07a0202d35,1,silver_heuristic,adversarial negative: sampled by documented SBERT v2 negative policy
sbert-v2-profile-05404,sbert-v2-job-c96b5623b1c3cc822a2c,3,silver_heuristic,"positive: domain, occupation group, and generated profile skill intent align"
sbert-v2-profile-05404,sbert-v2-job-7931a8f573472ace6564,0,silver_heuristic,easy negative: sampled by documented SBERT v2 negative policy
sbert-v2-profile-05404,sbert-v2-job-3868a4668acca0d36e57,0,silver_heuristic,easy negative: sampled by documented SBERT v2 negative policy
sbert-v2-profile-05404,sbert-v2-job-ca03f9ca96856e220888,1,silver_heuristic,hard negative: sampled by documented SBERT v2 negative policy
sbert-v2-profile-05404,sbert-v2-job-2aaea66a9b96c7320bf5,1,silver_heuristic,hard negative: sampled by documented SBERT v2 negative policy
sbert-v2-profile-05404,sbert-v2-job-dd24a01409fbc74518a6,1,silver_heuristic,hard negative: sampled by documented SBERT v2 negative policy
sbert-v2-profile-05404,sbert-v2-job-c9549c5710eacd626d51,1,silver_heuristic,adversarial negative: sampled by documented SBERT v2 negative policy
sbert-v2-profile-05405,sbert-v2-job-9ef67877eece73b0b101,3,silver_heuristic,"positive: domain, occupation group, and generated profile skill intent align"
sbert-v2-profile-05405,sbert-v2-job-cb14b9c64a994a3582d4,0,silver_heuristic,easy negative: sampled by documented SBERT v2 negative policy
sbert-v2-profile-05405,sbert-v2-job-da07e6e2c933e95c31d9,0,silver_heuristic,easy negative: sampled by documented SBERT v2 negative policy
sbert-v2-profile-05405,sbert-v2-job-5e0f204c720c99313671,1,silver_heuristic,adversarial negative: sampled by documented SBERT v2 negative policy
sbert-v2-profile-05406,sbert-v2-job-68279edc4021388320e6,3,silver_heuristic,"positive: domain, occupation group, and generated profile skill intent align"
sbert-v2-profile-05406,sbert-v2-job-4a8fa4a35a12c2320c19,0,silver_heuristic,easy negative: sampled by documented SBERT v2 negative policy
sbert-v2-profile-05406,sbert-v2-job-370cc67d703cd59d44de,0,silver_heuristic,easy negative: sampled by documented SBERT v2 negative policy
sbert-v2-profile-05406,sbert-v2-job-85aa6ffb283fc025369b,1,silver_heuristic,adversarial negative: sampled by documented SBERT v2 negative policy
sbert-v2-profile-05407,sbert-v2-job-2b16aef6806f1a28ffbb,3,silver_heuristic,"positive: domain, occupation group, and generated profile skill intent align"
sbert-v2-profile-05407,sbert-v2-job-cffc62646279eba1cea3,0,silver_heuristic,easy negative: sampled by documented SBERT v2 negative policy
sbert-v2-profile-05407,sbert-v2-job-931796d22387472fe98e,1,silver_heuristic,adversarial negative: sampled by documented SBERT v2 negative policy
sbert-v2-profile-05408,sbert-v2-job-444481b6c556c73187c2,3,silver_heuristic,"positive: domain, occupation group, and generated profile skill intent align"
sbert-v2-profile-05408,sbert-v2-job-46842d8ba4cf3de0f724,1,silver_heuristic,adversarial negative: sampled by documented SBERT v2 negative policy
sbert-v2-profile-05409,sbert-v2-job-8fe467d7eaeaa54c097c,3,silver_heuristic,"positive: domain, occupation group, and generated profile skill intent align"
sbert-v2-profile-05409,sbert-v2-job-43282f48c752f31cb732,1,silver_heuristic,adversarial negative: sampled by documented SBERT v2 negative policy
sbert-v2-profile-05410,sbert-v2-job-899bfd9283954fa628f4,3,silver_heuristic,"positive: domain, occupation group, and generated profile skill intent align"
sbert-v2-profile-05410,sbert-v2-job-ee89ece9dec268da3730,1,silver_heuristic,adversarial negative: sampled by documented SBERT v2 negative policy
sbert-v2-profile-05411,sbert-v2-job-ed52332dceca35f5532e,3,silver_heuristic,"positive: domain, occupation group, and generated profile skill intent align"
sbert-v2-profile-05411,sbert-v2-job-1d5a41e9a201961c59ad,1,silver_heuristic,adversarial negative: sampled by documented SBERT v2 negative policy
sbert-v2-profile-05412,sbert-v2-job-cf494340293a8cf78300,3,silver_heuristic,"positive: domain, occupation group, and generated profile skill intent align"
sbert-v2-profile-05412,sbert-v2-job-fbd7522fe20dd53852e3,1,silver_heuristic,adversarial negative: sampled by documented SBERT v2 negative policy
sbert-v2-profile-05413,sbert-v2-job-65c031add15d1d4acb89,3,silver_heuristic,"positive: domain, occupation group, and generated profile skill intent align"
sbert-v2-profile-05413,sbert-v2-job-2b72e2e89788777d6e3c,1,silver_heuristic,adversarial negative: sampled by documented SBERT v2 negative policy
sbert-v2-profile-05414,sbert-v2-job-9782f9eca038fc8d474c,3,silver_heuristic,"positive: domain, occupation group, and generated profile skill intent align"
sbert-v2-profile-05414,sbert-v2-job-9b52aba05ee821424327,1,silver_heuristic,adversarial negative: sampled by documented SBERT v2 negative policy
sbert-v2-profile-05415,sbert-v2-job-7c3059d25dee5848ecd0,3,silver_heuristic,"positive: domain, occupation group, and generated profile skill intent align"
sbert-v2-profile-05416,sbert-v2-job-93f4d9bc0f89079cebe5,3,silver_heuristic,"positive: domain, occupation group, and generated profile skill intent align"
sbert-v2-profile-05417,sbert-v2-job-9860a86aea15454b8bc4,3,silver_heuristic,"positive: domain, occupation group, and generated profile skill intent align"
sbert-v2-profile-05418,sbert-v2-job-3400e40efc5045502ff9,3,silver_heuristic,"positive: domain, occupation group, and generated profile skill intent align"
sbert-v2-profile-05419,sbert-v2-job-bfc1289aa5e2e8c5088f,3,silver_heuristic,"positive: domain, occupation group, and generated profile skill intent align"
sbert-v2-profile-05420,sbert-v2-job-c9549c5710eacd626d51,3,silver_heuristic,"positive: domain, occupation group, and generated profile skill intent align"
sbert-v2-profile-05421,sbert-v2-job-b6b572c99336402dab73,3,silver_heuristic,"positive: domain, occupation group, and generated profile skill intent align"
sbert-v2-profile-05422,sbert-v2-job-7613438d7b8064a5c492,3,silver_heuristic,"positive: domain, occupation group, and generated profile skill intent align"
sbert-v2-profile-05423,sbert-v2-job-f0b856ff4fbf2ba82876,3,silver_heuristic,"positive: domain, occupation group, and generated profile skill intent align"
sbert-v2-profile-05424,sbert-v2-job-33b289ab6952cddcf83c,3,silver_heuristic,"positive: domain, occupation group, and generated profile skill intent align"
sbert-v2-profile-05425,sbert-v2-job-463d7039fe434b0c6726,3,silver_heuristic,"positive: domain, occupation group, and generated profile skill intent align"
sbert-v2-profile-05426,sbert-v2-job-d6e13c39f4d3fbfcbf7d,3,silver_heuristic,"positive: domain, occupation group, and generated profile skill intent align"
sbert-v2-profile-05427,sbert-v2-job-c2e59ac144b8fb855a91,3,silver_heuristic,"positive: domain, occupation group, and generated profile skill intent align"
sbert-v2-profile-05428,sbert-v2-job-64f3b999616c7f95e984,3,silver_heuristic,"positive: domain, occupation group, and generated profile skill intent align"
sbert-v2-profile-05429,sbert-v2-job-373b7f316fb93cc9201f,3,silver_heuristic,"positive: domain, occupation group, and generated profile skill intent align"
sbert-v2-profile-05430,sbert-v2-job-eb4f14d0038290ce7935,3,silver_heuristic,"positive: domain, occupation group, and generated profile skill intent align"
sbert-v2-profile-05431,sbert-v2-job-9af68671b383a13c67c2,3,silver_heuristic,"positive: domain, occupation group, and generated profile skill intent align"
sbert-v2-profile-05432,sbert-v2-job-73e3eb3465d2e10d9748,3,silver_heuristic,"positive: domain, occupation group, and generated profile skill intent align"
sbert-v2-profile-05433,sbert-v2-job-922e8ed8a513cfd93751,3,silver_heuristic,"positive: domain, occupation group, and generated profile skill intent align"
sbert-v2-profile-05434,sbert-v2-job-d782455151860fb799ea,3,silver_heuristic,"positive: domain, occupation group, and generated profile skill intent align"
sbert-v2-profile-05435,sbert-v2-job-ef33b5ba8bcdc68a4aaa,3,silver_heuristic,"positive: domain, occupation group, and generated profile skill intent align"
sbert-v2-profile-05436,sbert-v2-job-9e0b56330dbcccd7a998,3,silver_heuristic,"positive: domain, occupation group, and generated profile skill intent align"
sbert-v2-profile-05437,sbert-v2-job-66968dda70e2445076be,3,silver_heuristic,"positive: domain, occupation group, and generated profile skill intent align"
sbert-v2-profile-05438,sbert-v2-job-ec3340cc75bbf371829a,3,silver_heuristic,"positive: domain, occupation group, and generated profile skill intent align"
sbert-v2-profile-05439,sbert-v2-job-435152adfaa887f18f5b,3,silver_heuristic,"positive: domain, occupation group, and generated profile skill intent align"
sbert-v2-profile-05440,sbert-v2-job-9c505e6cd192260c61fe,3,silver_heuristic,"positive: domain, occupation group, and generated profile skill intent align"
sbert-v2-profile-05441,sbert-v2-job-9860a86aea15454b8bc4,3,silver_heuristic,"positive: domain, occupation group, and generated profile skill intent align"
sbert-v2-profile-05442,sbert-v2-job-a21678d0d612178dd522,3,silver_heuristic,"positive: domain, occupation group, and generated profile skill intent align"
sbert-v2-profile-05443,sbert-v2-job-bfc1289aa5e2e8c5088f,3,silver_heuristic,"positive: domain, occupation group, and generated profile skill intent align"
sbert-v2-profile-05444,sbert-v2-job-c9549c5710eacd626d51,3,silver_heuristic,"positive: domain, occupation group, and generated profile skill intent align"
sbert-v2-profile-05445,sbert-v2-job-b6b572c99336402dab73,3,silver_heuristic,"positive: domain, occupation group, and generated profile skill intent align"
sbert-v2-profile-05446,sbert-v2-job-7613438d7b8064a5c492,3,silver_heuristic,"positive: domain, occupation group, and generated profile skill intent align"
sbert-v2-profile-05447,sbert-v2-job-f0b856ff4fbf2ba82876,3,silver_heuristic,"positive: domain, occupation group, and generated profile skill intent align"
sbert-v2-profile-05448,sbert-v2-job-8bbdfbfbaf6409fe1bff,3,silver_heuristic,"positive: domain, occupation group, and generated profile skill intent align"
sbert-v2-profile-05449,sbert-v2-job-3af02ee5cf152b929265,3,silver_heuristic,"positive: domain, occupation group, and generated profile skill intent align"
sbert-v2-profile-05450,sbert-v2-job-efb365acc0a51aaf5dc2,3,silver_heuristic,"positive: domain, occupation group, and generated profile skill intent align"
sbert-v2-profile-05451,sbert-v2-job-6b06ca4c02f2dca75f12,3,silver_heuristic,"positive: domain, occupation group, and generated profile skill intent align"
sbert-v2-profile-05452,sbert-v2-job-f898d0d4087e8b0dbe4f,3,silver_heuristic,"positive: domain, occupation group, and generated profile skill intent align"
sbert-v2-profile-05453,sbert-v2-job-63bdf490538042e26693,3,silver_heuristic,"positive: domain, occupation group, and generated profile skill intent align"
sbert-v2-profile-05454,sbert-v2-job-b1fc838f216c89c56699,3,silver_heuristic,"positive: domain, occupation group, and generated profile skill intent align"
sbert-v2-profile-05455,sbert-v2-job-c700b5ec63708f37713e,3,silver_heuristic,"positive: domain, occupation group, and generated profile skill intent align"
sbert-v2-profile-05456,sbert-v2-job-b1db7cf065ff681715e8,3,silver_heuristic,"positive: domain, occupation group, and generated profile skill intent align"
sbert-v2-profile-05457,sbert-v2-job-85c975e7670fabca7da8,3,silver_heuristic,"positive: domain, occupation group, and generated profile skill intent align"
sbert-v2-profile-05458,sbert-v2-job-93e71b0a498d3001f20b,3,silver_heuristic,"positive: domain, occupation group, and generated profile skill intent align"
sbert-v2-profile-05459,sbert-v2-job-cfaf8eb92b1d3953e2ff,3,silver_heuristic,"positive: domain, occupation group, and generated profile skill intent align"
sbert-v2-profile-05460,sbert-v2-job-9e0b56330dbcccd7a998,3,silver_heuristic,"positive: domain, occupation group, and generated profile skill intent align"
sbert-v2-profile-05461,sbert-v2-job-66968dda70e2445076be,3,silver_heuristic,"positive: domain, occupation group, and generated profile skill intent align"
sbert-v2-profile-05462,sbert-v2-job-9782f9eca038fc8d474c,3,silver_heuristic,"positive: domain, occupation group, and generated profile skill intent align"
sbert-v2-profile-05463,sbert-v2-job-aa4f32d4d5a7bdcffbcf,3,silver_heuristic,"positive: domain, occupation group, and generated profile skill intent align"
sbert-v2-profile-05464,sbert-v2-job-bb2707ba078de331847c,3,silver_heuristic,"positive: domain, occupation group, and generated profile skill intent align"
sbert-v2-profile-05465,sbert-v2-job-9a6cc04bda6d87cf0467,3,silver_heuristic,"positive: domain, occupation group, and generated profile skill intent align"
sbert-v2-profile-05466,sbert-v2-job-a21678d0d612178dd522,3,silver_heuristic,"positive: domain, occupation group, and generated profile skill intent align"
sbert-v2-profile-05467,sbert-v2-job-bfc1289aa5e2e8c5088f,3,silver_heuristic,"positive: domain, occupation group, and generated profile skill intent align"
sbert-v2-profile-05468,sbert-v2-job-c9549c5710eacd626d51,3,silver_heuristic,"positive: domain, occupation group, and generated profile skill intent align"
sbert-v2-profile-05469,sbert-v2-job-b6b572c99336402dab73,3,silver_heuristic,"positive: domain, occupation group, and generated profile skill intent align"
sbert-v2-profile-05470,sbert-v2-job-7613438d7b8064a5c492,3,silver_heuristic,"positive: domain, occupation group, and generated profile skill intent align"
sbert-v2-profile-05471,sbert-v2-job-f0b856ff4fbf2ba82876,3,silver_heuristic,"positive: domain, occupation group, and generated profile skill intent align"
sbert-v2-profile-05472,sbert-v2-job-b7af3cb9627f58ecd578,3,silver_heuristic,"positive: domain, occupation group, and generated profile skill intent align"
sbert-v2-profile-05473,sbert-v2-job-8c8ca8cd28ca418dd35b,3,silver_heuristic,"positive: domain, occupation group, and generated profile skill intent align"
sbert-v2-profile-05474,sbert-v2-job-f16b26ce4b53bfe2cbfc,3,silver_heuristic,"positive: domain, occupation group, and generated profile skill intent align"
sbert-v2-profile-05475,sbert-v2-job-be1e896bc7a207a9d2f7,3,silver_heuristic,"positive: domain, occupation group, and generated profile skill intent align"
sbert-v2-profile-05476,sbert-v2-job-5b5c8e5fa44f3b322e7d,3,silver_heuristic,"positive: domain, occupation group, and generated profile skill intent align"
sbert-v2-profile-05477,sbert-v2-job-5dd70be57f24ceee25bf,3,silver_heuristic,"positive: domain, occupation group, and generated profile skill intent align"
sbert-v2-profile-05478,sbert-v2-job-4a4b20795dfef65bf5ed,3,silver_heuristic,"positive: domain, occupation group, and generated profile skill intent align"
sbert-v2-profile-05479,sbert-v2-job-ac146b03100ea281493d,3,silver_heuristic,"positive: domain, occupation group, and generated profile skill intent align"
sbert-v2-profile-05480,sbert-v2-job-625e84e25649b0407905,3,silver_heuristic,"positive: domain, occupation group, and generated profile skill intent align"
sbert-v2-profile-05481,sbert-v2-job-60306f1d34e63e5a6f53,3,silver_heuristic,"positive: domain, occupation group, and generated profile skill intent align"
sbert-v2-profile-05482,sbert-v2-job-318dbed0e4bf1fffc8e5,3,silver_heuristic,"positive: domain, occupation group, and generated profile skill intent align"
sbert-v2-profile-05483,sbert-v2-job-7ba83139d8611ee8731a,3,silver_heuristic,"positive: domain, occupation group, and generated profile skill intent align"
sbert-v2-profile-05484,sbert-v2-job-1e8ff8f5eb57c17643b9,3,silver_heuristic,"positive: domain, occupation group, and generated profile skill intent align"
sbert-v2-profile-05485,sbert-v2-job-65c031add15d1d4acb89,3,silver_heuristic,"positive: domain, occupation group, and generated profile skill intent align"
sbert-v2-profile-05486,sbert-v2-job-9782f9eca038fc8d474c,3,silver_heuristic,"positive: domain, occupation group, and generated profile skill intent align"
sbert-v2-profile-05487,sbert-v2-job-aa4f32d4d5a7bdcffbcf,3,silver_heuristic,"positive: domain, occupation group, and generated profile skill intent align"
sbert-v2-profile-05488,sbert-v2-job-6c7103a0ade27df12d1c,3,silver_heuristic,"positive: domain, occupation group, and generated profile skill intent align"
sbert-v2-profile-05489,sbert-v2-job-83906ea4975b588d3dbf,3,silver_heuristic,"positive: domain, occupation group, and generated profile skill intent align"
sbert-v2-profile-05700,sbert-v2-job-03778ec6e7d3e73e11a0,3,silver_heuristic,"positive: domain, occupation group, and generated profile skill intent align"
sbert-v2-profile-05700,sbert-v2-job-13c74764ff09b18ff569,0,silver_heuristic,easy negative: sampled by documented SBERT v2 negative policy
sbert-v2-profile-05700,sbert-v2-job-18ceb355c5952a0d5153,0,silver_heuristic,easy negative: sampled by documented SBERT v2 negative policy
sbert-v2-profile-05700,sbert-v2-job-094a98a7c1fb77b26960,0,silver_heuristic,medium negative: sampled by documented SBERT v2 negative policy
sbert-v2-profile-05700,sbert-v2-job-0b035c5c1be12f8e3ca4,0,silver_heuristic,medium negative: sampled by documented SBERT v2 negative policy
sbert-v2-profile-05700,sbert-v2-job-04ffc298ea0505d458cf,0,silver_heuristic,medium negative: sampled by documented SBERT v2 negative policy
sbert-v2-profile-05700,sbert-v2-job-059023e853999e45751b,0,silver_heuristic,medium negative: sampled by documented SBERT v2 negative policy
sbert-v2-profile-05700,sbert-v2-job-043c18a86356ff268101,1,silver_heuristic,adversarial negative: sampled by documented SBERT v2 negative policy
sbert-v2-profile-05701,sbert-v2-job-1087405a799cad6790ee,3,silver_heuristic,"positive: domain, occupation group, and generated profile skill intent align"
sbert-v2-profile-05701,sbert-v2-job-0aa12166a1ee1b5e11eb,0,silver_heuristic,easy negative: sampled by documented SBERT v2 negative policy
sbert-v2-profile-05701,sbert-v2-job-133c69c7b227c93fc9c3,0,silver_heuristic,easy negative: sampled by documented SBERT v2 negative policy
sbert-v2-profile-05701,sbert-v2-job-0c90641a921aaabeb313,0,silver_heuristic,medium negative: sampled by documented SBERT v2 negative policy
sbert-v2-profile-05701,sbert-v2-job-0909271aef15184dff6a,0,silver_heuristic,medium negative: sampled by documented SBERT v2 negative policy
sbert-v2-profile-05701,sbert-v2-job-143d1afeb62b221cd19c,0,silver_heuristic,medium negative: sampled by documented SBERT v2 negative policy
sbert-v2-profile-05701,sbert-v2-job-04331b1077e7c75c7e48,0,silver_heuristic,medium negative: sampled by documented SBERT v2 negative policy
sbert-v2-profile-05701,sbert-v2-job-11397bd1150abeddd6e2,1,silver_heuristic,hard negative: sampled by documented SBERT v2 negative policy
sbert-v2-profile-05701,sbert-v2-job-0ff1ca474f2121883392,1,silver_heuristic,hard negative: sampled by documented SBERT v2 negative policy
sbert-v2-profile-05701,sbert-v2-job-112f05ef77fc3b74f81d,1,silver_heuristic,hard negative: sampled by documented SBERT v2 negative policy
sbert-v2-profile-05701,sbert-v2-job-0f273c475fd44e0345fd,1,silver_heuristic,adversarial negative: sampled by documented SBERT v2 negative policy
sbert-v2-profile-05702,sbert-v2-job-00d1ca31d42d25277c9e,3,silver_heuristic,"positive: domain, occupation group, and generated profile skill intent align"
sbert-v2-profile-05702,sbert-v2-job-094a98a7c1fb77b26960,0,silver_heuristic,easy negative: sampled by documented SBERT v2 negative policy
sbert-v2-profile-05702,sbert-v2-job-17f0b2d3cc0142c13e52,0,silver_heuristic,easy negative: sampled by documented SBERT v2 negative policy
sbert-v2-profile-05702,sbert-v2-job-0687959f52fb155f0aee,0,silver_heuristic,medium negative: sampled by documented SBERT v2 negative policy
sbert-v2-profile-05702,sbert-v2-job-177fe5cdecc89579f167,0,silver_heuristic,medium negative: sampled by documented SBERT v2 negative policy
sbert-v2-profile-05702,sbert-v2-job-19330307b87849470d22,0,silver_heuristic,medium negative: sampled by documented SBERT v2 negative policy
sbert-v2-profile-05702,sbert-v2-job-013ffe191077eb0eb79c,0,silver_heuristic,medium negative: sampled by documented SBERT v2 negative policy
sbert-v2-profile-05702,sbert-v2-job-18eb4d570e6af527fae8,1,silver_heuristic,hard negative: sampled by documented SBERT v2 negative policy
sbert-v2-profile-05702,sbert-v2-job-05ec50cc626c23e638a3,1,silver_heuristic,hard negative: sampled by documented SBERT v2 negative policy
sbert-v2-profile-05702,sbert-v2-job-0ef54ffc1ad23ddc4c46,1,silver_heuristic,hard negative: sampled by documented SBERT v2 negative policy
sbert-v2-profile-05702,sbert-v2-job-0ccb1c19bad2534ffcbc,1,silver_heuristic,adversarial negative: sampled by documented SBERT v2 negative policy
sbert-v2-profile-05703,sbert-v2-job-05ec50cc626c23e638a3,3,silver_heuristic,"positive: domain, occupation group, and generated profile skill intent align"
sbert-v2-profile-05703,sbert-v2-job-0bfd98127a6eb344d65f,0,silver_heuristic,easy negative: sampled by documented SBERT v2 negative policy
sbert-v2-profile-05703,sbert-v2-job-01fd81ca008eaa0dce86,0,silver_heuristic,easy negative: sampled by documented SBERT v2 negative policy
sbert-v2-profile-05703,sbert-v2-job-03778ec6e7d3e73e11a0,0,silver_heuristic,medium negative: sampled by documented SBERT v2 negative policy
sbert-v2-profile-05703,sbert-v2-job-0d3d869a34a4bb2c28bb,0,silver_heuristic,medium negative: sampled by documented SBERT v2 negative policy
sbert-v2-profile-05703,sbert-v2-job-089a2d385d17d9b2b6df,0,silver_heuristic,medium negative: sampled by documented SBERT v2 negative policy
sbert-v2-profile-05703,sbert-v2-job-14f5ed38c4860e156444,1,silver_heuristic,hard negative: sampled by documented SBERT v2 negative policy
sbert-v2-profile-05703,sbert-v2-job-1898d771bd983a05dfdb,1,silver_heuristic,hard negative: sampled by documented SBERT v2 negative policy
sbert-v2-profile-05703,sbert-v2-job-152f220dc5ccea3947df,1,silver_heuristic,hard negative: sampled by documented SBERT v2 negative policy
sbert-v2-profile-05703,sbert-v2-job-042c60a5afefb3d5b737,1,silver_heuristic,adversarial negative: sampled by documented SBERT v2 negative policy
sbert-v2-profile-05704,sbert-v2-job-101ef11705002382e6d1,3,silver_heuristic,"positive: domain, occupation group, and generated profile skill intent align"
sbert-v2-profile-05704,sbert-v2-job-1185840302242ba3a9c6,0,silver_heuristic,easy negative: sampled by documented SBERT v2 negative policy
sbert-v2-profile-05704,sbert-v2-job-03bbb1e39544a538b25e,0,silver_heuristic,easy negative: sampled by documented SBERT v2 negative policy
sbert-v2-profile-05704,sbert-v2-job-105dbd20dd347f4f73ef,1,silver_heuristic,hard negative: sampled by documented SBERT v2 negative policy
sbert-v2-profile-05704,sbert-v2-job-14637dbff7229173d3a9,1,silver_heuristic,hard negative: sampled by documented SBERT v2 negative policy
sbert-v2-profile-05704,sbert-v2-job-12084fc98b2dbf783604,1,silver_heuristic,hard negative: sampled by documented SBERT v2 negative policy
sbert-v2-profile-05704,sbert-v2-job-0d13ec08734873b67047,1,silver_heuristic,adversarial negative: sampled by documented SBERT v2 negative policy
sbert-v2-profile-05705,sbert-v2-job-1886648ac00e204a8eee,3,silver_heuristic,"positive: domain, occupation group, and generated profile skill intent align"
sbert-v2-profile-05705,sbert-v2-job-0a8882e00ee95acbbdeb,0,silver_heuristic,easy negative: sampled by documented SBERT v2 negative policy
sbert-v2-profile-05705,sbert-v2-job-022e29578cb51a8b9326,0,silver_heuristic,easy negative: sampled by documented SBERT v2 negative policy
sbert-v2-profile-05705,sbert-v2-job-0fecac2130b8dbccbc55,1,silver_heuristic,hard negative: sampled by documented SBERT v2 negative policy
sbert-v2-profile-05705,sbert-v2-job-16486b6a48f5b497ff44,1,silver_heuristic,hard negative: sampled by documented SBERT v2 negative policy
sbert-v2-profile-05705,sbert-v2-job-0a2fa5db6a340f9a0f25,1,silver_heuristic,hard negative: sampled by documented SBERT v2 negative policy
sbert-v2-profile-05705,sbert-v2-job-07c3c55b42f5e6e968f2,1,silver_heuristic,adversarial negative: sampled by documented SBERT v2 negative policy
sbert-v2-profile-05706,sbert-v2-job-039f61100d00eb854718,3,silver_heuristic,"positive: domain, occupation group, and generated profile skill intent align"
sbert-v2-profile-05706,sbert-v2-job-04cd2a2be3d496e3bf85,0,silver_heuristic,easy negative: sampled by documented SBERT v2 negative policy
sbert-v2-profile-05706,sbert-v2-job-03d8aac10ef2795efe4b,0,silver_heuristic,easy negative: sampled by documented SBERT v2 negative policy
sbert-v2-profile-05706,sbert-v2-job-10ddd3c792db6203c8fb,1,silver_heuristic,adversarial negative: sampled by documented SBERT v2 negative policy
sbert-v2-profile-05707,sbert-v2-job-16cda2fac2024cb9a55e,3,silver_heuristic,"positive: domain, occupation group, and generated profile skill intent align"
sbert-v2-profile-05707,sbert-v2-job-11a90fca55d43eb62165,0,silver_heuristic,easy negative: sampled by documented SBERT v2 negative policy
sbert-v2-profile-05707,sbert-v2-job-14a6523bc5ed48b2f8b9,1,silver_heuristic,adversarial negative: sampled by documented SBERT v2 negative policy
sbert-v2-profile-05708,sbert-v2-job-0e49b43fa19e4d702649,3,silver_heuristic,"positive: domain, occupation group, and generated profile skill intent align"
sbert-v2-profile-05708,sbert-v2-job-02afd94458af30cb6306,1,silver_heuristic,adversarial negative: sampled by documented SBERT v2 negative policy
sbert-v2-profile-05709,sbert-v2-job-0f05d32172bbff192292,3,silver_heuristic,"positive: domain, occupation group, and generated profile skill intent align"
sbert-v2-profile-05709,sbert-v2-job-08c04757302de3a5d5a8,1,silver_heuristic,adversarial negative: sampled by documented SBERT v2 negative policy
sbert-v2-profile-05710,sbert-v2-job-0b6a6e441de7bf587c6f,3,silver_heuristic,"positive: domain, occupation group, and generated profile skill intent align"
sbert-v2-profile-05710,sbert-v2-job-032136c5147c9458e4d3,1,silver_heuristic,adversarial negative: sampled by documented SBERT v2 negative policy
sbert-v2-profile-05711,sbert-v2-job-04a3538b884db00fa9fb,3,silver_heuristic,"positive: domain, occupation group, and generated profile skill intent align"
sbert-v2-profile-05711,sbert-v2-job-1050df3e031c63e3ca8c,1,silver_heuristic,adversarial negative: sampled by documented SBERT v2 negative policy
sbert-v2-profile-05712,sbert-v2-job-0f41026bd1eee557f79f,3,silver_heuristic,"positive: domain, occupation group, and generated profile skill intent align"
sbert-v2-profile-05712,sbert-v2-job-055a29fb55751afdbb77,1,silver_heuristic,adversarial negative: sampled by documented SBERT v2 negative policy
sbert-v2-profile-05713,sbert-v2-job-04331b1077e7c75c7e48,3,silver_heuristic,"positive: domain, occupation group, and generated profile skill intent align"
sbert-v2-profile-05713,sbert-v2-job-09c600f44ef7246757bb,1,silver_heuristic,adversarial negative: sampled by documented SBERT v2 negative policy
sbert-v2-profile-05714,sbert-v2-job-1886648ac00e204a8eee,3,silver_heuristic,"positive: domain, occupation group, and generated profile skill intent align"
sbert-v2-profile-05714,sbert-v2-job-15e7f6dcd4f4a48458bf,1,silver_heuristic,adversarial negative: sampled by documented SBERT v2 negative policy
sbert-v2-profile-05715,sbert-v2-job-00559db19d7cc8676fb3,3,silver_heuristic,"positive: domain, occupation group, and generated profile skill intent align"
sbert-v2-profile-05716,sbert-v2-job-168e513817daf143181f,3,silver_heuristic,"positive: domain, occupation group, and generated profile skill intent align"
sbert-v2-profile-05717,sbert-v2-job-181247cda17121dcf22c,3,silver_heuristic,"positive: domain, occupation group, and generated profile skill intent align"
sbert-v2-profile-05718,sbert-v2-job-0618f86368c70c2c9662,3,silver_heuristic,"positive: domain, occupation group, and generated profile skill intent align"
sbert-v2-profile-05719,sbert-v2-job-0d3d869a34a4bb2c28bb,3,silver_heuristic,"positive: domain, occupation group, and generated profile skill intent align"
sbert-v2-profile-05720,sbert-v2-job-04c54b13b9ffbb1d16d6,3,silver_heuristic,"positive: domain, occupation group, and generated profile skill intent align"
sbert-v2-profile-05721,sbert-v2-job-11397bd1150abeddd6e2,3,silver_heuristic,"positive: domain, occupation group, and generated profile skill intent align"
sbert-v2-profile-05722,sbert-v2-job-15ab1e8b15838e47fa8d,3,silver_heuristic,"positive: domain, occupation group, and generated profile skill intent align"
sbert-v2-profile-05723,sbert-v2-job-1742d28195a0fd176b24,3,silver_heuristic,"positive: domain, occupation group, and generated profile skill intent align"
sbert-v2-profile-05724,sbert-v2-job-03778ec6e7d3e73e11a0,3,silver_heuristic,"positive: domain, occupation group, and generated profile skill intent align"
sbert-v2-profile-05725,sbert-v2-job-1087405a799cad6790ee,3,silver_heuristic,"positive: domain, occupation group, and generated profile skill intent align"
sbert-v2-profile-05726,sbert-v2-job-17862e3e3f741a4f0c6c,3,silver_heuristic,"positive: domain, occupation group, and generated profile skill intent align"
sbert-v2-profile-05727,sbert-v2-job-02248f309ec542c45148,3,silver_heuristic,"positive: domain, occupation group, and generated profile skill intent align"
sbert-v2-profile-05728,sbert-v2-job-17f0b2d3cc0142c13e52,3,silver_heuristic,"positive: domain, occupation group, and generated profile skill intent align"
sbert-v2-profile-05729,sbert-v2-job-165468375ea7d2029b0e,3,silver_heuristic,"positive: domain, occupation group, and generated profile skill intent align"
sbert-v2-profile-05730,sbert-v2-job-131426ac684bcbe05cf4,3,silver_heuristic,"positive: domain, occupation group, and generated profile skill intent align"
sbert-v2-profile-05731,sbert-v2-job-0ae61853a67cf10ef3ea,3,silver_heuristic,"positive: domain, occupation group, and generated profile skill intent align"
sbert-v2-profile-05732,sbert-v2-job-0f0df7332cb0acdb5afe,3,silver_heuristic,"positive: domain, occupation group, and generated profile skill intent align"
sbert-v2-profile-05733,sbert-v2-job-05b8f90f35e392daf3c4,3,silver_heuristic,"positive: domain, occupation group, and generated profile skill intent align"
sbert-v2-profile-05734,sbert-v2-job-1025940600c35b2ffd60,3,silver_heuristic,"positive: domain, occupation group, and generated profile skill intent align"
sbert-v2-profile-05735,sbert-v2-job-0510930ddb014bcb7fde,3,silver_heuristic,"positive: domain, occupation group, and generated profile skill intent align"
sbert-v2-profile-05736,sbert-v2-job-12065ba03514992f199d,3,silver_heuristic,"positive: domain, occupation group, and generated profile skill intent align"
sbert-v2-profile-05737,sbert-v2-job-1050df3e031c63e3ca8c,3,silver_heuristic,"positive: domain, occupation group, and generated profile skill intent align"
sbert-v2-profile-05738,sbert-v2-job-14e8d122cb1a58ad1413,3,silver_heuristic,"positive: domain, occupation group, and generated profile skill intent align"
sbert-v2-profile-05739,sbert-v2-job-0cd5b19dc3484e028d10,3,silver_heuristic,"positive: domain, occupation group, and generated profile skill intent align"
sbert-v2-profile-05740,sbert-v2-job-195dbf2b351a2dc35eeb,3,silver_heuristic,"positive: domain, occupation group, and generated profile skill intent align"
sbert-v2-profile-05741,sbert-v2-job-17309319310407c032d1,3,silver_heuristic,"positive: domain, occupation group, and generated profile skill intent align"
sbert-v2-profile-05742,sbert-v2-job-15e94fac6d7809b23ce7,3,silver_heuristic,"positive: domain, occupation group, and generated profile skill intent align"
sbert-v2-profile-05743,sbert-v2-job-03d2b0289409a6fcee22,3,silver_heuristic,"positive: domain, occupation group, and generated profile skill intent align"
sbert-v2-profile-05744,sbert-v2-job-108a20ad0a76663dd83c,3,silver_heuristic,"positive: domain, occupation group, and generated profile skill intent align"
sbert-v2-profile-05745,sbert-v2-job-11397bd1150abeddd6e2,3,silver_heuristic,"positive: domain, occupation group, and generated profile skill intent align"
sbert-v2-profile-05746,sbert-v2-job-15ab1e8b15838e47fa8d,3,silver_heuristic,"positive: domain, occupation group, and generated profile skill intent align"
sbert-v2-profile-05747,sbert-v2-job-1155673da1d996ff3783,3,silver_heuristic,"positive: domain, occupation group, and generated profile skill intent align"
sbert-v2-profile-05748,sbert-v2-job-03778ec6e7d3e73e11a0,3,silver_heuristic,"positive: domain, occupation group, and generated profile skill intent align"
sbert-v2-profile-05749,sbert-v2-job-1087405a799cad6790ee,3,silver_heuristic,"positive: domain, occupation group, and generated profile skill intent align"
sbert-v2-profile-05750,sbert-v2-job-08322ec1d711470fd5eb,3,silver_heuristic,"positive: domain, occupation group, and generated profile skill intent align"
sbert-v2-profile-05751,sbert-v2-job-028a10eddf1ae07f0465,3,silver_heuristic,"positive: domain, occupation group, and generated profile skill intent align"
sbert-v2-profile-05752,sbert-v2-job-158a2fc5b895f3c80065,3,silver_heuristic,"positive: domain, occupation group, and generated profile skill intent align"
sbert-v2-profile-05753,sbert-v2-job-03d2b0289409a6fcee22,3,silver_heuristic,"positive: domain, occupation group, and generated profile skill intent align"
sbert-v2-profile-05754,sbert-v2-job-11cbe8841c95141c2bfc,3,silver_heuristic,"positive: domain, occupation group, and generated profile skill intent align"
sbert-v2-profile-05755,sbert-v2-job-193bd0b988377072be8f,3,silver_heuristic,"positive: domain, occupation group, and generated profile skill intent align"
sbert-v2-profile-05756,sbert-v2-job-0a6b087093138b12feca,3,silver_heuristic,"positive: domain, occupation group, and generated profile skill intent align"
sbert-v2-profile-05757,sbert-v2-job-07c3c55b42f5e6e968f2,3,silver_heuristic,"positive: domain, occupation group, and generated profile skill intent align"
sbert-v2-profile-05758,sbert-v2-job-00162adbce088e31dd6a,3,silver_heuristic,"positive: domain, occupation group, and generated profile skill intent align"
sbert-v2-profile-05759,sbert-v2-job-0f5db8b28590142a5c34,3,silver_heuristic,"positive: domain, occupation group, and generated profile skill intent align"
sbert-v2-profile-05760,sbert-v2-job-043c18a86356ff268101,3,silver_heuristic,"positive: domain, occupation group, and generated profile skill intent align"
sbert-v2-profile-05761,sbert-v2-job-07dfe737e078ce02572a,3,silver_heuristic,"positive: domain, occupation group, and generated profile skill intent align"
sbert-v2-profile-05762,sbert-v2-job-0c19b968be50e2c18f4c,3,silver_heuristic,"positive: domain, occupation group, and generated profile skill intent align"
sbert-v2-profile-05763,sbert-v2-job-176bc4aa772d1d42638c,3,silver_heuristic,"positive: domain, occupation group, and generated profile skill intent align"
sbert-v2-profile-05764,sbert-v2-job-010fe4012d9473de2cee,3,silver_heuristic,"positive: domain, occupation group, and generated profile skill intent align"
sbert-v2-profile-05765,sbert-v2-job-032869f38652a6e83fe8,3,silver_heuristic,"positive: domain, occupation group, and generated profile skill intent align"
sbert-v2-profile-05766,sbert-v2-job-05e48f0890bb7b4a9271,3,silver_heuristic,"positive: domain, occupation group, and generated profile skill intent align"
sbert-v2-profile-05767,sbert-v2-job-0d95ec42cb9a216bc574,3,silver_heuristic,"positive: domain, occupation group, and generated profile skill intent align"
sbert-v2-profile-05768,sbert-v2-job-141c029a9a5172460857,3,silver_heuristic,"positive: domain, occupation group, and generated profile skill intent align"
sbert-v2-profile-05769,sbert-v2-job-1612c824efc2fb256256,3,silver_heuristic,"positive: domain, occupation group, and generated profile skill intent align"
sbert-v2-profile-05770,sbert-v2-job-15ab1e8b15838e47fa8d,3,silver_heuristic,"positive: domain, occupation group, and generated profile skill intent align"
sbert-v2-profile-05771,sbert-v2-job-1742d28195a0fd176b24,3,silver_heuristic,"positive: domain, occupation group, and generated profile skill intent align"
sbert-v2-profile-05772,sbert-v2-job-03778ec6e7d3e73e11a0,3,silver_heuristic,"positive: domain, occupation group, and generated profile skill intent align"
sbert-v2-profile-05773,sbert-v2-job-1087405a799cad6790ee,3,silver_heuristic,"positive: domain, occupation group, and generated profile skill intent align"
sbert-v2-profile-05774,sbert-v2-job-166fc7515fe4908995f6,3,silver_heuristic,"positive: domain, occupation group, and generated profile skill intent align"
sbert-v2-profile-05775,sbert-v2-job-08ca93f0f09a879ddffe,3,silver_heuristic,"positive: domain, occupation group, and generated profile skill intent align"
sbert-v2-profile-05776,sbert-v2-job-101ef11705002382e6d1,3,silver_heuristic,"positive: domain, occupation group, and generated profile skill intent align"
sbert-v2-profile-05777,sbert-v2-job-0ab246c4ecf9398f0bba,3,silver_heuristic,"positive: domain, occupation group, and generated profile skill intent align"
sbert-v2-profile-05778,sbert-v2-job-01b159094a91734c51d4,3,silver_heuristic,"positive: domain, occupation group, and generated profile skill intent align"
sbert-v2-profile-05779,sbert-v2-job-0e3e20f267e633ab6556,3,silver_heuristic,"positive: domain, occupation group, and generated profile skill intent align"
sbert-v2-profile-05780,sbert-v2-job-053312eaf6e938977f6f,3,silver_heuristic,"positive: domain, occupation group, and generated profile skill intent align"
sbert-v2-profile-05781,sbert-v2-job-0f258e4eba885ac835ed,3,silver_heuristic,"positive: domain, occupation group, and generated profile skill intent align"
sbert-v2-profile-05782,sbert-v2-job-03497ba2accb85549072,3,silver_heuristic,"positive: domain, occupation group, and generated profile skill intent align"
sbert-v2-profile-05783,sbert-v2-job-11ab6975e70978f761ec,3,silver_heuristic,"positive: domain, occupation group, and generated profile skill intent align"
sbert-v2-profile-05784,sbert-v2-job-0e7dcefa491748dd06c3,3,silver_heuristic,"positive: domain, occupation group, and generated profile skill intent align"
sbert-v2-profile-05785,sbert-v2-job-1546d3d97010b43f1f1b,3,silver_heuristic,"positive: domain, occupation group, and generated profile skill intent align"
sbert-v2-profile-05786,sbert-v2-job-18f4a90e6ffec739f013,3,silver_heuristic,"positive: domain, occupation group, and generated profile skill intent align"
sbert-v2-profile-05787,sbert-v2-job-07ad16549c1a692206d2,3,silver_heuristic,"positive: domain, occupation group, and generated profile skill intent align"
sbert-v2-profile-05788,sbert-v2-job-07c525828302c2c63b7d,3,silver_heuristic,"positive: domain, occupation group, and generated profile skill intent align"
sbert-v2-profile-05789,sbert-v2-job-11bd06dc1143aeadcb92,3,silver_heuristic,"positive: domain, occupation group, and generated profile skill intent align"
sbert-v2-profile-05880,sbert-v2-job-25c35d89073420133b22,3,silver_heuristic,"positive: domain, occupation group, and generated profile skill intent align"
sbert-v2-profile-05880,sbert-v2-job-a8a8477201b84be762c5,0,silver_heuristic,easy negative: sampled by documented SBERT v2 negative policy
sbert-v2-profile-05880,sbert-v2-job-d52fb43d0ed2662280db,0,silver_heuristic,easy negative: sampled by documented SBERT v2 negative policy
sbert-v2-profile-05880,sbert-v2-job-2af65dd47b3328dc6e25,0,silver_heuristic,medium negative: sampled by documented SBERT v2 negative policy
sbert-v2-profile-05880,sbert-v2-job-cee3df43b7833c4b2498,0,silver_heuristic,medium negative: sampled by documented SBERT v2 negative policy
sbert-v2-profile-05880,sbert-v2-job-9152d035a1fe589f526c,0,silver_heuristic,medium negative: sampled by documented SBERT v2 negative policy
sbert-v2-profile-05880,sbert-v2-job-bbe2555419eaacfe92c6,0,silver_heuristic,medium negative: sampled by documented SBERT v2 negative policy
sbert-v2-profile-05880,sbert-v2-job-8b3f857ea7257076e8cd,1,silver_heuristic,hard negative: sampled by documented SBERT v2 negative policy
sbert-v2-profile-05880,sbert-v2-job-f2e81cdbbda1cd737673,1,silver_heuristic,hard negative: sampled by documented SBERT v2 negative policy
sbert-v2-profile-05880,sbert-v2-job-96ec3afe6b74960ca2f6,1,silver_heuristic,hard negative: sampled by documented SBERT v2 negative policy
sbert-v2-profile-05880,sbert-v2-job-04d169c02e1886e96c34,1,silver_heuristic,adversarial negative: sampled by documented SBERT v2 negative policy
sbert-v2-profile-05881,sbert-v2-job-1a7a9ceabcfed4d055cf,3,silver_heuristic,"positive: domain, occupation group, and generated profile skill intent align"
sbert-v2-profile-05881,sbert-v2-job-827a35e552603ec8c19f,0,silver_heuristic,easy negative: sampled by documented SBERT v2 negative policy
sbert-v2-profile-05881,sbert-v2-job-b01edc1f51dcee19ab9f,0,silver_heuristic,easy negative: sampled by documented SBERT v2 negative policy
sbert-v2-profile-05881,sbert-v2-job-b8aee2f600548839302a,0,silver_heuristic,medium negative: sampled by documented SBERT v2 negative policy
sbert-v2-profile-05881,sbert-v2-job-577e8538b88bc6633c26,0,silver_heuristic,medium negative: sampled by documented SBERT v2 negative policy
sbert-v2-profile-05881,sbert-v2-job-938d4b7dfc4ece5d5441,0,silver_heuristic,medium negative: sampled by documented SBERT v2 negative policy
sbert-v2-profile-05881,sbert-v2-job-93af2df3a6c87ac2f516,0,silver_heuristic,medium negative: sampled by documented SBERT v2 negative policy
sbert-v2-profile-05881,sbert-v2-job-b70b765a8d9e9b1269a2,1,silver_heuristic,hard negative: sampled by documented SBERT v2 negative policy
sbert-v2-profile-05881,sbert-v2-job-bbe2555419eaacfe92c6,1,silver_heuristic,hard negative: sampled by documented SBERT v2 negative policy
sbert-v2-profile-05881,sbert-v2-job-1b0ae5cc253b5bd70079,1,silver_heuristic,hard negative: sampled by documented SBERT v2 negative policy
sbert-v2-profile-05881,sbert-v2-job-cc3c87311ab2b4d0bd5f,1,silver_heuristic,adversarial negative: sampled by documented SBERT v2 negative policy
sbert-v2-profile-05882,sbert-v2-job-5e5b531b15682a45efd4,3,silver_heuristic,"positive: domain, occupation group, and generated profile skill intent align"
sbert-v2-profile-05882,sbert-v2-job-d0ce95c63f7d407067d6,0,silver_heuristic,easy negative: sampled by documented SBERT v2 negative policy
sbert-v2-profile-05882,sbert-v2-job-6e57ba5fddf175b40f2f,0,silver_heuristic,easy negative: sampled by documented SBERT v2 negative policy
sbert-v2-profile-05882,sbert-v2-job-d52fb43d0ed2662280db,0,silver_heuristic,medium negative: sampled by documented SBERT v2 negative policy
sbert-v2-profile-05882,sbert-v2-job-5012a4061ed2e47bd5ad,0,silver_heuristic,medium negative: sampled by documented SBERT v2 negative policy
sbert-v2-profile-05882,sbert-v2-job-d5e2d4f4098e1b1b12ff,1,silver_heuristic,hard negative: sampled by documented SBERT v2 negative policy
sbert-v2-profile-05882,sbert-v2-job-9d35163d6ccdea073ce8,1,silver_heuristic,hard negative: sampled by documented SBERT v2 negative policy
sbert-v2-profile-05882,sbert-v2-job-f2e247dee209030defea,1,silver_heuristic,hard negative: sampled by documented SBERT v2 negative policy
sbert-v2-profile-05882,sbert-v2-job-35a32d433dbe3fe6f4dc,1,silver_heuristic,adversarial negative: sampled by documented SBERT v2 negative policy
sbert-v2-profile-05883,sbert-v2-job-8088afc45fe685e46d2a,3,silver_heuristic,"positive: domain, occupation group, and generated profile skill intent align"
sbert-v2-profile-05883,sbert-v2-job-0e726c735df45e10e47a,0,silver_heuristic,easy negative: sampled by documented SBERT v2 negative policy
sbert-v2-profile-05883,sbert-v2-job-6d118a4fdb122f2afc88,0,silver_heuristic,easy negative: sampled by documented SBERT v2 negative policy
sbert-v2-profile-05883,sbert-v2-job-93c16488a24210bb2f10,1,silver_heuristic,hard negative: sampled by documented SBERT v2 negative policy
sbert-v2-profile-05883,sbert-v2-job-558d1289e7a3d60bcead,1,silver_heuristic,adversarial negative: sampled by documented SBERT v2 negative policy
sbert-v2-profile-05884,sbert-v2-job-132f46dbf2cdce37a79b,3,silver_heuristic,"positive: domain, occupation group, and generated profile skill intent align"
sbert-v2-profile-05884,sbert-v2-job-b01edc1f51dcee19ab9f,0,silver_heuristic,easy negative: sampled by documented SBERT v2 negative policy
sbert-v2-profile-05884,sbert-v2-job-df407b63dd61e55004a4,0,silver_heuristic,easy negative: sampled by documented SBERT v2 negative policy
sbert-v2-profile-05884,sbert-v2-job-899906e21e4a3c4de25b,1,silver_heuristic,adversarial negative: sampled by documented SBERT v2 negative policy
sbert-v2-profile-05885,sbert-v2-job-6a383490c59123432fd9,3,silver_heuristic,"positive: domain, occupation group, and generated profile skill intent align"
sbert-v2-profile-05885,sbert-v2-job-65289fe2f1a0b7edf8a5,1,silver_heuristic,adversarial negative: sampled by documented SBERT v2 negative policy
sbert-v2-profile-05886,sbert-v2-job-47c597b792bc3e9e84af,3,silver_heuristic,"positive: domain, occupation group, and generated profile skill intent align"
sbert-v2-profile-05886,sbert-v2-job-df407b63dd61e55004a4,1,silver_heuristic,adversarial negative: sampled by documented SBERT v2 negative policy
sbert-v2-profile-05887,sbert-v2-job-bb34680194b4504931ae,3,silver_heuristic,"positive: domain, occupation group, and generated profile skill intent align"
sbert-v2-profile-05887,sbert-v2-job-5390ad1ee84051ff6017,1,silver_heuristic,adversarial negative: sampled by documented SBERT v2 negative policy
sbert-v2-profile-05888,sbert-v2-job-ccc4662507b27ff4f501,3,silver_heuristic,"positive: domain, occupation group, and generated profile skill intent align"
sbert-v2-profile-05888,sbert-v2-job-6b50ac36797eee7145bf,1,silver_heuristic,adversarial negative: sampled by documented SBERT v2 negative policy
sbert-v2-profile-05889,sbert-v2-job-e68de7452a4d50d1b871,3,silver_heuristic,"positive: domain, occupation group, and generated profile skill intent align"
sbert-v2-profile-05889,sbert-v2-job-8150b8aebe8d148cb53c,1,silver_heuristic,adversarial negative: sampled by documented SBERT v2 negative policy
sbert-v2-profile-05890,sbert-v2-job-1c4c5fece4f7a26e8b77,3,silver_heuristic,"positive: domain, occupation group, and generated profile skill intent align"
sbert-v2-profile-05891,sbert-v2-job-fb0f496c153db8a6ce82,3,silver_heuristic,"positive: domain, occupation group, and generated profile skill intent align"
sbert-v2-profile-05892,sbert-v2-job-c8f00d3dc3282b466dd7,3,silver_heuristic,"positive: domain, occupation group, and generated profile skill intent align"
sbert-v2-profile-05893,sbert-v2-job-d360a550fce89c901960,3,silver_heuristic,"positive: domain, occupation group, and generated profile skill intent align"
sbert-v2-profile-05894,sbert-v2-job-10de25edc1517aed5b7d,3,silver_heuristic,"positive: domain, occupation group, and generated profile skill intent align"
sbert-v2-profile-05895,sbert-v2-job-b2681c2fdebbb4e8928d,3,silver_heuristic,"positive: domain, occupation group, and generated profile skill intent align"
sbert-v2-profile-05896,sbert-v2-job-bba19d26d6fc6ef110f1,3,silver_heuristic,"positive: domain, occupation group, and generated profile skill intent align"
sbert-v2-profile-05897,sbert-v2-job-5f1a1b9099333af2fd2f,3,silver_heuristic,"positive: domain, occupation group, and generated profile skill intent align"
sbert-v2-profile-05898,sbert-v2-job-7de00bae7fd9b344c0e2,3,silver_heuristic,"positive: domain, occupation group, and generated profile skill intent align"
sbert-v2-profile-05899,sbert-v2-job-52787397fef5e8b48ab8,3,silver_heuristic,"positive: domain, occupation group, and generated profile skill intent align"
sbert-v2-profile-05900,sbert-v2-job-503e8a59f254b921b779,3,silver_heuristic,"positive: domain, occupation group, and generated profile skill intent align"
sbert-v2-profile-05901,sbert-v2-job-d806bb1a3063bb1834a0,3,silver_heuristic,"positive: domain, occupation group, and generated profile skill intent align"
sbert-v2-profile-05902,sbert-v2-job-634534be7dcc6d393c7d,3,silver_heuristic,"positive: domain, occupation group, and generated profile skill intent align"
sbert-v2-profile-05903,sbert-v2-job-52787397fef5e8b48ab8,3,silver_heuristic,"positive: domain, occupation group, and generated profile skill intent align"
sbert-v2-profile-05904,sbert-v2-job-d44d32e704ecc6dd9245,3,silver_heuristic,"positive: domain, occupation group, and generated profile skill intent align"
sbert-v2-profile-05905,sbert-v2-job-24d6f9bcb9d18b70d14e,3,silver_heuristic,"positive: domain, occupation group, and generated profile skill intent align"
sbert-v2-profile-05906,sbert-v2-job-68e68a6727852e234002,3,silver_heuristic,"positive: domain, occupation group, and generated profile skill intent align"
sbert-v2-profile-05907,sbert-v2-job-2fefb66df7bc8fb46a6e,3,silver_heuristic,"positive: domain, occupation group, and generated profile skill intent align"
sbert-v2-profile-05908,sbert-v2-job-2af65dd47b3328dc6e25,3,silver_heuristic,"positive: domain, occupation group, and generated profile skill intent align"
sbert-v2-profile-05909,sbert-v2-job-7c16fd89d5b5b7033397,3,silver_heuristic,"positive: domain, occupation group, and generated profile skill intent align"
sbert-v2-profile-05910,sbert-v2-job-dcb331bc46af68b7e46b,3,silver_heuristic,"positive: domain, occupation group, and generated profile skill intent align"
sbert-v2-profile-05911,sbert-v2-job-0a243ff05892c317638c,3,silver_heuristic,"positive: domain, occupation group, and generated profile skill intent align"
sbert-v2-profile-05912,sbert-v2-job-35f136dc018fc237bf3b,3,silver_heuristic,"positive: domain, occupation group, and generated profile skill intent align"
sbert-v2-profile-05913,sbert-v2-job-0ae469bf9fc251d8b3bc,3,silver_heuristic,"positive: domain, occupation group, and generated profile skill intent align"
sbert-v2-profile-05914,sbert-v2-job-f1cbb1e9d37e9e7b560d,3,silver_heuristic,"positive: domain, occupation group, and generated profile skill intent align"
sbert-v2-profile-05915,sbert-v2-job-1a5eb87caf4298d9ee20,3,silver_heuristic,"positive: domain, occupation group, and generated profile skill intent align"
sbert-v2-profile-05916,sbert-v2-job-c8f00d3dc3282b466dd7,3,silver_heuristic,"positive: domain, occupation group, and generated profile skill intent align"
sbert-v2-profile-05917,sbert-v2-job-e792fc8726a2f40138bb,3,silver_heuristic,"positive: domain, occupation group, and generated profile skill intent align"
sbert-v2-profile-05918,sbert-v2-job-d8701725376abd9ef6ed,3,silver_heuristic,"positive: domain, occupation group, and generated profile skill intent align"
sbert-v2-profile-05919,sbert-v2-job-b2681c2fdebbb4e8928d,3,silver_heuristic,"positive: domain, occupation group, and generated profile skill intent align"
